CustomerID,Country,Recency,Frequency,Monetary,R,F,M,Segment
12346.0,United Kingdom,326,1,77183.6,1,1,4,Perdus
12347.0,Iceland,2,7,4310.0,4,4,4,Champions
12348.0,Finland,75,4,1797.24,2,3,4,Fideles
12349.0,Italy,19,1,1757.55,3,1,4,Reguliers
12350.0,Norway,310,1,334.4,1,1,2,Perdus
12352.0,Norway,36,8,2506.04,3,4,4,Fideles
12353.0,Bahrain,204,1,89.0,1,1,1,Perdus
12354.0,Spain,232,1,1079.4,1,1,3,Perdus
12355.0,Bahrain,214,1,459.4,1,1,2,Perdus
12356.0,Portugal,23,3,2811.43,3,3,4,Fideles
12357.0,Switzerland,33,1,6207.67,3,1,4,Reguliers
12358.0,Austria,2,2,1168.06,4,2,3,Nouveaux
12359.0,Cyprus,58,4,6372.58,2,3,4,Fideles
12360.0,Austria,52,3,2662.06,2,3,4,Fideles
12361.0,Belgium,287,1,189.9,1,1,1,Perdus
12362.0,Belgium,3,10,5226.23,4,4,4,Champions
12363.0,Unspecified,110,2,552.0,2,2,2,Perdus
12364.0,Belgium,8,4,1313.1,4,3,3,Fideles
12365.0,Cyprus,291,2,641.38,1,2,2,Perdus
12367.0,Denmark,4,1,168.9,4,1,1,Nouveaux
12370.0,Cyprus,51,4,3545.69,3,3,4,Fideles
12371.0,Switzerland,45,2,1887.96,3,2,4,Reguliers
12372.0,Denmark,72,3,1298.04,2,3,3,Fideles
12373.0,Austria,311,1,364.6,1,1,2,Perdus
12374.0,Austria,25,1,742.93,3,1,3,Reguliers
12375.0,Finland,11,2,457.5,4,2,2,Nouveaux
12377.0,Switzerland,315,2,1628.12,1,2,3,Perdus
12378.0,Switzerland,130,1,4008.62,2,1,4,Perdus
12379.0,Belgium,82,2,852.24,2,2,3,Perdus
12380.0,Belgium,22,4,2724.81,3,3,4,Fideles
12381.0,Norway,5,5,1845.31,4,3,4,Fideles
12383.0,Belgium,185,5,1850.56,1,3,4,Fideles
12384.0,Switzerland,29,2,585.27,3,2,2,Reguliers
12386.0,Australia,338,2,401.9,1,2,2,Perdus
12388.0,Australia,16,6,2780.66,4,4,4,Champions
12390.0,Belgium,80,1,549.84,2,1,2,Perdus
12391.0,Cyprus,22,1,460.89,3,1,2,Reguliers
12393.0,Australia,72,4,1582.6,2,3,3,Fideles
12394.0,Belgium,64,2,1272.48,2,2,3,Perdus
12395.0,Belgium,19,12,3018.63,3,4,4,Fideles
12397.0,Belgium,36,2,2409.9,3,2,4,Reguliers
12398.0,Switzerland,46,1,1635.66,3,1,3,Reguliers
12399.0,Belgium,119,4,1108.65,2,3,3,Fideles
12401.0,Belgium,303,1,84.3,1,1,1,Perdus
12402.0,Belgium,323,1,225.6,1,1,1,Perdus
12403.0,Denmark,50,1,427.7,3,1,2,Reguliers
12405.0,Finland,149,1,1710.39,1,1,4,Perdus
12406.0,Denmark,22,2,3415.3,3,2,4,Reguliers
12407.0,Belgium,50,5,1708.12,3,3,4,Fideles
12408.0,Belgium,33,5,2888.55,3,3,4,Fideles
12409.0,Switzerland,79,3,11072.67,2,3,4,Fideles
12410.0,Switzerland,309,2,693.33,1,2,3,Perdus
12412.0,Denmark,75,3,1226.88,2,3,3,Fideles
12413.0,France,67,3,758.1,2,3,3,Fideles
12414.0,Austria,217,3,562.41,1,3,2,A risque
12415.0,Australia,24,21,124914.53,3,4,4,Fideles
12417.0,Belgium,3,9,3649.1,4,4,4,Champions
12418.0,Switzerland,113,1,668.58,2,1,2,Perdus
12420.0,Cyprus,64,1,600.39,2,1,2,Perdus
12421.0,Spain,16,4,807.04,4,3,3,Fideles
12422.0,Australia,96,3,803.56,2,3,3,Fideles
12423.0,Belgium,1,8,1859.31,4,4,4,Champions
12424.0,Australia,163,2,1760.96,1,2,4,Perdus
12425.0,Portugal,78,1,777.2,2,1,3,Perdus
12426.0,Germany,195,1,582.73,1,1,2,Perdus
12427.0,Germany,22,3,825.8,3,3,3,Fideles
12428.0,Finland,26,9,7956.46,3,4,4,Fideles
12429.0,Denmark,9,4,3750.4,4,3,4,Fideles
12430.0,Norway,43,1,256.4,3,1,1,Reguliers
12431.0,Australia,36,15,6487.45,3,4,4,Fideles
12432.0,Norway,43,5,5059.32,3,3,4,Fideles
12433.0,Norway,1,7,13375.87,4,4,4,Champions
12434.0,Australia,85,2,806.14,2,2,3,Perdus
12435.0,Denmark,80,2,7829.89,2,2,4,Perdus
12436.0,Norway,100,1,509.01,2,1,2,Perdus
12437.0,France,2,18,4951.41,4,4,4,Champions
12438.0,Norway,14,2,2906.85,4,2,4,Nouveaux
12441.0,France,367,1,173.55,1,1,1,Perdus
12442.0,Spain,3,1,172.06,4,1,1,Nouveaux
12444.0,Norway,21,5,5005.46,3,3,4,Fideles
12445.0,Spain,22,1,133.4,3,1,1,Reguliers
12446.0,RSA,58,1,1002.31,2,1,3,Perdus
12447.0,Belgium,243,1,476.49,1,1,2,Perdus
12448.0,Spain,44,1,449.45,3,1,2,Reguliers
12449.0,Belgium,22,4,4067.29,3,3,4,Fideles
12450.0,Spain,156,2,197.88,1,2,1,Perdus
12451.0,Switzerland,11,5,9035.52,4,3,4,Fideles
12452.0,Switzerland,17,2,430.57,4,2,2,Nouveaux
12453.0,Austria,134,1,707.09,2,1,3,Perdus
12454.0,Spain,56,1,3528.34,2,1,4,Perdus
12455.0,Cyprus,73,6,2466.86,2,4,4,Fideles
12456.0,Switzerland,44,3,3181.04,3,3,4,Fideles
12457.0,Switzerland,66,7,2363.23,2,4,4,Fideles
12458.0,Switzerland,71,2,947.4,2,2,3,Perdus
12461.0,Switzerland,94,2,826.88,2,2,3,Perdus
12462.0,Spain,19,2,1189.59,3,2,3,Reguliers
12463.0,Belgium,53,4,1344.78,2,3,3,Fideles
12464.0,Belgium,10,8,1212.05,4,4,3,Fideles
12465.0,Belgium,17,2,742.19,4,2,3,Nouveaux
12468.0,Germany,188,2,729.54,1,2,3,Perdus
12471.0,Germany,2,30,19824.05,4,4,4,Champions
12472.0,Germany,32,7,6572.11,3,4,4,Fideles
12473.0,Germany,29,5,3938.55,3,3,4,Fideles
12474.0,Germany,17,18,7375.79,4,4,4,Champions
12475.0,Germany,54,1,723.38,2,1,3,Perdus
12476.0,Germany,16,11,6816.42,4,4,4,Champions
12477.0,Germany,23,6,13219.74,3,4,4,Fideles
12478.0,Greece,4,1,680.99,4,1,3,Nouveaux
12479.0,Germany,11,1,527.2,4,1,2,Nouveaux
12480.0,Germany,28,4,3281.63,3,3,4,Fideles
12481.0,Germany,23,10,5596.32,3,4,4,Fideles
12483.0,Sweden,17,8,2484.98,4,4,4,Champions
12484.0,Spain,33,6,4541.72,3,4,4,Fideles
12488.0,France,10,3,1298.66,4,3,3,Fideles
12489.0,France,336,1,334.93,1,1,2,Perdus
12490.0,France,5,10,5417.93,4,4,4,Champions
12491.0,France,39,1,460.4,3,1,2,Reguliers
12492.0,Germany,63,2,263.21,2,2,1,Perdus
12493.0,France,166,2,433.74,1,2,2,Perdus
12494.0,France,16,7,1246.1,4,4,3,Fideles
12497.0,Germany,82,1,1043.1,2,1,3,Perdus
12498.0,Germany,21,3,403.7,3,3,2,Reguliers
12500.0,Germany,23,11,4257.82,3,4,4,Fideles
12501.0,Germany,337,1,2169.39,1,1,4,Perdus
12502.0,Spain,96,5,3723.87,2,3,4,Fideles
12504.0,Germany,18,2,482.05,4,2,2,Nouveaux
12506.0,France,233,1,73.5,1,1,1,Perdus
12507.0,Spain,134,3,1304.81,2,3,3,Fideles
12508.0,France,26,2,398.27,3,2,2,Reguliers
12509.0,France,284,1,176.5,1,1,1,Perdus
12510.0,Spain,143,2,982.57,1,2,3,Perdus
12512.0,Israel,66,2,138.03,2,2,1,Perdus
12513.0,France,113,1,612.29,2,1,2,Perdus
12514.0,Italy,267,1,1017.68,1,1,3,Perdus
12515.0,Italy,353,1,383.7,1,1,2,Perdus
12516.0,Germany,78,2,1312.06,2,2,3,Perdus
12517.0,Germany,28,5,2502.84,3,3,4,Fideles
12518.0,Germany,1,5,2056.89,4,3,4,Fideles
12519.0,Germany,64,1,340.84,2,1,2,Perdus
12520.0,Germany,79,5,2634.26,2,3,4,Fideles
12521.0,Germany,143,1,599.68,1,1,2,Perdus
12522.0,Germany,39,2,192.72,3,2,1,Reguliers
12523.0,France,19,11,1789.77,3,4,4,Fideles
12524.0,Germany,9,8,4485.72,4,4,4,Champions
12526.0,Germany,1,3,1316.66,4,3,3,Fideles
12527.0,Germany,82,3,348.71,2,3,2,A risque
12528.0,Germany,9,6,1933.48,4,4,4,Champions
12530.0,Germany,60,4,1662.28,2,3,4,Fideles
12531.0,Germany,15,1,125.22,4,1,1,Nouveaux
12532.0,France,30,1,349.83,3,1,2,Reguliers
12534.0,Germany,131,1,1089.18,2,1,3,Perdus
12535.0,France,92,2,716.35,2,2,3,Perdus
12536.0,France,43,3,12601.83,3,3,4,Fideles
12538.0,Spain,29,1,363.95,3,1,2,Reguliers
12539.0,Spain,22,4,5568.35,3,3,4,Fideles
12540.0,Spain,20,17,13400.24,3,4,4,Fideles
12541.0,Spain,30,3,981.18,3,3,3,Fideles
12544.0,Spain,36,1,372.7,3,1,2,Reguliers
12545.0,Spain,75,2,1000.39,2,2,3,Perdus
12546.0,Spain,47,2,1161.5,3,2,3,Reguliers
12547.0,Spain,198,2,207.8,1,2,1,Perdus
12548.0,Spain,166,1,95.2,1,1,1,Perdus
12550.0,Spain,79,1,964.83,2,1,3,Perdus
12551.0,Spain,358,1,168.0,1,1,1,Perdus
12552.0,Italy,39,2,437.82,3,2,2,Reguliers
12553.0,France,8,10,3692.28,4,4,4,Champions
12556.0,Spain,50,2,603.71,3,2,2,Reguliers
12557.0,Spain,16,5,11990.96,4,3,4,Fideles
12558.0,USA,8,1,269.96,4,1,1,Nouveaux
12559.0,Germany,311,2,561.71,1,2,2,Perdus
12560.0,Germany,5,3,2134.01,4,3,4,Fideles
12561.0,Germany,303,1,238.85,1,1,1,Perdus
12562.0,France,8,7,3781.74,4,4,4,Champions
12564.0,France,261,1,456.9,1,1,2,Perdus
12565.0,Saudi Arabia,289,1,145.92,1,1,1,Perdus
12566.0,Germany,86,1,351.65,2,1,2,Perdus
12567.0,France,23,10,9401.28,3,4,4,Fideles
12569.0,Germany,2,32,4124.69,4,4,4,Champions
12571.0,France,40,2,519.61,3,2,2,Reguliers
12572.0,Germany,9,2,1020.42,4,2,3,Nouveaux
12573.0,France,227,1,160.54,1,1,1,Perdus
12574.0,France,316,1,218.45,1,1,1,Perdus
12576.0,Poland,36,5,1315.83,3,3,3,Fideles
12577.0,France,35,3,657.8,3,3,2,Reguliers
12578.0,Italy,21,2,2794.51,3,2,4,Reguliers
12579.0,France,78,1,440.42,2,1,2,Perdus
12580.0,Germany,247,1,415.7,1,1,2,Perdus
12581.0,Germany,40,1,197.71,3,1,1,Reguliers
12582.0,Finland,239,2,511.36,1,2,2,Perdus
12583.0,France,3,15,7281.38,4,4,4,Champions
12584.0,Italy,4,9,2338.15,4,4,4,Champions
12585.0,Germany,234,2,2040.1,1,2,4,Perdus
12586.0,Italy,17,1,196.94,4,1,1,Nouveaux
12587.0,Finland,8,1,144.0,4,1,1,Nouveaux
12588.0,Finland,39,1,214.9,3,1,1,Reguliers
12589.0,France,29,2,646.68,3,2,2,Reguliers
12590.0,Germany,211,2,9864.26,1,2,4,Perdus
12591.0,Italy,317,1,452.85,1,1,2,Perdus
12592.0,Germany,92,2,437.6,2,2,2,Perdus
12593.0,France,109,3,418.1,2,3,2,A risque
12594.0,Italy,38,10,3338.22,3,4,4,Fideles
12596.0,Spain,51,2,618.27,3,2,2,Reguliers
12597.0,Spain,19,4,3811.22,3,3,4,Fideles
12598.0,France,10,8,3023.08,4,4,4,Champions
12599.0,France,29,7,1032.58,3,4,3,Fideles
12600.0,Germany,29,10,2599.04,3,4,4,Fideles
12601.0,Germany,190,5,577.06,1,3,2,A risque
12602.0,France,59,1,153.12,2,1,1,Perdus
12603.0,Germany,22,1,739.2,3,1,3,Reguliers
12604.0,France,79,2,254.18,2,2,1,Perdus
12607.0,USA,60,1,1579.51,2,1,3,Perdus
12609.0,Germany,78,3,1126.85,2,3,3,Fideles
12610.0,Italy,23,5,2099.54,3,3,4,Fideles
12611.0,Italy,52,1,1193.32,2,1,3,Perdus
12612.0,Germany,74,1,704.04,2,1,3,Perdus
12613.0,Germany,57,5,3344.38,2,3,4,Fideles
12614.0,Germany,278,1,315.6,1,1,2,Perdus
12615.0,France,2,4,2291.19,4,3,4,Fideles
12616.0,France,95,2,713.3,2,2,3,Perdus
12617.0,France,29,1,355.53,3,1,2,Reguliers
12618.0,Italy,22,1,177.31,3,1,1,Reguliers
12619.0,Germany,16,9,3641.24,4,4,4,Champions
12620.0,France,15,3,1339.41,4,3,3,Fideles
12621.0,Germany,2,20,13689.67,4,4,4,Champions
12622.0,Germany,232,1,180.1,1,1,1,Perdus
12623.0,Germany,276,1,305.1,1,1,1,Perdus
12624.0,France,106,2,641.13,2,2,2,Perdus
12625.0,Germany,212,2,2683.82,1,2,4,Perdus
12626.0,Germany,23,9,6620.48,3,4,4,Fideles
12627.0,Germany,11,7,4478.53,4,4,4,Champions
12628.0,Germany,4,3,786.46,4,3,3,Fideles
12630.0,Finland,10,2,1270.88,4,2,3,Nouveaux
12631.0,Finland,57,1,640.5,2,1,2,Perdus
12633.0,Germany,59,4,2163.98,2,3,4,Fideles
12635.0,Germany,90,2,1689.18,2,2,4,Perdus
12637.0,France,67,8,6021.9,2,4,4,Fideles
12638.0,Sweden,33,1,671.69,3,1,2,Reguliers
12639.0,Sweden,239,1,486.1,1,1,2,Perdus
12640.0,France,24,3,1174.58,3,3,3,Fideles
12641.0,Sweden,115,1,185.9,2,1,1,Perdus
12642.0,Germany,25,3,1013.26,3,3,3,Fideles
12643.0,France,128,6,3344.64,2,4,4,Fideles
12644.0,Germany,130,1,477.91,2,1,2,Perdus
12645.0,Germany,34,4,1775.18,3,3,4,Fideles
12646.0,USA,5,2,1346.97,4,2,3,Nouveaux
12647.0,Germany,22,12,3722.82,3,4,4,Fideles
12648.0,Germany,155,1,318.05,1,1,2,Perdus
12649.0,Germany,107,3,623.51,2,3,2,A risque
12650.0,France,3,1,314.44,4,1,2,Nouveaux
12651.0,France,335,1,114.0,1,1,1,Perdus
12652.0,France,331,1,919.98,1,1,3,Perdus
12653.0,Israel,149,2,2209.85,1,2,4,Perdus
12654.0,Germany,11,5,601.98,4,3,2,Reguliers
12656.0,France,17,5,4051.17,4,3,4,Fideles
12657.0,France,11,4,1643.18,4,3,3,Fideles
12658.0,Germany,19,1,686.05,3,1,3,Reguliers
12659.0,France,30,1,91.68,3,1,1,Reguliers
12660.0,France,11,1,245.1,4,1,1,Nouveaux
12662.0,Germany,1,11,3849.78,4,4,4,Champions
12664.0,Finland,8,9,4881.88,4,4,4,Champions
12665.0,Germany,325,1,63.0,1,1,1,Perdus
12667.0,Finland,58,1,620.13,2,1,2,Perdus
12668.0,Germany,12,4,3807.15,4,3,4,Fideles
12669.0,France,151,3,2744.03,1,3,4,Fideles
12670.0,France,10,5,2996.05,4,3,4,Fideles
12672.0,France,330,1,225.9,1,1,1,Perdus
12673.0,Germany,5,2,610.52,4,2,2,Nouveaux
12674.0,France,39,4,1970.6,3,3,4,Fideles
12676.0,Sweden,25,6,1331.39,3,4,3,Fideles
12678.0,France,42,12,17628.46,3,4,4,Fideles
12679.0,France,59,4,1113.02,2,3,3,Fideles
12680.0,France,1,4,862.81,4,3,3,Fideles
12681.0,France,15,22,13787.54,4,4,4,Champions
12682.0,France,4,31,12288.22,4,4,4,Champions
12683.0,France,4,15,8476.57,4,4,4,Champions
12684.0,France,8,7,2283.63,4,4,4,Champions
12685.0,France,28,6,2863.08,3,4,4,Fideles
12686.0,France,372,1,89.14,1,1,1,Perdus
12688.0,Israel,114,1,4873.81,2,1,4,Perdus
12689.0,France,26,2,1247.61,3,2,3,Reguliers
12690.0,France,206,1,389.01,1,1,2,Perdus
12691.0,France,28,6,1035.8,3,4,3,Fideles
12693.0,Germany,127,4,855.91,2,3,3,Fideles
12694.0,France,70,2,869.67,2,2,3,Perdus
12695.0,France,7,4,582.1,4,3,2,Reguliers
12697.0,Sweden,29,3,957.59,3,3,3,Fideles
12700.0,France,8,4,4939.99,4,3,4,Fideles
12701.0,Germany,80,2,797.71,2,2,3,Perdus
12702.0,Germany,20,1,219.0,3,1,1,Reguliers
12703.0,Germany,71,1,283.55,2,1,1,Perdus
12704.0,Finland,7,8,2340.84,4,4,4,Champions
12705.0,Germany,15,9,6868.29,4,4,4,Champions
12707.0,France,292,1,603.42,1,1,2,Perdus
12708.0,Germany,30,10,2712.91,3,4,4,Fideles
12709.0,Germany,15,15,9736.52,4,4,4,Champions
12710.0,Germany,97,3,1149.02,2,3,3,Fideles
12712.0,Germany,29,13,4396.13,3,4,4,Fideles
12713.0,Germany,1,1,848.55,4,1,3,Nouveaux
12714.0,France,9,5,4708.86,4,3,4,Fideles
12715.0,Sweden,106,1,353.86,2,1,2,Perdus
12716.0,France,4,2,1053.49,4,2,3,Nouveaux
12717.0,Greece,151,2,1030.98,1,2,3,Perdus
12718.0,France,71,1,238.25,2,1,1,Perdus
12719.0,France,5,2,644.95,4,2,2,Nouveaux
12720.0,Germany,3,25,5781.73,4,4,4,Champions
12721.0,France,32,6,2656.13,3,4,4,Fideles
12722.0,France,85,4,997.63,2,3,3,Fideles
12723.0,France,4,5,725.07,4,3,3,Fideles
12724.0,France,5,4,1031.41,4,3,3,Fideles
12725.0,Italy,371,1,427.8,1,1,2,Perdus
12726.0,France,28,7,2609.1,3,4,4,Fideles
12727.0,France,11,7,3980.7,4,4,4,Champions
12728.0,France,71,4,836.33,2,3,3,Fideles
12729.0,France,114,1,453.01,2,1,2,Perdus
12731.0,France,24,12,18895.91,3,4,4,Fideles
12732.0,France,180,1,236.26,1,1,1,Perdus
12733.0,USA,234,1,383.95,1,1,2,Perdus
12734.0,France,353,1,110.4,1,1,1,Perdus
12735.0,France,315,2,779.57,1,2,3,Perdus
12736.0,France,333,1,234.0,1,1,1,Perdus
12738.0,Germany,372,1,155.35,1,1,1,Perdus
12739.0,United Arab Emirates,78,2,1013.04,2,2,3,Perdus
12740.0,France,64,1,427.6,2,1,2,Perdus
12743.0,Unspecified,134,2,546.43,2,2,2,Perdus
12744.0,Singapore,52,7,21279.29,2,4,4,Fideles
12747.0,United Kingdom,2,11,4196.01,4,4,4,Champions
12748.0,United Kingdom,1,209,33719.73,4,4,4,Champions
12749.0,United Kingdom,4,5,4090.88,4,3,4,Fideles
12750.0,Poland,129,1,275.88,2,1,1,Perdus
12752.0,Norway,81,1,4366.78,2,1,4,Perdus
12753.0,Japan,23,6,21429.39,3,4,4,Fideles
12754.0,Japan,236,3,3010.74,1,3,4,Fideles
12755.0,Japan,281,2,3811.95,1,2,4,Perdus
12756.0,Japan,87,1,112.08,2,1,1,Perdus
12757.0,Portugal,16,13,7857.1,4,4,4,Champions
12758.0,Portugal,117,2,2791.59,2,2,4,Perdus
12759.0,Netherlands,52,3,1531.44,2,3,3,Fideles
12762.0,Portugal,8,2,1898.52,4,2,4,Nouveaux
12763.0,Japan,138,2,494.08,2,2,2,Perdus
12764.0,Lebanon,317,1,1693.88,1,1,4,Perdus
12766.0,Portugal,4,7,6989.63,4,4,4,Champions
12769.0,Brazil,239,1,1143.6,1,1,3,Perdus
12770.0,Japan,211,1,1351.45,1,1,3,Perdus
12772.0,Portugal,60,1,892.47,2,1,3,Perdus
12775.0,Netherlands,17,5,1386.04,4,3,3,Fideles
12778.0,Netherlands,20,6,822.23,3,4,3,Fideles
12779.0,Poland,38,8,3981.36,3,4,4,Fideles
12781.0,Czech Republic,64,2,826.74,2,2,3,Perdus
12782.0,Portugal,5,5,2330.92,4,3,4,Fideles
12783.0,Portugal,2,6,2225.91,4,4,4,Champions
12784.0,Portugal,9,2,574.42,4,2,2,Nouveaux
12785.0,Portugal,364,1,311.95,1,1,2,Perdus
12787.0,Netherlands,10,3,463.66,4,3,2,Reguliers
12789.0,Netherlands,65,1,91.85,2,1,1,Perdus
12790.0,Netherlands,192,1,324.92,1,1,2,Perdus
12791.0,Netherlands,374,1,192.6,1,1,1,Perdus
12792.0,Portugal,257,1,400.54,1,1,2,Perdus
12793.0,Portugal,335,2,545.48,1,2,2,Perdus
12794.0,Portugal,53,2,860.41,2,2,3,Perdus
12795.0,Portugal,19,1,430.48,3,1,2,Reguliers
12797.0,Portugal,366,1,254.03,1,1,1,Perdus
12798.0,Japan,10,3,6977.04,4,3,4,Fideles
12802.0,Netherlands,187,1,427.58,1,1,2,Perdus
12808.0,Portugal,37,3,483.65,3,3,2,Reguliers
12809.0,Portugal,178,1,489.31,1,1,2,Perdus
12811.0,Portugal,261,3,514.85,1,3,2,A risque
12812.0,Japan,45,1,229.64,3,1,1,Reguliers
12814.0,Poland,102,1,125.92,2,1,1,Perdus
12815.0,Poland,148,2,1063.46,1,2,3,Perdus
12816.0,Poland,96,2,572.2,2,2,2,Perdus
12817.0,Austria,281,1,166.04,1,1,1,Perdus
12818.0,Austria,262,1,1542.08,1,1,3,Perdus
12820.0,United Kingdom,3,4,942.34,4,3,3,Fideles
12821.0,United Kingdom,214,1,92.72,1,1,1,Perdus
12822.0,United Kingdom,71,2,948.88,2,2,3,Perdus
12823.0,United Kingdom,75,5,1759.5,2,3,4,Fideles
12824.0,United Kingdom,60,1,397.12,2,1,2,Perdus
12826.0,United Kingdom,3,7,1474.72,4,4,3,Fideles
12827.0,United Kingdom,6,3,430.15,4,3,2,Reguliers
12828.0,United Kingdom,3,6,1018.71,4,4,3,Fideles
12829.0,United Kingdom,337,2,293.0,1,2,1,Perdus
12830.0,United Kingdom,38,6,6814.64,3,4,4,Fideles
12831.0,United Kingdom,262,1,215.05,1,1,1,Perdus
12832.0,United Kingdom,32,2,383.03,3,2,2,Reguliers
12833.0,United Kingdom,145,1,417.38,1,1,2,Perdus
12834.0,United Kingdom,283,1,312.38,1,1,2,Perdus
12836.0,United Kingdom,59,4,2612.86,2,3,4,Fideles
12837.0,United Kingdom,173,1,134.1,1,1,1,Perdus
12838.0,United Kingdom,34,2,683.13,3,2,3,Reguliers
12839.0,United Kingdom,3,14,5591.42,4,4,4,Champions
12840.0,United Kingdom,144,4,2726.77,1,3,4,Fideles
12841.0,United Kingdom,5,25,4022.35,4,4,4,Champions
12842.0,United Kingdom,70,2,1118.99,2,2,3,Perdus
12843.0,United Kingdom,66,8,1702.26,2,4,4,Fideles
12844.0,United Kingdom,29,2,325.96,3,2,2,Reguliers
12845.0,United Kingdom,267,4,354.09,1,3,2,A risque
12847.0,United Kingdom,22,1,871.54,3,1,3,Reguliers
12849.0,United Kingdom,31,2,1050.89,3,2,3,Reguliers
12851.0,United Kingdom,97,1,135.18,2,1,1,Perdus
12852.0,United Kingdom,295,1,311.55,1,1,2,Perdus
12853.0,United Kingdom,135,6,1957.1,2,4,4,Fideles
12854.0,United Kingdom,79,3,1324.5,2,3,3,Fideles
12855.0,United Kingdom,373,1,38.1,1,1,1,Perdus
12856.0,United Kingdom,8,6,2179.93,4,4,4,Champions
12857.0,United Kingdom,211,2,1106.4,1,2,3,Perdus
12863.0,United Kingdom,52,1,521.2,2,1,2,Perdus
12864.0,United Kingdom,138,1,147.12,2,1,1,Perdus
12865.0,Austria,26,2,1568.23,3,2,3,Reguliers
12866.0,Belgium,283,1,559.12,1,1,2,Perdus
12867.0,United Kingdom,26,7,4036.82,3,4,4,Fideles
12868.0,United Kingdom,186,6,1607.06,1,4,3,Fideles
12871.0,United Kingdom,84,2,380.64,2,2,2,Perdus
12872.0,United Kingdom,327,2,599.97,1,2,2,Perdus
12873.0,United Kingdom,282,1,374.0,1,1,2,Perdus
12875.0,United Kingdom,143,2,343.23,1,2,2,Perdus
12876.0,Belgium,58,2,2218.02,2,2,4,Perdus
12877.0,United Kingdom,4,12,1535.77,4,4,3,Fideles
12878.0,United Kingdom,236,2,854.99,1,2,3,Perdus
12879.0,United Kingdom,45,3,573.22,3,3,2,Reguliers
12881.0,United Kingdom,276,1,298.0,1,1,1,Perdus
12882.0,United Kingdom,9,2,1463.04,4,2,3,Nouveaux
12883.0,United Kingdom,25,4,703.47,3,3,3,Fideles
12884.0,United Kingdom,88,1,309.05,2,1,2,Perdus
12885.0,United Kingdom,63,3,1175.22,2,3,3,Fideles
12886.0,United Kingdom,68,2,1378.4,2,2,3,Perdus
12888.0,United Kingdom,214,2,354.12,1,2,2,Perdus
12890.0,United Kingdom,24,1,380.47,3,1,2,Reguliers
12891.0,United Kingdom,186,3,331.0,1,3,2,A risque
12893.0,United Kingdom,31,1,188.14,3,1,1,Reguliers
12895.0,United Kingdom,42,2,372.8,3,2,2,Reguliers
12897.0,United Kingdom,205,2,216.5,1,2,1,Perdus
12901.0,United Kingdom,9,28,17654.54,4,4,4,Champions
12902.0,United Kingdom,265,1,138.68,1,1,1,Perdus
12904.0,United Kingdom,18,2,509.58,4,2,2,Nouveaux
12906.0,United Kingdom,12,5,2919.81,4,3,4,Fideles
12908.0,United Kingdom,176,2,750.0,1,2,3,Perdus
12909.0,United Kingdom,40,5,2178.67,3,3,4,Fideles
12910.0,United Kingdom,23,8,3075.04,3,4,4,Fideles
12912.0,United Kingdom,3,5,1662.3,4,3,4,Fideles
12913.0,United Kingdom,5,5,2483.63,4,4,4,Champions
12915.0,United Kingdom,149,2,363.65,1,2,2,Perdus
12916.0,United Kingdom,139,4,3006.15,2,3,4,Fideles
12917.0,United Kingdom,128,1,594.0,2,1,2,Perdus
12919.0,United Kingdom,8,6,1335.19,4,4,3,Fideles
12920.0,United Kingdom,17,1,164.23,4,1,1,Nouveaux
12921.0,United Kingdom,9,37,16587.09,4,4,4,Champions
12922.0,United Kingdom,161,1,405.38,1,1,2,Perdus
12923.0,United Kingdom,64,1,176.97,2,1,1,Perdus
12924.0,United Kingdom,88,4,933.7,2,3,3,Fideles
12925.0,United Kingdom,5,2,694.05,4,2,3,Nouveaux
12928.0,United Kingdom,35,5,2062.7,3,4,4,Fideles
12929.0,United Kingdom,312,1,117.85,1,1,1,Perdus
12930.0,United Kingdom,78,2,415.8,2,2,2,Perdus
12931.0,United Kingdom,22,15,42055.96,3,4,4,Fideles
12933.0,United Kingdom,24,3,607.53,3,3,2,Reguliers
12935.0,United Kingdom,2,7,2160.7,4,4,4,Champions
12936.0,United Kingdom,17,4,1063.9,4,3,3,Fideles
12937.0,United Kingdom,15,4,1504.27,4,3,3,Fideles
12938.0,United Kingdom,26,1,114.14,3,1,1,Reguliers
12939.0,United Kingdom,64,8,11581.8,2,4,4,Fideles
12940.0,United Kingdom,55,2,913.54,2,2,3,Perdus
12942.0,United Kingdom,131,3,683.9,2,3,3,Fideles
12944.0,United Kingdom,36,2,604.51,3,2,2,Reguliers
12945.0,United Kingdom,288,1,462.95,1,1,2,Perdus
12947.0,United Kingdom,144,6,1603.99,1,4,3,Fideles
12948.0,United Kingdom,16,7,2064.95,4,4,4,Champions
12949.0,United Kingdom,31,8,4167.22,3,4,4,Fideles
12950.0,United Kingdom,2,3,1843.0,4,3,4,Fideles
12951.0,United Kingdom,9,6,1064.07,4,4,3,Fideles
12952.0,United Kingdom,6,4,1387.79,4,3,3,Fideles
12953.0,United Kingdom,10,1,329.85,4,1,2,Nouveaux
12955.0,United Kingdom,1,11,4757.16,4,4,4,Champions
12956.0,United Kingdom,306,1,108.07,1,1,1,Perdus
12957.0,United Kingdom,10,8,4017.54,4,4,4,Champions
12962.0,United Kingdom,7,2,266.39,4,2,1,Nouveaux
12963.0,United Kingdom,8,8,1856.63,4,4,4,Champions
12965.0,United Kingdom,89,1,771.91,2,1,3,Perdus
12966.0,United Kingdom,10,1,160.18,4,1,1,Nouveaux
12967.0,United Kingdom,358,2,1660.9,1,2,3,Perdus
12968.0,United Kingdom,112,1,135.95,2,1,1,Perdus
12970.0,United Kingdom,7,4,452.24,4,3,2,Reguliers
12971.0,United Kingdom,4,86,11189.91,4,4,4,Champions
12974.0,United Kingdom,198,1,144.8,1,1,1,Perdus
12976.0,United Kingdom,212,1,738.6,1,1,3,Perdus
12977.0,United Kingdom,156,1,39.24,1,1,1,Perdus
12980.0,United Kingdom,158,9,7374.9,1,4,4,Fideles
12981.0,United Kingdom,30,2,372.22,3,2,2,Reguliers
12982.0,United Kingdom,243,1,390.54,1,1,2,Perdus
12984.0,United Kingdom,19,1,97.5,3,1,1,Reguliers
12985.0,United Kingdom,1,2,1239.38,4,2,3,Nouveaux
12987.0,United Kingdom,74,2,558.7,2,2,2,Perdus
12988.0,United Kingdom,292,1,535.32,1,1,2,Perdus
12989.0,United Kingdom,3,15,6924.11,4,4,4,Champions
12990.0,United Kingdom,31,3,409.5,3,3,2,Reguliers
12991.0,United Kingdom,23,2,503.76,3,2,2,Reguliers
12993.0,United Kingdom,23,4,414.76,3,3,2,Reguliers
12994.0,United Kingdom,4,3,974.42,4,3,3,Fideles
12995.0,United Kingdom,85,1,211.32,2,1,1,Perdus
12997.0,United Kingdom,22,4,1226.89,3,3,3,Fideles
12999.0,United Kingdom,196,3,455.88,1,3,2,A risque
13000.0,United Kingdom,107,3,534.85,2,3,2,A risque
13001.0,United Kingdom,4,13,9818.82,4,4,4,Champions
13002.0,United Kingdom,318,1,120.95,1,1,1,Perdus
13003.0,United Kingdom,106,3,149.05,2,3,1,A risque
13004.0,United Kingdom,12,18,5655.91,4,4,4,Champions
13005.0,United Kingdom,174,2,513.7,1,2,2,Perdus
13006.0,United Kingdom,56,1,81.57,2,1,1,Perdus
13008.0,United Kingdom,323,1,229.47,1,1,1,Perdus
13011.0,United Kingdom,372,1,50.55,1,1,1,Perdus
13012.0,United Kingdom,9,8,1661.84,4,4,4,Champions
13013.0,United Kingdom,1,13,4810.94,4,4,4,Champions
13014.0,United Kingdom,11,10,3466.28,4,4,4,Champions
13015.0,United Kingdom,53,5,3346.28,2,4,4,Fideles
13016.0,United Kingdom,73,3,789.89,2,3,3,Fideles
13017.0,United Kingdom,7,1,204.0,4,1,1,Nouveaux
13018.0,United Kingdom,16,28,7277.7,4,4,4,Champions
13021.0,United Kingdom,4,9,2616.38,4,4,4,Champions
13023.0,United Kingdom,64,2,689.9,2,2,3,Perdus
13026.0,United Kingdom,1,5,975.36,4,4,3,Fideles
13027.0,United Kingdom,114,6,6912.0,2,4,4,Fideles
13028.0,United Kingdom,23,2,661.32,3,2,2,Reguliers
13029.0,United Kingdom,31,3,1247.5,3,3,3,Fideles
13030.0,United Kingdom,11,2,799.48,4,2,3,Nouveaux
13032.0,United Kingdom,52,2,1010.18,2,2,3,Perdus
13033.0,United Kingdom,357,1,190.55,1,1,1,Perdus
13034.0,United Kingdom,55,2,642.77,2,2,2,Perdus
13035.0,United Kingdom,74,2,921.88,2,2,3,Perdus
13037.0,United Kingdom,138,3,881.07,2,3,3,Fideles
13038.0,United Kingdom,80,3,908.46,2,3,3,Fideles
13040.0,United Kingdom,9,2,676.99,4,2,3,Nouveaux
13043.0,United Kingdom,273,1,516.42,1,1,2,Perdus
13044.0,United Kingdom,291,1,560.47,1,1,2,Perdus
13045.0,United Kingdom,99,1,305.28,2,1,1,Perdus
13046.0,United Kingdom,31,2,629.31,3,2,2,Reguliers
13047.0,United Kingdom,32,10,3237.54,3,4,4,Fideles
13048.0,United Kingdom,14,4,1835.91,4,3,4,Fideles
13049.0,United Kingdom,64,2,656.68,2,2,2,Perdus
13050.0,United Kingdom,15,17,5836.86,4,4,4,Champions
13052.0,United Kingdom,212,1,348.15,1,1,2,Perdus
13055.0,United Kingdom,78,3,1214.41,2,3,3,Fideles
13058.0,United Kingdom,25,3,271.4,3,3,1,Reguliers
13059.0,United Kingdom,250,1,183.4,1,1,1,Perdus
13060.0,United Kingdom,254,1,307.53,1,1,2,Perdus
13061.0,United Kingdom,72,1,248.61,2,1,1,Perdus
13062.0,United Kingdom,191,1,346.98,1,1,2,Perdus
13064.0,United Kingdom,13,4,1119.49,4,3,3,Fideles
13065.0,United Kingdom,373,1,205.86,1,1,1,Perdus
13066.0,United Kingdom,24,2,470.8,3,2,2,Reguliers
13067.0,United Kingdom,82,1,115.46,2,1,1,Perdus
13068.0,United Kingdom,10,2,344.0,4,2,2,Nouveaux
13069.0,United Kingdom,1,24,4436.12,4,4,4,Champions
13070.0,United Kingdom,192,1,228.8,1,1,1,Perdus
13072.0,United Kingdom,267,1,177.15,1,1,1,Perdus
13075.0,United Kingdom,130,1,919.61,2,1,3,Perdus
13077.0,United Kingdom,1,4,729.27,4,3,3,Fideles
13078.0,United Kingdom,3,26,12627.94,4,4,4,Champions
13079.0,United Kingdom,4,5,220.1,4,4,1,Reguliers
13080.0,United Kingdom,179,1,58.08,1,1,1,Perdus
13081.0,United Kingdom,12,11,28337.38,4,4,4,Champions
13082.0,United Kingdom,126,9,3613.63,2,4,4,Fideles
13083.0,United Kingdom,4,2,303.75,4,2,1,Nouveaux
13085.0,United Kingdom,158,2,416.08,1,2,2,Perdus
13089.0,United Kingdom,3,97,58825.83,4,4,4,Champions
13090.0,United Kingdom,9,14,8910.82,4,4,4,Champions
13091.0,United Kingdom,28,1,345.82,3,1,2,Reguliers
13092.0,United Kingdom,71,5,477.83,2,4,2,A risque
13093.0,United Kingdom,276,8,7832.47,1,4,4,Fideles
13094.0,United Kingdom,21,12,1927.32,3,4,4,Fideles
13095.0,United Kingdom,71,1,74.4,2,1,1,Perdus
13097.0,United Kingdom,33,10,6010.42,3,4,4,Fideles
13098.0,United Kingdom,1,28,28882.44,4,4,4,Champions
13099.0,United Kingdom,99,1,207.36,2,1,1,Perdus
13101.0,United Kingdom,234,1,101.19,1,1,1,Perdus
13102.0,United Kingdom,1,24,6424.09,4,4,4,Champions
13103.0,United Kingdom,40,1,243.94,3,1,1,Reguliers
13104.0,United Kingdom,3,6,1098.48,4,4,3,Fideles
13106.0,United Kingdom,133,1,76.5,2,1,1,Perdus
13107.0,United Kingdom,44,4,1531.62,3,3,3,Fideles
13108.0,United Kingdom,373,1,350.06,1,1,2,Perdus
13109.0,United Kingdom,60,2,786.54,2,2,3,Perdus
13110.0,United Kingdom,31,7,1488.67,3,4,3,Fideles
13113.0,United Kingdom,1,24,12245.96,4,4,4,Champions
13115.0,United Kingdom,12,4,2294.78,4,3,4,Fideles
13116.0,United Kingdom,138,1,501.14,2,1,2,Perdus
13117.0,United Kingdom,22,8,984.91,3,4,3,Fideles
13118.0,United Kingdom,20,5,1197.81,3,4,3,Fideles
13120.0,United Kingdom,239,1,30.6,1,1,1,Perdus
13121.0,United Kingdom,269,1,283.73,1,1,1,Perdus
13122.0,United Kingdom,94,2,922.39,2,2,3,Perdus
13124.0,United Kingdom,90,3,3866.33,2,3,4,Fideles
13126.0,United Kingdom,5,8,2099.64,4,4,4,Champions
13127.0,United Kingdom,78,1,259.17,2,1,1,Perdus
13130.0,United Kingdom,94,1,64.0,2,1,1,Perdus
13131.0,United Kingdom,23,3,1073.3,3,3,3,Fideles
13132.0,United Kingdom,262,1,77.3,1,1,1,Perdus
13133.0,United Kingdom,274,2,109.8,1,2,1,Perdus
13134.0,United Kingdom,86,4,1793.58,2,3,4,Fideles
13135.0,United Kingdom,197,1,3096.0,1,1,4,Perdus
13136.0,United Kingdom,56,5,2607.61,2,4,4,Fideles
13137.0,United Kingdom,11,8,3650.41,4,4,4,Champions
13138.0,United Kingdom,22,6,962.39,3,4,3,Fideles
13139.0,United Kingdom,16,7,5064.94,4,4,4,Champions
13140.0,United Kingdom,108,3,423.72,2,3,2,A risque
13141.0,United Kingdom,85,5,2388.75,2,4,4,Fideles
13142.0,United Kingdom,19,1,307.09,3,1,1,Reguliers
13144.0,United Kingdom,333,1,110.95,1,1,1,Perdus
13145.0,United Kingdom,40,4,618.52,3,3,2,Reguliers
13146.0,United Kingdom,26,1,228.91,3,1,1,Reguliers
13147.0,United Kingdom,10,4,712.8,4,3,3,Fideles
13148.0,United Kingdom,29,12,3707.12,3,4,4,Fideles
13149.0,United Kingdom,14,4,1676.06,4,3,4,Fideles
13151.0,United Kingdom,296,1,1257.87,1,1,3,Perdus
13153.0,United Kingdom,6,1,486.22,4,1,2,Nouveaux
13155.0,United Kingdom,33,4,971.76,3,3,3,Fideles
13157.0,United Kingdom,49,4,1741.22,3,3,4,Fideles
13158.0,United Kingdom,95,4,1201.06,2,3,3,Fideles
13159.0,United Kingdom,9,4,1437.85,4,3,3,Fideles
13160.0,United Kingdom,22,1,91.8,3,1,1,Reguliers
13161.0,United Kingdom,313,1,112.75,1,1,1,Perdus
13162.0,United Kingdom,122,4,1688.29,2,3,4,Fideles
13165.0,United Kingdom,46,2,1021.48,3,2,3,Reguliers
13166.0,United Kingdom,283,1,417.2,1,1,2,Perdus
13167.0,United Kingdom,19,4,791.33,3,3,3,Fideles
13168.0,United Kingdom,36,4,1319.19,3,3,3,Fideles
13169.0,United Kingdom,64,2,712.88,2,2,3,Perdus
13170.0,United Kingdom,27,1,116.01,3,1,1,Reguliers
13171.0,United Kingdom,22,3,468.41,3,3,2,Reguliers
13173.0,United Kingdom,4,2,353.65,4,2,2,Nouveaux
13174.0,United Kingdom,16,3,2817.03,4,3,4,Fideles
13176.0,United Kingdom,46,1,492.84,3,1,2,Reguliers
13177.0,United Kingdom,65,1,282.45,2,1,1,Perdus
13178.0,United Kingdom,26,11,5725.47,3,4,4,Fideles
13182.0,United Kingdom,45,1,121.18,3,1,1,Reguliers
13183.0,United Kingdom,8,9,3957.78,4,4,4,Champions
13184.0,United Kingdom,15,10,1701.29,4,4,4,Champions
13185.0,United Kingdom,268,1,71.4,1,1,1,Perdus
13186.0,United Kingdom,40,3,1575.89,3,3,3,Fideles
13187.0,United Kingdom,337,1,236.02,1,1,1,Perdus
13188.0,United Kingdom,11,1,114.6,4,1,1,Nouveaux
13189.0,United Kingdom,19,2,260.68,3,2,1,Reguliers
13192.0,United Kingdom,95,2,911.94,2,2,3,Perdus
13193.0,United Kingdom,61,1,117.88,2,1,1,Perdus
13194.0,United Kingdom,136,1,60.7,2,1,1,Perdus
13196.0,United Kingdom,11,4,1797.78,4,3,4,Fideles
13198.0,United Kingdom,10,6,3401.24,4,4,4,Champions
13199.0,United Kingdom,4,38,9817.12,4,4,4,Champions
13200.0,United Kingdom,19,4,870.09,3,3,3,Fideles
13203.0,United Kingdom,10,4,869.46,4,3,3,Fideles
13207.0,United Kingdom,15,2,250.26,4,2,1,Nouveaux
13208.0,United Kingdom,59,6,1223.9,2,4,3,Fideles
13209.0,United Kingdom,30,8,5891.61,3,4,4,Fideles
13210.0,United Kingdom,94,1,353.48,2,1,2,Perdus
13211.0,United Kingdom,10,3,1197.42,4,3,3,Fideles
13212.0,United Kingdom,20,3,788.08,3,3,3,Fideles
13213.0,United Kingdom,57,5,1520.58,2,4,3,Fideles
13216.0,United Kingdom,268,1,333.74,1,1,2,Perdus
13217.0,United Kingdom,122,3,533.98,2,3,2,A risque
13218.0,United Kingdom,127,1,62.64,2,1,1,Perdus
13220.0,United Kingdom,78,4,819.29,2,3,3,Fideles
13221.0,United Kingdom,240,2,847.41,1,2,3,Perdus
13223.0,United Kingdom,200,2,163.2,1,2,1,Perdus
13224.0,United Kingdom,60,2,2155.95,2,2,4,Perdus
13225.0,United Kingdom,3,7,6463.84,4,4,4,Champions
13226.0,United Kingdom,273,1,108.21,1,1,1,Perdus
13227.0,United Kingdom,202,1,257.7,1,1,1,Perdus
13228.0,United Kingdom,81,1,358.0,2,1,2,Perdus
13229.0,United Kingdom,226,1,160.95,1,1,1,Perdus
13230.0,United Kingdom,4,14,2806.97,4,4,4,Champions
13232.0,United Kingdom,13,7,1357.6,4,4,3,Fideles
13233.0,United Kingdom,74,2,605.12,2,2,2,Perdus
13235.0,United Kingdom,212,1,1031.07,1,1,3,Perdus
13236.0,United Kingdom,25,2,744.85,3,2,3,Reguliers
13238.0,United Kingdom,17,4,700.73,4,3,3,Fideles
13239.0,United Kingdom,262,1,329.56,1,1,2,Perdus
13240.0,United Kingdom,96,4,663.65,2,3,2,A risque
13242.0,United Kingdom,112,3,270.4,2,3,1,A risque
13243.0,United Kingdom,203,1,600.07,1,1,2,Perdus
13244.0,United Kingdom,93,1,121.74,2,1,1,Perdus
13245.0,United Kingdom,51,1,430.5,3,1,2,Reguliers
13246.0,United Kingdom,18,6,1987.3,4,4,4,Champions
13247.0,United Kingdom,18,4,501.12,4,3,2,Reguliers
13248.0,United Kingdom,125,2,465.68,2,2,2,Perdus
13249.0,United Kingdom,92,3,711.41,2,3,3,Fideles
13253.0,United Kingdom,157,2,1030.4,1,2,3,Perdus
13255.0,United Kingdom,9,2,399.51,4,2,2,Nouveaux
13258.0,United Kingdom,12,3,698.58,4,3,3,Fideles
13259.0,United Kingdom,62,1,292.32,2,1,1,Perdus
13260.0,United Kingdom,61,1,557.62,2,1,2,Perdus
13261.0,United Kingdom,269,2,944.1,1,2,3,Perdus
13262.0,United Kingdom,263,1,200.29,1,1,1,Perdus
13263.0,United Kingdom,1,35,7454.07,4,4,4,Champions
13265.0,United Kingdom,53,5,2107.66,2,4,4,Fideles
13266.0,United Kingdom,11,12,3834.26,4,4,4,Champions
13267.0,United Kingdom,3,19,4521.49,4,4,4,Champions
13268.0,United Kingdom,18,11,3214.69,4,4,4,Champions
13269.0,United Kingdom,1,15,5346.23,4,4,4,Champions
13270.0,United Kingdom,366,1,590.0,1,1,2,Perdus
13271.0,United Kingdom,37,1,217.38,3,1,1,Reguliers
13272.0,United Kingdom,31,2,276.56,3,2,1,Reguliers
13273.0,United Kingdom,113,1,138.98,2,1,1,Perdus
13276.0,United Kingdom,64,2,590.93,2,2,2,Perdus
13277.0,United Kingdom,16,4,258.4,4,3,1,Reguliers
13278.0,United Kingdom,41,1,542.73,3,1,2,Reguliers
13279.0,United Kingdom,78,1,137.75,2,1,1,Perdus
13280.0,United Kingdom,122,3,814.86,2,3,3,Fideles
13282.0,United Kingdom,18,3,1132.14,4,3,3,Fideles
13283.0,United Kingdom,60,2,93.66,2,2,1,Perdus
13284.0,United Kingdom,331,1,201.19,1,1,1,Perdus
13285.0,United Kingdom,23,4,2709.12,3,3,4,Fideles
13291.0,United Kingdom,156,1,361.11,1,1,2,Perdus
13292.0,United Kingdom,39,2,578.94,3,2,2,Reguliers
13294.0,United Kingdom,190,2,873.74,1,2,3,Perdus
13295.0,United Kingdom,360,1,201.2,1,1,1,Perdus
13296.0,United Kingdom,137,1,87.4,2,1,1,Perdus
13297.0,United Kingdom,8,4,2089.85,4,3,4,Fideles
13298.0,United Kingdom,1,1,360.0,4,1,2,Nouveaux
13299.0,United Kingdom,268,1,142.5,1,1,1,Perdus
13300.0,United Kingdom,169,1,371.89,1,1,2,Perdus
13301.0,United Kingdom,104,4,618.09,2,3,2,A risque
13302.0,United Kingdom,155,1,63.75,1,1,1,Perdus
13304.0,United Kingdom,351,1,300.42,1,1,1,Perdus
13305.0,United Kingdom,4,10,2000.86,4,4,4,Champions
13307.0,United Kingdom,120,1,15.0,2,1,1,Perdus
13308.0,United Kingdom,23,3,1385.51,3,3,3,Fideles
13309.0,United Kingdom,7,5,1456.79,4,4,3,Fideles
13310.0,United Kingdom,28,3,1132.03,3,3,3,Fideles
13311.0,United Kingdom,4,2,598.57,4,2,2,Nouveaux
13313.0,United Kingdom,22,5,1555.32,3,4,3,Fideles
13314.0,United Kingdom,2,3,775.94,4,3,3,Fideles
13316.0,United Kingdom,37,4,5977.73,3,3,4,Fideles
13317.0,United Kingdom,66,6,2273.68,2,4,4,Fideles
13318.0,United Kingdom,1,3,640.76,4,3,2,Reguliers
13319.0,United Kingdom,5,26,10845.55,4,4,4,Champions
13320.0,United Kingdom,78,4,1548.7,2,3,3,Fideles
13321.0,United Kingdom,72,2,567.36,2,2,2,Perdus
13322.0,United Kingdom,17,1,199.48,4,1,1,Nouveaux
13323.0,United Kingdom,3,5,787.85,4,4,3,Fideles
13324.0,United Kingdom,36,10,7121.95,3,4,4,Fideles
13325.0,United Kingdom,82,1,675.3,2,1,3,Perdus
13327.0,United Kingdom,39,8,3627.77,3,4,4,Fideles
13328.0,United Kingdom,316,1,1308.48,1,1,3,Perdus
13329.0,United Kingdom,32,2,789.0,3,2,3,Reguliers
13330.0,United Kingdom,93,3,1140.93,2,3,3,Fideles
13332.0,United Kingdom,14,1,350.9,4,1,2,Nouveaux
13334.0,United Kingdom,82,3,3536.82,2,3,4,Fideles
13336.0,United Kingdom,77,1,795.12,2,1,3,Perdus
13338.0,United Kingdom,158,1,487.02,1,1,2,Perdus
13339.0,United Kingdom,201,1,860.12,1,1,3,Perdus
13340.0,United Kingdom,45,7,10736.48,3,4,4,Fideles
13341.0,United Kingdom,261,1,775.85,1,1,3,Perdus
13343.0,United Kingdom,178,1,353.43,1,1,2,Perdus
13344.0,United Kingdom,68,3,2543.72,2,3,4,Fideles
13345.0,United Kingdom,288,1,389.5,1,1,2,Perdus
13347.0,United Kingdom,70,1,341.36,2,1,2,Perdus
13348.0,United Kingdom,64,1,233.76,2,1,1,Perdus
13349.0,United Kingdom,11,1,247.32,4,1,1,Nouveaux
13350.0,United Kingdom,16,2,979.12,4,2,3,Nouveaux
13351.0,United Kingdom,66,1,373.94,2,1,2,Perdus
13352.0,United Kingdom,60,1,397.98,2,1,2,Perdus
13354.0,United Kingdom,71,1,743.53,2,1,3,Perdus
13355.0,United Kingdom,122,1,674.7,2,1,3,Perdus
13356.0,United Kingdom,80,1,768.24,2,1,3,Perdus
13357.0,United Kingdom,257,1,609.95,1,1,2,Perdus
13358.0,United Kingdom,269,1,439.03,1,1,2,Perdus
13359.0,United Kingdom,64,1,439.56,2,1,2,Perdus
13362.0,United Kingdom,9,4,3090.74,4,3,4,Fideles
13363.0,United Kingdom,18,2,992.5,4,2,3,Nouveaux
13364.0,United Kingdom,71,1,134.96,2,1,1,Perdus
13365.0,United Kingdom,34,2,2225.37,3,2,4,Reguliers
13366.0,United Kingdom,50,1,56.16,3,1,1,Reguliers
13368.0,United Kingdom,257,2,623.4,1,2,2,Perdus
13369.0,United Kingdom,366,1,308.28,1,1,2,Perdus
13370.0,United Kingdom,372,1,754.87,1,1,3,Perdus
13372.0,United Kingdom,90,1,378.64,2,1,2,Perdus
13373.0,United Kingdom,61,3,3312.25,2,3,4,Fideles
13375.0,United Kingdom,89,1,778.65,2,1,3,Perdus
13376.0,United Kingdom,99,3,1019.76,2,3,3,Fideles
13379.0,United Kingdom,26,3,572.56,3,3,2,Reguliers
13381.0,United Kingdom,32,6,3639.31,3,4,4,Fideles
13382.0,United Kingdom,281,1,222.99,1,1,1,Perdus
13384.0,United Kingdom,31,7,4151.93,3,4,4,Fideles
13385.0,United Kingdom,330,1,534.57,1,1,2,Perdus
13388.0,United Kingdom,131,2,677.1,2,2,3,Perdus
13389.0,United Kingdom,11,3,797.96,4,3,3,Fideles
13390.0,United Kingdom,75,1,544.08,2,1,2,Perdus
13391.0,United Kingdom,204,1,59.8,1,1,1,Perdus
13394.0,United Kingdom,2,8,2520.02,4,4,4,Champions
13395.0,United Kingdom,185,1,307.72,1,1,2,Perdus
13396.0,United Kingdom,29,2,1360.99,3,2,3,Reguliers
13397.0,United Kingdom,73,5,1544.13,2,4,3,Fideles
13398.0,United Kingdom,192,1,457.34,1,1,2,Perdus
13402.0,United Kingdom,127,2,621.23,2,2,2,Perdus
13403.0,United Kingdom,18,1,75.0,4,1,1,Nouveaux
13404.0,United Kingdom,1,2,252.49,4,2,1,Nouveaux
13405.0,United Kingdom,74,3,572.45,2,3,2,A risque
13408.0,United Kingdom,2,62,28117.04,4,4,4,Champions
13410.0,United Kingdom,24,5,1003.06,3,4,3,Fideles
13411.0,United Kingdom,107,1,213.55,2,1,1,Perdus
13414.0,United Kingdom,134,3,1390.5,2,3,3,Fideles
13416.0,United Kingdom,44,2,712.5,3,2,3,Reguliers
13417.0,United Kingdom,5,2,640.83,4,2,2,Nouveaux
13418.0,United Kingdom,12,18,6127.43,4,4,4,Champions
13419.0,United Kingdom,64,1,221.06,2,1,1,Perdus
13420.0,United Kingdom,150,2,159.85,1,2,1,Perdus
13421.0,United Kingdom,40,2,1851.08,3,2,4,Reguliers
13422.0,United Kingdom,64,1,2626.3,2,1,4,Perdus
13425.0,United Kingdom,108,3,1624.21,2,3,3,Fideles
13426.0,United Kingdom,1,10,3641.32,4,4,4,Champions
13427.0,United Kingdom,19,3,582.6,3,3,2,Reguliers
13428.0,United Kingdom,10,1,218.47,4,1,1,Nouveaux
13429.0,United Kingdom,11,4,1006.8,4,3,3,Fideles
13430.0,United Kingdom,19,2,679.45,3,2,3,Reguliers
13431.0,United Kingdom,67,2,1269.1,2,2,3,Perdus
13434.0,United Kingdom,74,2,534.24,2,2,2,Perdus
13435.0,United Kingdom,5,7,3809.89,4,4,4,Champions
13436.0,United Kingdom,2,1,196.89,4,1,1,Nouveaux
13437.0,United Kingdom,14,7,3408.06,4,4,4,Champions
13439.0,United Kingdom,255,1,283.71,1,1,1,Perdus
13441.0,United Kingdom,92,1,296.64,2,1,1,Perdus
13447.0,United Kingdom,23,3,1129.14,3,3,3,Fideles
13448.0,United Kingdom,17,6,3539.37,4,4,4,Champions
13449.0,United Kingdom,24,1,291.88,3,1,1,Reguliers
13450.0,United Kingdom,27,6,2043.72,3,4,4,Fideles
13451.0,United Kingdom,26,5,2976.15,3,4,4,Fideles
13452.0,United Kingdom,259,2,590.0,1,2,2,Perdus
13453.0,United Kingdom,166,2,356.98,1,2,2,Perdus
13455.0,United Kingdom,25,2,1058.34,3,2,3,Reguliers
13456.0,United Kingdom,18,6,1766.72,4,4,4,Champions
13458.0,United Kingdom,7,14,9646.57,4,4,4,Champions
13460.0,United Kingdom,29,2,183.44,3,2,1,Reguliers
13461.0,United Kingdom,39,3,1445.0,3,3,3,Fideles
13462.0,United Kingdom,253,1,151.5,1,1,1,Perdus
13464.0,United Kingdom,58,1,674.68,2,1,3,Perdus
13466.0,United Kingdom,184,1,307.9,1,1,2,Perdus
13467.0,United Kingdom,11,2,1083.71,4,2,3,Nouveaux
13468.0,United Kingdom,2,37,5704.97,4,4,4,Champions
13470.0,United Kingdom,99,2,165.0,2,2,1,Perdus
13471.0,United Kingdom,1,4,2531.58,4,3,4,Fideles
13473.0,United Kingdom,61,2,422.64,2,2,2,Perdus
13474.0,United Kingdom,236,1,229.59,1,1,1,Perdus
13475.0,United Kingdom,191,4,1431.78,1,3,3,Fideles
13476.0,United Kingdom,179,2,1238.47,1,2,3,Perdus
13477.0,United Kingdom,38,6,1454.58,3,4,3,Fideles
13479.0,United Kingdom,201,2,300.95,1,2,1,Perdus
13481.0,United Kingdom,46,5,1804.56,3,4,4,Fideles
13482.0,United Kingdom,232,1,184.64,1,1,1,Perdus
13483.0,United Kingdom,66,1,140.34,2,1,1,Perdus
13484.0,United Kingdom,241,1,313.8,1,1,2,Perdus
13485.0,United Kingdom,233,1,454.24,1,1,2,Perdus
13486.0,United Kingdom,78,3,1122.41,2,3,3,Fideles
13487.0,United Kingdom,58,3,575.4,2,3,2,A risque
13488.0,United Kingdom,17,13,8968.31,4,4,4,Champions
13489.0,United Kingdom,105,4,449.52,2,3,2,A risque
13491.0,United Kingdom,52,10,1215.82,2,4,3,Fideles
13492.0,Switzerland,136,3,1269.84,2,3,3,Fideles
13493.0,Switzerland,275,2,618.63,1,2,2,Perdus
13494.0,United Kingdom,312,1,316.26,1,1,2,Perdus
13495.0,United Kingdom,8,5,2044.87,4,4,4,Champions
13496.0,United Kingdom,11,2,653.33,4,2,2,Nouveaux
13497.0,United Kingdom,283,2,348.05,1,2,2,Perdus
13499.0,United Kingdom,18,5,1159.11,4,4,3,Fideles
13500.0,United Kingdom,23,3,1166.77,3,3,3,Fideles
13501.0,Switzerland,288,1,1340.32,1,1,3,Perdus
13502.0,United Kingdom,17,3,292.0,4,3,1,Reguliers
13503.0,United Kingdom,71,1,216.85,2,1,1,Perdus
13504.0,United Kingdom,64,1,295.93,2,1,1,Perdus
13505.0,Switzerland,73,4,4393.63,2,3,4,Fideles
13506.0,United Kingdom,316,2,458.52,1,2,2,Perdus
13507.0,United Kingdom,3,4,2479.16,4,3,4,Fideles
13508.0,United Kingdom,244,1,110.97,1,1,1,Perdus
13509.0,United Kingdom,9,7,979.72,4,4,3,Fideles
13510.0,United Kingdom,1,4,1791.56,4,3,4,Fideles
13512.0,United Kingdom,261,1,251.21,1,1,1,Perdus
13513.0,United Kingdom,127,1,205.1,2,1,1,Perdus
13514.0,United Kingdom,74,1,152.2,2,1,1,Perdus
13515.0,United Kingdom,73,4,891.12,2,3,3,Fideles
13516.0,United Kingdom,21,3,1389.41,3,3,3,Fideles
13517.0,United Kingdom,60,3,2128.42,2,3,4,Fideles
13518.0,United Kingdom,86,1,659.44,2,1,2,Perdus
13519.0,United Kingdom,78,1,122.75,2,1,1,Perdus
13520.0,Switzerland,59,6,3624.35,2,4,4,Fideles
13521.0,United Kingdom,1,3,1093.65,4,3,3,Fideles
13522.0,United Kingdom,30,1,125.8,3,1,1,Reguliers
13523.0,United Kingdom,33,5,3964.88,3,4,4,Fideles
13524.0,United Kingdom,41,5,680.18,3,4,3,Fideles
13525.0,United Kingdom,15,2,628.78,4,2,2,Nouveaux
13527.0,United Kingdom,34,7,2287.51,3,4,4,Fideles
13529.0,United Kingdom,79,2,307.76,2,2,2,Perdus
13531.0,United Kingdom,205,2,483.8,1,2,2,Perdus
13532.0,United Kingdom,34,1,210.31,3,1,1,Reguliers
13533.0,United Kingdom,183,3,270.79,1,3,1,A risque
13534.0,United Kingdom,2,25,5870.08,4,4,4,Champions
13536.0,United Kingdom,1,7,3448.29,4,4,4,Champions
13538.0,United Kingdom,43,7,1280.85,3,4,3,Fideles
13539.0,United Kingdom,86,3,631.34,2,3,2,A risque
13544.0,United Kingdom,40,2,291.41,3,2,1,Reguliers
13546.0,United Kingdom,12,3,626.99,4,3,2,Reguliers
13548.0,United Kingdom,96,2,682.41,2,2,3,Perdus
13549.0,United Kingdom,26,7,918.2,3,4,3,Fideles
13551.0,United Kingdom,319,1,91.8,1,1,1,Perdus
13552.0,United Kingdom,66,12,3740.07,2,4,4,Fideles
13555.0,United Kingdom,74,4,4149.28,2,3,4,Fideles
13557.0,United Kingdom,28,2,584.06,3,2,2,Reguliers
13558.0,United Kingdom,6,4,605.06,4,3,2,Reguliers
13560.0,United Kingdom,7,1,174.37,4,1,1,Nouveaux
13561.0,United Kingdom,216,1,141.86,1,1,1,Perdus
13562.0,United Kingdom,82,3,1799.33,2,3,4,Fideles
13563.0,United Kingdom,84,2,777.53,2,2,3,Perdus
13564.0,United Kingdom,144,3,1749.02,1,3,4,Fideles
13565.0,United Kingdom,19,2,240.22,3,2,1,Reguliers
13566.0,United Kingdom,41,2,874.71,3,2,3,Reguliers
13568.0,United Kingdom,173,1,192.85,1,1,1,Perdus
13569.0,United Kingdom,17,2,373.75,4,2,2,Nouveaux
13570.0,United Kingdom,243,1,239.49,1,1,1,Perdus
13571.0,United Kingdom,13,12,2092.32,4,4,4,Champions
13572.0,United Kingdom,206,1,1384.25,1,1,3,Perdus
13573.0,United Kingdom,50,2,294.4,3,2,1,Reguliers
13575.0,United Kingdom,23,5,732.07,3,4,3,Fideles
13576.0,United Kingdom,10,18,6717.34,4,4,4,Champions
13577.0,United Kingdom,25,4,1687.6,3,3,4,Fideles
13579.0,United Kingdom,15,2,467.04,4,2,2,Nouveaux
13581.0,United Kingdom,309,1,118.0,1,1,1,Perdus
13583.0,United Kingdom,156,1,781.03,1,1,3,Perdus
13584.0,United Kingdom,307,1,142.4,1,1,1,Perdus
13587.0,United Kingdom,64,1,712.4,2,1,3,Perdus
13588.0,United Kingdom,16,9,2478.95,4,4,4,Champions
13589.0,United Kingdom,15,2,379.65,4,2,2,Nouveaux
13590.0,United Kingdom,11,6,1981.92,4,4,4,Champions
13591.0,United Kingdom,65,3,1117.13,2,3,3,Fideles
13592.0,United Kingdom,36,4,247.96,3,3,1,Reguliers
13593.0,United Kingdom,108,5,2037.08,2,4,4,Fideles
13594.0,United Kingdom,53,1,396.97,2,1,2,Perdus
13596.0,United Kingdom,6,2,697.04,4,2,3,Nouveaux
13598.0,United Kingdom,47,1,180.17,3,1,1,Reguliers
13599.0,United Kingdom,1,21,5153.67,4,4,4,Champions
13600.0,United Kingdom,312,1,219.52,1,1,1,Perdus
13601.0,United Kingdom,45,2,693.32,3,2,3,Reguliers
13602.0,United Kingdom,65,1,428.89,2,1,2,Perdus
13603.0,United Kingdom,26,1,164.34,3,1,1,Reguliers
13606.0,United Kingdom,29,3,280.54,3,3,1,Reguliers
13607.0,United Kingdom,40,1,678.01,3,1,3,Reguliers
13610.0,United Kingdom,12,7,1131.88,4,4,3,Fideles
13611.0,United Kingdom,89,3,1171.8,2,3,3,Fideles
13614.0,United Kingdom,24,4,1610.46,3,3,3,Fideles
13615.0,United Kingdom,319,1,417.69,1,1,2,Perdus
13617.0,United Kingdom,40,3,544.18,3,3,2,Reguliers
13618.0,United Kingdom,174,1,177.34,1,1,1,Perdus
13621.0,United Kingdom,117,1,213.85,2,1,1,Perdus
13623.0,United Kingdom,31,5,747.78,3,4,3,Fideles
13626.0,United Kingdom,253,1,257.23,1,1,1,Perdus
13627.0,United Kingdom,59,5,1638.47,2,4,3,Fideles
13629.0,United Kingdom,23,11,7792.36,3,4,4,Fideles
13630.0,United Kingdom,5,7,2031.78,4,4,4,Champions
13631.0,United Kingdom,100,11,3070.42,2,4,4,Fideles
13632.0,United Kingdom,25,5,2121.27,3,4,4,Fideles
13634.0,United Kingdom,33,5,1575.16,3,4,3,Fideles
13635.0,United Kingdom,68,1,1071.03,2,1,3,Perdus
13636.0,United Kingdom,37,5,949.12,3,4,3,Fideles
13637.0,United Kingdom,52,3,810.5,2,3,3,Fideles
13638.0,United Kingdom,16,1,122.64,4,1,1,Nouveaux
13639.0,United Kingdom,74,1,1033.34,2,1,3,Perdus
13642.0,United Kingdom,216,1,354.8,1,1,2,Perdus
13643.0,United Kingdom,31,3,519.44,3,3,2,Reguliers
13644.0,United Kingdom,16,4,2624.26,4,3,4,Fideles
13645.0,United Kingdom,120,1,252.1,2,1,1,Perdus
13647.0,United Kingdom,10,4,1678.12,4,3,4,Fideles
13649.0,United Kingdom,257,2,346.6,1,2,2,Perdus
13650.0,United Kingdom,17,6,1836.34,4,4,4,Champions
13651.0,United Kingdom,35,2,94.2,3,2,1,Reguliers
13652.0,United Kingdom,46,3,1095.08,3,3,3,Fideles
13654.0,United Kingdom,43,6,2707.33,3,4,4,Fideles
13655.0,United Kingdom,114,2,932.97,2,2,3,Perdus
13656.0,United Kingdom,165,2,379.65,1,2,2,Perdus
13657.0,United Kingdom,11,2,382.14,4,2,2,Nouveaux
13658.0,United Kingdom,10,5,2639.17,4,4,4,Champions
13659.0,United Kingdom,206,2,1573.2,1,2,3,Perdus
13662.0,United Kingdom,86,3,897.76,2,3,3,Fideles
13663.0,United Kingdom,179,1,189.47,1,1,1,Perdus
13666.0,United Kingdom,60,3,84.65,2,3,1,A risque
13667.0,United Kingdom,149,1,305.02,1,1,1,Perdus
13668.0,United Kingdom,3,21,6363.59,4,4,4,Champions
13669.0,United Kingdom,51,2,218.55,3,2,1,Reguliers
13670.0,United Kingdom,75,1,349.7,2,1,2,Perdus
13672.0,United Kingdom,301,2,186.39,1,2,1,Perdus
13673.0,United Kingdom,19,2,396.92,3,2,2,Reguliers
13675.0,United Kingdom,151,2,486.82,1,2,2,Perdus
13678.0,United Kingdom,152,1,232.6,1,1,1,Perdus
13680.0,United Kingdom,1,4,3722.42,4,3,4,Fideles
13681.0,United Kingdom,18,4,827.83,4,3,3,Fideles
13682.0,United Kingdom,187,1,59.5,1,1,1,Perdus
13684.0,United Kingdom,286,1,67.23,1,1,1,Perdus
13685.0,United Kingdom,3,7,3119.44,4,4,4,Champions
13686.0,United Kingdom,183,1,72.0,1,1,1,Perdus
13689.0,United Kingdom,63,1,910.0,2,1,3,Perdus
13690.0,United Kingdom,59,1,172.25,2,1,1,Perdus
13692.0,United Kingdom,25,3,1488.32,3,3,3,Fideles
13694.0,United Kingdom,4,50,65039.62,4,4,4,Champions
13695.0,United Kingdom,31,15,2504.13,3,4,4,Fideles
13697.0,United Kingdom,39,1,151.3,3,1,1,Reguliers
13699.0,United Kingdom,155,1,308.58,1,1,2,Perdus
13700.0,United Kingdom,26,10,2265.12,3,4,4,Fideles
13703.0,United Kingdom,318,1,99.5,1,1,1,Perdus
13704.0,United Kingdom,5,9,2308.06,4,4,4,Champions
13705.0,United Kingdom,8,3,711.86,4,3,3,Fideles
13706.0,United Kingdom,303,1,330.79,1,1,2,Perdus
13707.0,United Kingdom,267,2,806.41,1,2,3,Perdus
13708.0,United Kingdom,271,1,296.88,1,1,1,Perdus
13709.0,United Kingdom,4,13,6328.05,4,4,4,Champions
13710.0,United Kingdom,32,1,180.48,3,1,1,Reguliers
13711.0,United Kingdom,219,2,252.06,1,2,1,Perdus
13712.0,United Kingdom,247,1,228.84,1,1,1,Perdus
13715.0,United Kingdom,281,5,1079.34,1,4,3,Fideles
13716.0,United Kingdom,269,1,138.28,1,1,1,Perdus
13717.0,United Kingdom,32,6,1445.01,3,4,3,Fideles
13718.0,United Kingdom,246,2,306.55,1,2,1,Perdus
13719.0,United Kingdom,15,5,1041.68,4,4,3,Fideles
13720.0,United Kingdom,117,4,799.9,2,3,3,Fideles
13721.0,United Kingdom,36,1,524.14,3,1,2,Reguliers
13722.0,United Kingdom,132,3,2375.41,2,3,4,Fideles
13723.0,United Kingdom,217,1,199.85,1,1,1,Perdus
13725.0,United Kingdom,50,8,1980.56,3,4,4,Fideles
13726.0,United Kingdom,39,2,1079.66,3,2,3,Reguliers
13727.0,United Kingdom,29,2,333.48,3,2,2,Reguliers
13728.0,United Kingdom,37,6,1016.14,3,4,3,Fideles
13730.0,United Kingdom,136,2,752.6,2,2,3,Perdus
13731.0,United Kingdom,219,2,610.59,1,2,2,Perdus
13732.0,United Kingdom,28,1,491.86,3,1,2,Reguliers
13735.0,United Kingdom,25,4,2885.24,3,3,4,Fideles
13736.0,United Kingdom,5,2,731.9,4,2,3,Nouveaux
13737.0,United Kingdom,200,1,339.6,1,1,2,Perdus
13739.0,United Kingdom,18,1,216.9,4,1,1,Nouveaux
13740.0,United Kingdom,241,1,350.75,1,1,2,Perdus
13741.0,United Kingdom,72,3,668.43,2,3,2,A risque
13742.0,United Kingdom,17,12,3131.02,4,4,4,Champions
13743.0,United Kingdom,3,7,1341.6,4,4,3,Fideles
13744.0,United Kingdom,95,2,1156.36,2,2,3,Perdus
13745.0,United Kingdom,162,1,300.04,1,1,1,Perdus
13747.0,United Kingdom,374,1,79.6,1,1,1,Perdus
13748.0,United Kingdom,96,5,948.25,2,4,3,Fideles
13750.0,United Kingdom,54,5,1647.26,2,4,3,Fideles
13751.0,United Kingdom,288,1,296.25,1,1,1,Perdus
13752.0,United Kingdom,124,6,1186.28,2,4,3,Fideles
13753.0,United Kingdom,288,1,741.26,1,1,3,Perdus
13754.0,United Kingdom,152,2,282.6,1,2,1,Perdus
13755.0,United Kingdom,4,9,2161.35,4,4,4,Champions
13756.0,United Kingdom,2,14,5189.52,4,4,4,Champions
13758.0,United Kingdom,12,7,3190.55,4,4,4,Champions
13759.0,United Kingdom,33,2,659.41,3,2,2,Reguliers
13760.0,United Kingdom,54,2,286.79,2,2,1,Perdus
13761.0,United Kingdom,50,2,1070.65,3,2,3,Reguliers
13762.0,United Kingdom,219,1,306.72,1,1,1,Perdus
13763.0,United Kingdom,63,1,1714.96,2,1,4,Perdus
13764.0,United Kingdom,71,3,1521.76,2,3,3,Fideles
13767.0,United Kingdom,2,37,17220.36,4,4,4,Champions
13769.0,United Kingdom,2,10,2796.51,4,4,4,Champions
13771.0,United Kingdom,64,4,2634.45,2,3,4,Fideles
13772.0,United Kingdom,34,3,1132.13,3,3,3,Fideles
13774.0,United Kingdom,82,1,345.0,2,1,2,Perdus
13777.0,United Kingdom,1,33,25977.16,4,4,4,Champions
13778.0,United Kingdom,103,1,178.7,2,1,1,Perdus
13780.0,United Kingdom,7,2,360.01,4,2,2,Nouveaux
13781.0,United Kingdom,251,1,127.84,1,1,1,Perdus
13782.0,United Kingdom,13,6,912.0,4,4,3,Fideles
13784.0,United Kingdom,10,11,2462.79,4,4,4,Champions
13786.0,United Kingdom,367,1,230.4,1,1,1,Perdus
13787.0,United Kingdom,76,2,309.04,2,2,2,Perdus
13790.0,United Kingdom,4,1,348.8,4,1,2,Nouveaux
13791.0,United Kingdom,128,2,1516.0,2,2,3,Perdus
13792.0,United Kingdom,66,2,195.55,2,2,1,Perdus
13798.0,United Kingdom,1,57,37153.85,4,4,4,Champions
13799.0,United Kingdom,117,2,688.86,2,2,3,Perdus
13800.0,United Kingdom,310,1,558.32,1,1,2,Perdus
13801.0,United Kingdom,67,1,324.8,2,1,2,Perdus
13802.0,United Kingdom,139,3,4599.42,2,3,4,Fideles
13803.0,United Kingdom,255,1,277.07,1,1,1,Perdus
13804.0,United Kingdom,31,7,2635.79,3,4,4,Fideles
13805.0,United Kingdom,52,2,924.6,2,2,3,Perdus
13806.0,United Kingdom,64,1,256.38,2,1,1,Perdus
13807.0,United Kingdom,367,1,112.6,1,1,1,Perdus
13808.0,United Kingdom,6,5,1747.66,4,4,4,Champions
13809.0,Cyprus,305,1,155.05,1,1,1,Perdus
13810.0,Germany,29,3,1499.01,3,3,3,Fideles
13811.0,Germany,184,3,814.5,1,3,3,Fideles
13812.0,Germany,42,3,539.0,3,3,2,Reguliers
13813.0,Germany,40,4,1366.86,3,3,3,Fideles
13814.0,Germany,92,2,1579.12,2,2,3,Perdus
13815.0,Germany,22,4,4027.36,3,3,4,Fideles
13816.0,Germany,24,2,571.67,3,2,2,Reguliers
13817.0,Germany,29,2,382.98,3,2,2,Reguliers
13819.0,United Kingdom,302,3,1140.35,1,3,3,Fideles
13821.0,United Kingdom,145,2,385.64,1,2,2,Perdus
13822.0,United Kingdom,6,2,632.0,4,2,2,Nouveaux
13823.0,United Kingdom,19,2,957.66,3,2,3,Reguliers
13824.0,United Kingdom,33,5,1698.94,3,4,4,Fideles
13826.0,United Kingdom,176,1,189.5,1,1,1,Perdus
13827.0,United Kingdom,58,3,412.05,2,3,2,A risque
13828.0,United Kingdom,22,1,209.49,3,1,1,Reguliers
13831.0,United Kingdom,16,6,2202.99,4,4,4,Champions
13832.0,United Kingdom,19,1,52.2,3,1,1,Reguliers
13833.0,United Kingdom,159,1,384.8,1,1,2,Perdus
13835.0,United Kingdom,25,4,834.57,3,3,3,Fideles
13837.0,United Kingdom,212,2,271.24,1,2,1,Perdus
13838.0,United Kingdom,6,4,691.73,4,3,3,Fideles
13841.0,United Kingdom,253,1,85.0,1,1,1,Perdus
13842.0,United Kingdom,59,9,3385.62,2,4,4,Fideles
13844.0,United Kingdom,11,1,361.62,4,1,2,Nouveaux
13845.0,United Kingdom,65,1,312.98,2,1,2,Perdus
13846.0,United Kingdom,25,3,865.06,3,3,3,Fideles
13848.0,United Kingdom,92,3,1255.0,2,3,3,Fideles
13849.0,United Kingdom,52,2,1537.95,2,2,3,Perdus
13850.0,United Kingdom,129,1,1595.48,2,1,3,Perdus
13851.0,United Kingdom,96,3,2651.46,2,3,4,Fideles
13853.0,United Kingdom,57,1,1090.14,2,1,3,Perdus
13854.0,United Kingdom,9,25,8109.52,4,4,4,Champions
13856.0,United Kingdom,169,3,388.5,1,3,2,A risque
13858.0,United Kingdom,57,1,216.17,2,1,1,Perdus
13859.0,United Kingdom,326,1,201.16,1,1,1,Perdus
13860.0,United Kingdom,1,5,1245.9,4,4,3,Fideles
13862.0,United Kingdom,18,8,2209.36,4,4,4,Champions
13863.0,United Kingdom,248,1,305.78,1,1,1,Perdus
13865.0,United Kingdom,58,4,501.56,2,3,2,A risque
13866.0,United Kingdom,74,1,145.67,2,1,1,Perdus
13867.0,United Kingdom,31,3,1015.29,3,3,3,Fideles
13868.0,United Kingdom,7,2,3192.54,4,2,4,Nouveaux
13869.0,United Kingdom,123,4,3104.95,2,3,4,Fideles
13870.0,United Kingdom,2,8,2770.94,4,4,4,Champions
13871.0,United Kingdom,23,13,6403.25,3,4,4,Fideles
13873.0,United Kingdom,120,3,389.6,2,3,2,A risque
13874.0,United Kingdom,358,1,540.45,1,1,2,Perdus
13875.0,United Kingdom,54,5,1786.79,2,4,4,Fideles
13876.0,United Kingdom,64,1,122.7,2,1,1,Perdus
13877.0,United Kingdom,86,1,117.24,2,1,1,Perdus
13878.0,United Kingdom,55,1,1281.53,2,1,3,Perdus
13880.0,United Kingdom,21,13,3219.77,3,4,4,Fideles
13881.0,United Kingdom,4,20,17159.52,4,4,4,Champions
13882.0,United Kingdom,3,5,1191.13,4,4,3,Fideles
13883.0,United Kingdom,11,5,2674.48,4,4,4,Champions
13884.0,United Kingdom,7,5,787.6,4,4,3,Fideles
13885.0,United Kingdom,189,2,506.8,1,2,2,Perdus
13886.0,United Kingdom,71,1,243.56,2,1,1,Perdus
13887.0,United Kingdom,204,1,349.55,1,1,2,Perdus
13888.0,United Kingdom,120,2,605.63,2,2,2,Perdus
13889.0,United Kingdom,93,1,416.9,2,1,2,Perdus
13890.0,United Kingdom,1,10,1883.81,4,4,4,Champions
13892.0,United Kingdom,27,4,632.97,3,3,2,Reguliers
13893.0,United Kingdom,298,1,821.1,1,1,3,Perdus
13894.0,United Kingdom,24,3,564.62,3,3,2,Reguliers
13895.0,United Kingdom,28,4,2593.07,3,3,4,Fideles
13897.0,United Kingdom,50,1,311.16,3,1,2,Reguliers
13898.0,United Kingdom,326,1,155.93,1,1,1,Perdus
13899.0,United Kingdom,16,2,388.52,4,2,2,Nouveaux
13900.0,United Kingdom,183,3,740.95,1,3,3,Fideles
13901.0,United Kingdom,72,5,2867.2,2,4,4,Fideles
13904.0,United Kingdom,37,2,332.64,3,2,2,Reguliers
13908.0,United Kingdom,80,4,2369.55,2,3,4,Fideles
13911.0,United Kingdom,57,9,2580.91,2,4,4,Fideles
13914.0,United Kingdom,12,2,626.45,4,2,2,Nouveaux
13917.0,United Kingdom,50,2,272.04,3,2,1,Reguliers
13918.0,United Kingdom,50,2,1212.84,3,2,3,Reguliers
13919.0,Denmark,59,2,384.81,2,2,2,Perdus
13922.0,United Kingdom,352,1,172.25,1,1,1,Perdus
13923.0,United Kingdom,54,1,351.13,2,1,2,Perdus
13924.0,United Kingdom,2,6,1838.85,4,4,4,Champions
13925.0,United Kingdom,93,4,678.25,2,3,3,Fideles
13926.0,United Kingdom,23,1,223.85,3,1,1,Reguliers
13927.0,United Kingdom,75,1,348.99,2,1,2,Perdus
13928.0,United Kingdom,11,4,464.57,4,3,2,Reguliers
13929.0,United Kingdom,169,2,842.65,1,2,3,Perdus
13930.0,United Kingdom,58,2,337.34,2,2,2,Perdus
13931.0,United Kingdom,96,2,1237.53,2,2,3,Perdus
13932.0,United Kingdom,295,1,307.4,1,1,2,Perdus
13933.0,United Kingdom,109,2,608.79,2,2,2,Perdus
13934.0,United Kingdom,264,1,922.1,1,1,3,Perdus
13936.0,United Kingdom,180,1,376.58,1,1,2,Perdus
13937.0,United Kingdom,169,1,158.85,1,1,1,Perdus
13938.0,United Kingdom,35,1,71.66,3,1,1,Reguliers
13939.0,United Kingdom,23,3,568.55,3,3,2,Reguliers
13940.0,United Kingdom,17,4,839.14,4,3,3,Fideles
13941.0,United Kingdom,22,5,5112.96,3,4,4,Fideles
13946.0,United Kingdom,79,3,561.57,2,3,2,A risque
13947.0,United Kingdom,65,1,90.6,2,1,1,Perdus
13948.0,United Kingdom,361,1,102.0,1,1,1,Perdus
13949.0,United Kingdom,3,6,2427.32,4,4,4,Champions
13950.0,United Kingdom,11,4,745.06,4,3,3,Fideles
13951.0,United Kingdom,176,3,674.45,1,3,3,Fideles
13952.0,United Kingdom,218,2,3251.07,1,2,4,Perdus
13953.0,United Kingdom,7,7,3515.68,4,4,4,Champions
13954.0,United Kingdom,2,2,439.92,4,2,2,Nouveaux
13955.0,United Kingdom,154,2,322.96,1,2,2,Perdus
13956.0,United Kingdom,5,5,1026.42,4,4,3,Fideles
13959.0,United Kingdom,79,3,598.2,2,3,2,A risque
13960.0,United Kingdom,21,2,230.22,3,2,1,Reguliers
13962.0,United Kingdom,22,2,169.55,3,2,1,Reguliers
13963.0,United Kingdom,308,4,664.54,1,3,2,A risque
13967.0,United Kingdom,146,1,80.7,1,1,1,Perdus
13969.0,United Kingdom,7,18,9053.94,4,4,4,Champions
13971.0,United Kingdom,19,8,2758.26,3,4,4,Fideles
13972.0,United Kingdom,71,2,190.25,2,2,1,Perdus
13973.0,United Kingdom,287,1,264.7,1,1,1,Perdus
13974.0,United Kingdom,49,1,413.59,3,1,2,Reguliers
13975.0,United Kingdom,31,6,2526.28,3,4,4,Fideles
13976.0,United Kingdom,207,1,357.98,1,1,2,Perdus
13978.0,United Kingdom,15,2,196.79,4,2,1,Nouveaux
13979.0,United Kingdom,73,1,869.87,2,1,3,Perdus
13980.0,United Kingdom,60,1,200.14,2,1,1,Perdus
13982.0,United Kingdom,39,4,1871.81,3,3,4,Fideles
13983.0,United Kingdom,30,12,2603.43,3,4,4,Fideles
13984.0,United Kingdom,27,5,920.51,3,4,3,Fideles
13985.0,United Kingdom,4,15,7060.13,4,4,4,Champions
13986.0,United Kingdom,17,1,320.46,4,1,2,Nouveaux
13988.0,United Kingdom,20,6,4147.96,3,4,4,Fideles
13989.0,United Kingdom,66,2,1266.08,2,2,3,Perdus
13990.0,United Kingdom,213,1,311.3,1,1,2,Perdus
13991.0,United Kingdom,12,6,855.97,4,4,3,Fideles
13992.0,United Kingdom,30,1,76.8,3,1,1,Reguliers
13993.0,United Kingdom,43,9,3466.36,3,4,4,Fideles
13994.0,United Kingdom,4,6,2313.14,4,4,4,Champions
13995.0,United Kingdom,15,5,1393.69,4,4,3,Fideles
13999.0,United Kingdom,10,12,3901.81,4,4,4,Champions
14000.0,United Kingdom,211,1,635.66,1,1,2,Perdus
14001.0,United Kingdom,46,3,2043.08,3,3,4,Fideles
14002.0,United Kingdom,134,2,529.73,2,2,2,Perdus
14004.0,United Kingdom,43,7,4582.64,3,4,4,Fideles
14005.0,United Kingdom,10,5,2874.72,4,4,4,Champions
14006.0,United Kingdom,116,3,962.19,2,3,3,Fideles
14009.0,United Kingdom,198,2,695.61,1,2,3,Perdus
14012.0,United Kingdom,278,1,328.8,1,1,2,Perdus
14013.0,United Kingdom,110,3,473.02,2,3,2,A risque
14014.0,United Kingdom,77,1,505.18,2,1,2,Perdus
14015.0,United Kingdom,53,1,917.34,2,1,3,Perdus
14016.0,EIRE,162,4,4341.21,1,3,4,Fideles
14019.0,United Kingdom,47,3,1421.61,3,3,3,Fideles
14020.0,United Kingdom,17,2,642.8,4,2,2,Nouveaux
14021.0,United Kingdom,155,3,631.9,1,3,2,A risque
14022.0,United Kingdom,225,1,440.0,1,1,2,Perdus
14023.0,United Kingdom,7,2,584.07,4,2,2,Nouveaux
14024.0,United Kingdom,122,2,327.7,2,2,2,Perdus
14027.0,United Kingdom,61,1,104.82,2,1,1,Perdus
14029.0,United Kingdom,63,2,467.66,2,2,2,Perdus
14030.0,United Kingdom,18,8,2360.09,4,4,4,Champions
14031.0,United Kingdom,7,19,17286.86,4,4,4,Champions
14032.0,United Kingdom,2,11,2975.59,4,4,4,Champions
14034.0,United Kingdom,22,3,651.82,3,3,2,Reguliers
14035.0,United Kingdom,29,5,1428.02,3,4,3,Fideles
14036.0,United Kingdom,285,1,626.65,1,1,2,Perdus
14037.0,United Kingdom,176,2,147.2,1,2,1,Perdus
14038.0,United Kingdom,78,3,1560.38,2,3,3,Fideles
14039.0,United Kingdom,33,1,152.2,3,1,1,Reguliers
14040.0,United Kingdom,41,12,3614.92,3,4,4,Fideles
14041.0,United Kingdom,266,1,141.41,1,1,1,Perdus
14044.0,United Kingdom,27,4,652.82,3,3,2,Reguliers
14045.0,United Kingdom,109,4,1659.75,2,3,3,Fideles
14046.0,United Kingdom,284,1,154.99,1,1,1,Perdus
14047.0,United Kingdom,9,5,1308.61,4,4,3,Fideles
14048.0,United Kingdom,305,1,409.93,1,1,2,Perdus
14049.0,United Kingdom,17,4,5681.72,4,3,4,Fideles
14050.0,United Kingdom,32,2,746.36,3,2,3,Reguliers
14051.0,United Kingdom,1,23,15610.39,4,4,4,Champions
14052.0,United Kingdom,20,1,225.36,3,1,1,Reguliers
14053.0,United Kingdom,124,2,260.25,2,2,1,Perdus
14054.0,United Kingdom,65,1,92.46,2,1,1,Perdus
14055.0,United Kingdom,106,1,725.64,2,1,3,Perdus
14056.0,United Kingdom,1,23,8214.65,4,4,4,Champions
14057.0,United Kingdom,24,17,6217.96,3,4,4,Fideles
14059.0,United Kingdom,267,1,183.6,1,1,1,Perdus
14060.0,United Kingdom,5,19,6140.42,4,4,4,Champions
14062.0,United Kingdom,10,12,10464.85,4,4,4,Champions
14064.0,United Kingdom,29,5,1353.74,3,4,3,Fideles
14066.0,United Kingdom,267,1,152.55,1,1,1,Perdus
14067.0,United Kingdom,64,2,374.7,2,2,2,Perdus
14068.0,United Kingdom,320,1,265.85,1,1,1,Perdus
14071.0,United Kingdom,4,8,1438.82,4,4,3,Fideles
14073.0,United Kingdom,32,1,151.04,3,1,1,Reguliers
14075.0,United Kingdom,5,3,942.26,4,3,3,Fideles
14076.0,United Kingdom,129,1,122.47,2,1,1,Perdus
14077.0,United Kingdom,41,5,499.42,3,4,2,Reguliers
14078.0,United Kingdom,102,6,1049.37,2,4,3,Fideles
14079.0,United Kingdom,125,1,375.1,2,1,2,Perdus
14080.0,United Kingdom,33,1,45.6,3,1,1,Reguliers
14081.0,United Kingdom,302,2,934.52,1,2,3,Perdus
14082.0,United Kingdom,365,1,182.25,1,1,1,Perdus
14083.0,United Kingdom,4,9,1018.43,4,4,3,Fideles
14085.0,United Kingdom,2,18,4448.54,4,4,4,Champions
14087.0,United Kingdom,3,1,194.42,4,1,1,Nouveaux
14088.0,United Kingdom,10,13,50491.81,4,4,4,Champions
14089.0,United Kingdom,57,1,161.0,2,1,1,Perdus
14090.0,United Kingdom,325,1,76.32,1,1,1,Perdus
14092.0,United Kingdom,8,14,4076.91,4,4,4,Champions
14093.0,United Kingdom,12,1,442.85,4,1,2,Nouveaux
14096.0,United Kingdom,4,17,65164.79,4,4,4,Champions
14098.0,United Kingdom,37,1,147.35,3,1,1,Reguliers
14099.0,United Kingdom,16,11,3104.17,4,4,4,Champions
14100.0,United Kingdom,138,1,194.9,2,1,1,Perdus
14101.0,United Kingdom,74,6,5976.79,2,4,4,Fideles
14102.0,United Kingdom,5,5,1360.28,4,4,3,Fideles
14104.0,United Kingdom,155,2,216.21,1,2,1,Perdus
14105.0,United Kingdom,239,1,1266.23,1,1,3,Perdus
14107.0,United Kingdom,52,7,2703.23,2,4,4,Fideles
14108.0,United Kingdom,31,2,597.91,3,2,2,Reguliers
14109.0,United Kingdom,73,1,144.2,2,1,1,Perdus
14110.0,United Kingdom,4,12,5683.15,4,4,4,Champions
14111.0,United Kingdom,14,4,692.85,4,3,3,Fideles
14112.0,United Kingdom,23,7,2915.15,3,4,4,Fideles
14113.0,United Kingdom,4,4,1840.42,4,3,4,Fideles
14114.0,United Kingdom,274,2,386.53,1,2,2,Perdus
14116.0,United Kingdom,20,5,1382.74,3,4,3,Fideles
14117.0,United Kingdom,144,1,90.0,1,1,1,Perdus
14121.0,United Kingdom,4,4,2780.15,4,3,4,Fideles
14124.0,United Kingdom,84,1,419.58,2,1,2,Perdus
14125.0,United Kingdom,11,3,2740.43,4,3,4,Fideles
14126.0,United Kingdom,8,3,706.13,4,3,3,Fideles
14127.0,United Kingdom,123,3,709.71,2,3,3,Fideles
14128.0,United Kingdom,61,2,637.5,2,2,2,Perdus
14129.0,United Kingdom,2,5,1123.86,4,4,3,Fideles
14130.0,United Kingdom,319,1,483.86,1,1,2,Perdus
14132.0,United Kingdom,2,11,3586.03,4,4,4,Champions
14133.0,United Kingdom,130,3,605.64,2,3,2,A risque
14135.0,United Kingdom,2,15,4690.31,4,4,4,Champions
14138.0,United Kingdom,2,2,982.38,4,2,3,Nouveaux
14139.0,United Kingdom,46,1,415.82,3,1,2,Reguliers
14140.0,United Kingdom,4,2,935.05,4,2,3,Nouveaux
14141.0,United Kingdom,3,4,915.13,4,3,3,Fideles
14142.0,United Kingdom,373,1,311.81,1,1,2,Perdus
14143.0,United Kingdom,134,1,115.8,2,1,1,Perdus
14145.0,United Kingdom,47,4,3742.2,3,3,4,Fideles
14146.0,United Kingdom,9,5,4191.0,4,4,4,Champions
14147.0,United Kingdom,78,2,483.4,2,2,2,Perdus
14148.0,United Kingdom,234,1,157.2,1,1,1,Perdus
14149.0,United Kingdom,221,1,446.62,1,1,2,Perdus
14150.0,United Kingdom,36,2,658.64,3,2,2,Reguliers
14152.0,United Kingdom,75,2,621.29,2,2,2,Perdus
14154.0,United Kingdom,239,2,1345.62,1,2,3,Perdus
14155.0,United Kingdom,266,1,118.75,1,1,1,Perdus
14156.0,EIRE,10,55,117379.63,4,4,4,Champions
14157.0,United Kingdom,20,2,432.88,3,2,2,Reguliers
14158.0,United Kingdom,40,1,507.66,3,1,2,Reguliers
14159.0,United Kingdom,20,11,4693.01,3,4,4,Fideles
14161.0,United Kingdom,216,3,1110.52,1,3,3,Fideles
14162.0,United Kingdom,174,2,289.36,1,2,1,Perdus
14163.0,United Kingdom,87,4,2445.91,2,3,4,Fideles
14164.0,United Kingdom,71,2,1631.77,2,2,3,Perdus
14165.0,United Kingdom,276,1,122.54,1,1,1,Perdus
14167.0,United Kingdom,39,4,574.84,3,3,2,Reguliers
14171.0,United Kingdom,98,1,363.79,2,1,2,Perdus
14173.0,United Kingdom,11,4,450.84,4,3,2,Reguliers
14174.0,United Kingdom,33,1,134.46,3,1,1,Reguliers
14175.0,United Kingdom,60,3,3222.3,2,3,4,Fideles
14176.0,United Kingdom,297,4,576.9,1,3,2,A risque
14177.0,United Kingdom,86,4,559.41,2,3,2,A risque
14178.0,United Kingdom,9,7,1620.93,4,4,3,Fideles
14179.0,United Kingdom,41,2,719.78,3,2,3,Reguliers
14180.0,United Kingdom,11,25,4748.52,4,4,4,Champions
14184.0,United Kingdom,67,1,452.89,2,1,2,Perdus
14185.0,United Kingdom,331,1,197.65,1,1,1,Perdus
14188.0,United Kingdom,31,6,2054.36,3,4,4,Fideles
14189.0,United Kingdom,2,15,4654.08,4,4,4,Champions
14191.0,United Kingdom,2,13,4684.76,4,4,4,Champions
14193.0,United Kingdom,68,2,853.39,2,2,3,Perdus
14194.0,United Kingdom,5,21,11349.52,4,4,4,Champions
14195.0,United Kingdom,202,2,1012.0,1,2,3,Perdus
14196.0,United Kingdom,107,1,335.52,2,1,2,Perdus
14198.0,United Kingdom,18,4,701.4,4,3,3,Fideles
14199.0,United Kingdom,218,1,185.4,1,1,1,Perdus
14201.0,United Kingdom,60,7,747.44,2,4,3,Fideles
14204.0,United Kingdom,2,1,161.03,4,1,1,Nouveaux
14205.0,United Kingdom,17,2,466.7,4,2,2,Nouveaux
14206.0,United Kingdom,239,1,328.16,1,1,2,Perdus
14208.0,United Kingdom,95,1,151.74,2,1,1,Perdus
14209.0,United Kingdom,11,6,2073.43,4,4,4,Champions
14210.0,United Kingdom,106,6,1905.84,2,4,4,Fideles
14211.0,United Kingdom,53,9,2241.1,2,4,4,Fideles
14212.0,United Kingdom,90,1,1070.48,2,1,3,Perdus
14214.0,United Kingdom,31,5,1004.38,3,4,3,Fideles
14215.0,United Kingdom,12,6,1789.72,4,4,4,Champions
14216.0,United Kingdom,3,4,1839.3,4,3,4,Fideles
14217.0,United Kingdom,2,17,2004.98,4,4,4,Champions
14218.0,United Kingdom,43,1,169.48,3,1,1,Reguliers
14219.0,United Kingdom,4,1,89.94,4,1,1,Nouveaux
14220.0,United Kingdom,247,2,632.4,1,2,2,Perdus
14221.0,United Kingdom,42,9,3432.8,3,4,4,Fideles
14222.0,United Kingdom,177,1,683.17,1,1,3,Perdus
14223.0,United Kingdom,92,3,991.13,2,3,3,Fideles
14224.0,United Kingdom,110,4,1050.12,2,3,3,Fideles
14226.0,United Kingdom,29,5,2232.19,3,4,4,Fideles
14227.0,United Kingdom,26,10,3350.96,3,4,4,Fideles
14229.0,United Kingdom,52,3,1547.2,2,3,3,Fideles
14231.0,United Kingdom,184,3,925.71,1,3,3,Fideles
14232.0,United Kingdom,43,5,2048.07,3,4,4,Fideles
14233.0,United Kingdom,49,4,1462.72,3,3,3,Fideles
14234.0,United Kingdom,22,4,775.46,3,3,3,Fideles
14235.0,United Kingdom,75,5,3144.86,2,4,4,Fideles
14236.0,United Kingdom,81,2,490.86,2,2,2,Perdus
14237.0,United Kingdom,373,1,161.0,1,1,1,Perdus
14238.0,United Kingdom,326,1,146.85,1,1,1,Perdus
14239.0,United Kingdom,43,11,2380.85,3,4,4,Fideles
14240.0,United Kingdom,30,2,890.34,3,2,3,Reguliers
14241.0,United Kingdom,184,1,213.7,1,1,1,Perdus
14242.0,United Kingdom,235,2,280.55,1,2,1,Perdus
14243.0,United Kingdom,9,10,2588.77,4,4,4,Champions
14245.0,United Kingdom,220,2,1693.45,1,2,4,Perdus
14246.0,United Kingdom,111,3,1474.06,2,3,3,Fideles
14247.0,United Kingdom,278,1,136.77,1,1,1,Perdus
14248.0,United Kingdom,318,1,302.58,1,1,1,Perdus
14250.0,United Kingdom,7,3,1904.05,4,3,4,Fideles
14251.0,United Kingdom,2,5,2879.7,4,4,4,Champions
14256.0,United Kingdom,260,2,969.06,1,2,3,Perdus
14257.0,United Kingdom,64,5,3099.72,2,4,4,Fideles
14258.0,United Kingdom,9,9,12669.98,4,4,4,Champions
14259.0,United Kingdom,142,1,120.0,2,1,1,Perdus
14261.0,United Kingdom,51,2,1163.45,3,2,3,Reguliers
14262.0,United Kingdom,8,8,2618.23,4,4,4,Champions
14264.0,United Kingdom,155,2,333.97,1,2,2,Perdus
14265.0,Unspecified,109,2,530.18,2,2,2,Perdus
14267.0,United Kingdom,163,3,1516.24,1,3,3,Fideles
14270.0,United Kingdom,332,1,492.65,1,1,2,Perdus
14271.0,United Kingdom,226,1,112.32,1,1,1,Perdus
14272.0,United Kingdom,74,2,437.96,2,2,2,Perdus
14273.0,United Kingdom,51,4,559.97,3,3,2,Reguliers
14276.0,United Kingdom,99,3,1119.74,2,3,3,Fideles
14277.0,France,15,3,4216.2,4,3,4,Fideles
14280.0,United Kingdom,197,1,134.04,1,1,1,Perdus
14282.0,United Kingdom,3,15,3729.34,4,4,4,Champions
14284.0,United Kingdom,31,2,595.25,3,2,2,Reguliers
14285.0,United Kingdom,21,4,1910.01,3,3,4,Fideles
14286.0,United Kingdom,24,3,4628.75,3,3,4,Fideles
14287.0,United Kingdom,8,3,176.63,4,3,1,Reguliers
14288.0,United Kingdom,213,1,426.6,1,1,2,Perdus
14289.0,United Kingdom,9,6,911.26,4,4,3,Fideles
14290.0,United Kingdom,11,5,2314.65,4,4,4,Champions
14291.0,United Kingdom,2,11,3883.25,4,4,4,Champions
14292.0,United Kingdom,8,9,4871.93,4,4,4,Champions
14293.0,United Kingdom,3,4,1046.56,4,3,3,Fideles
14295.0,United Kingdom,40,1,166.2,3,1,1,Reguliers
14297.0,United Kingdom,18,4,1305.33,4,3,3,Fideles
14298.0,United Kingdom,8,44,51527.3,4,4,4,Champions
14299.0,United Kingdom,8,9,3965.62,4,4,4,Champions
14300.0,United Kingdom,19,1,43.2,3,1,1,Reguliers
14301.0,United Kingdom,117,1,640.14,2,1,2,Perdus
14304.0,United Kingdom,223,1,383.45,1,1,2,Perdus
14305.0,United Kingdom,71,3,1858.96,2,3,4,Fideles
14306.0,United Kingdom,51,2,2093.32,3,2,4,Reguliers
14307.0,United Kingdom,89,6,2995.72,2,4,4,Fideles
14309.0,United Kingdom,8,9,2352.53,4,4,4,Champions
14311.0,United Kingdom,243,1,310.26,1,1,2,Perdus
14312.0,United Kingdom,47,6,1611.59,3,4,3,Fideles
14314.0,United Kingdom,107,1,120.0,2,1,1,Perdus
14315.0,United Kingdom,45,6,2481.13,3,4,4,Fideles
14317.0,United Kingdom,65,1,508.58,2,1,2,Perdus
14320.0,United Kingdom,207,2,477.79,1,2,2,Perdus
14321.0,United Kingdom,11,5,1530.75,4,4,3,Fideles
14323.0,United Kingdom,115,2,605.06,2,2,2,Perdus
14326.0,United Kingdom,242,1,183.85,1,1,1,Perdus
14327.0,United Kingdom,163,1,311.65,1,1,2,Perdus
14329.0,United Kingdom,17,7,5014.84,4,4,4,Champions
14331.0,United Kingdom,124,2,462.66,2,2,2,Perdus
14332.0,United Kingdom,23,3,866.31,3,3,3,Fideles
14333.0,United Kingdom,68,1,415.2,2,1,2,Perdus
14334.0,United Kingdom,17,8,2552.21,4,4,4,Champions
14335.0,Germany,16,2,468.26,4,2,2,Nouveaux
14336.0,United Kingdom,17,4,1614.91,4,3,3,Fideles
14338.0,United Kingdom,161,2,588.22,1,2,2,Perdus
14339.0,United Kingdom,243,1,309.52,1,1,2,Perdus
14340.0,United Kingdom,219,1,134.7,1,1,1,Perdus
14341.0,United Kingdom,45,8,2182.28,3,4,4,Fideles
14342.0,United Kingdom,21,4,668.56,3,3,2,Reguliers
14344.0,United Kingdom,127,8,889.93,2,4,3,Fideles
14345.0,United Kingdom,39,1,108.98,3,1,1,Reguliers
14346.0,United Kingdom,121,2,1021.58,2,2,3,Perdus
14348.0,United Kingdom,260,1,409.57,1,1,2,Perdus
14349.0,United Kingdom,10,1,133.5,4,1,1,Nouveaux
14350.0,United Kingdom,274,1,282.93,1,1,1,Perdus
14351.0,United Kingdom,165,1,51.0,1,1,1,Perdus
14352.0,United Kingdom,157,4,1078.96,1,3,3,Fideles
14353.0,United Kingdom,215,1,90.6,1,1,1,Perdus
14354.0,United Kingdom,6,2,163.62,4,2,1,Nouveaux
14355.0,United Kingdom,366,1,174.4,1,1,1,Perdus
14356.0,United Kingdom,80,2,701.23,2,2,3,Perdus
14357.0,United Kingdom,43,1,225.77,3,1,1,Reguliers
14359.0,United Kingdom,19,3,912.18,3,3,3,Fideles
14360.0,United Kingdom,32,4,2128.23,3,3,4,Fideles
14362.0,United Kingdom,22,1,161.2,3,1,1,Reguliers
14364.0,United Kingdom,109,8,3717.35,2,4,4,Fideles
14367.0,United Kingdom,8,16,9261.52,4,4,4,Champions
14368.0,United Kingdom,320,1,155.0,1,1,1,Perdus
14371.0,United Kingdom,295,1,100.5,1,1,1,Perdus
14373.0,United Kingdom,358,1,76.55,1,1,1,Perdus
14375.0,United Kingdom,185,1,257.68,1,1,1,Perdus
14377.0,United Kingdom,191,2,617.05,1,2,2,Perdus
14379.0,United Kingdom,44,2,348.1,3,2,2,Reguliers
14381.0,United Kingdom,52,1,202.68,2,1,1,Perdus
14382.0,United Kingdom,26,1,626.07,3,1,2,Reguliers
14383.0,United Kingdom,38,3,1247.69,3,3,3,Fideles
14385.0,United Kingdom,9,3,202.11,4,3,1,Reguliers
14386.0,United Kingdom,297,1,142.4,1,1,1,Perdus
14387.0,United Kingdom,33,3,1770.56,3,3,4,Fideles
14388.0,United Kingdom,10,8,3212.84,4,4,4,Champions
14389.0,United Kingdom,65,2,1043.46,2,2,3,Perdus
14390.0,United Kingdom,10,9,4652.82,4,4,4,Champions
14393.0,United Kingdom,218,1,67.95,1,1,1,Perdus
14395.0,United Kingdom,2,9,3507.71,4,4,4,Champions
14396.0,United Kingdom,65,2,487.99,2,2,2,Perdus
14397.0,United Kingdom,3,19,2612.96,4,4,4,Champions
14400.0,United Kingdom,149,1,574.7,1,1,2,Perdus
14401.0,United Kingdom,4,13,4051.48,4,4,4,Champions
14403.0,United Kingdom,130,4,1475.81,2,3,3,Fideles
14404.0,United Kingdom,34,6,1474.32,3,4,3,Fideles
14406.0,United Kingdom,119,1,156.75,2,1,1,Perdus
14407.0,United Kingdom,107,6,2157.73,2,4,4,Fideles
14408.0,United Kingdom,11,7,2606.53,4,4,4,Champions
14409.0,United Kingdom,71,6,2059.45,2,4,4,Fideles
14410.0,United Kingdom,92,9,1105.07,2,4,3,Fideles
14411.0,United Kingdom,311,1,1063.0,1,1,3,Perdus
14412.0,United Kingdom,43,2,770.03,3,2,3,Reguliers
14413.0,United Kingdom,362,1,122.7,1,1,1,Perdus
14414.0,United Kingdom,92,7,1496.98,2,4,3,Fideles
14415.0,United Kingdom,1,13,5900.28,4,4,4,Champions
14416.0,United Kingdom,22,2,490.22,3,2,2,Reguliers
14418.0,United Kingdom,4,3,1937.25,4,3,4,Fideles
14419.0,United Kingdom,11,6,1058.06,4,4,3,Fideles
14420.0,United Kingdom,99,1,387.52,2,1,2,Perdus
14421.0,United Kingdom,57,2,813.11,2,2,3,Perdus
14422.0,United Kingdom,1,6,4263.64,4,4,4,Champions
14423.0,United Kingdom,218,1,265.2,1,1,1,Perdus
14424.0,United Kingdom,18,1,322.08,4,1,2,Nouveaux
14426.0,United Kingdom,24,10,4481.67,3,4,4,Fideles
14427.0,United Kingdom,50,2,363.34,3,2,2,Reguliers
14428.0,United Kingdom,7,5,1244.83,4,4,3,Fideles
14431.0,United Kingdom,303,1,470.36,1,1,2,Perdus
14432.0,United Kingdom,10,6,2255.51,4,4,4,Champions
14434.0,United Kingdom,22,6,1372.8,3,4,3,Fideles
14436.0,United Kingdom,99,1,89.06,2,1,1,Perdus
14437.0,United Kingdom,366,1,63.0,1,1,1,Perdus
14438.0,United Kingdom,306,1,131.9,1,1,1,Perdus
14439.0,Greece,320,1,2661.24,1,1,4,Perdus
14440.0,United Kingdom,8,5,2357.68,4,4,4,Champions
14441.0,United Kingdom,1,4,1712.89,4,3,4,Fideles
14442.0,Channel Islands,205,2,1589.82,1,2,3,Perdus
14443.0,United Kingdom,54,4,1420.2,2,3,3,Fideles
14446.0,United Kingdom,1,4,1039.58,4,3,3,Fideles
14447.0,United Kingdom,19,5,1163.23,3,4,3,Fideles
14448.0,United Kingdom,9,2,375.35,4,2,2,Nouveaux
14449.0,United Kingdom,19,4,907.1,3,3,3,Fideles
14450.0,United Kingdom,181,3,483.25,1,3,2,A risque
14451.0,United Kingdom,60,2,662.59,2,2,2,Perdus
14452.0,United Kingdom,11,2,264.44,4,2,1,Nouveaux
14453.0,United Kingdom,190,1,119.93,1,1,1,Perdus
14456.0,United Kingdom,5,9,3062.4,4,4,4,Champions
14457.0,United Kingdom,311,1,113.64,1,1,1,Perdus
14459.0,United Kingdom,155,1,1837.92,1,1,4,Perdus
14460.0,United Kingdom,110,3,434.34,2,3,2,A risque
14461.0,United Kingdom,148,3,2103.06,1,3,4,Fideles
14462.0,United Kingdom,66,11,2004.02,2,4,4,Fideles
14463.0,United Kingdom,98,3,529.62,2,3,2,A risque
14465.0,United Kingdom,247,3,1058.62,1,3,3,Fideles
14466.0,United Kingdom,29,7,2272.4,3,4,4,Fideles
14467.0,United Kingdom,18,4,598.76,4,3,2,Reguliers
14470.0,United Kingdom,12,2,461.19,4,2,2,Nouveaux
14472.0,United Kingdom,104,8,1936.84,2,4,4,Fideles
14473.0,United Kingdom,74,2,234.34,2,2,1,Perdus
14474.0,United Kingdom,46,1,547.66,3,1,2,Reguliers
14475.0,United Kingdom,72,3,925.85,2,3,3,Fideles
14476.0,United Kingdom,257,1,215.7,1,1,1,Perdus
14477.0,United Kingdom,20,4,1309.6,3,3,3,Fideles
14479.0,United Kingdom,254,2,316.25,1,2,2,Perdus
14480.0,United Kingdom,11,1,279.05,4,1,1,Nouveaux
14481.0,United Kingdom,165,2,636.51,1,2,2,Perdus
14482.0,United Kingdom,18,6,2068.15,4,4,4,Champions
14483.0,United Kingdom,282,1,137.1,1,1,1,Perdus
14484.0,United Kingdom,50,1,321.92,3,1,2,Reguliers
14485.0,United Kingdom,39,1,165.75,3,1,1,Reguliers
14487.0,United Kingdom,27,6,1196.33,3,4,3,Fideles
14488.0,United Kingdom,68,1,1064.28,2,1,3,Perdus
14489.0,United Kingdom,207,1,463.38,1,1,2,Perdus
14491.0,United Kingdom,175,2,340.93,1,2,2,Perdus
14493.0,United Kingdom,7,5,2383.24,4,4,4,Champions
14494.0,United Kingdom,26,1,139.56,3,1,1,Reguliers
14495.0,United Kingdom,51,2,123.8,3,2,1,Reguliers
14496.0,United Kingdom,312,2,538.81,1,2,2,Perdus
14497.0,United Kingdom,309,1,475.37,1,1,2,Perdus
14498.0,United Kingdom,43,5,1957.32,3,4,4,Fideles
14499.0,United Kingdom,26,3,815.32,3,3,3,Fideles
14500.0,United Kingdom,88,3,356.85,2,3,2,A risque
14501.0,United Kingdom,184,2,251.21,1,2,1,Perdus
14502.0,United Kingdom,20,11,2470.67,3,4,4,Fideles
14503.0,United Kingdom,3,6,3543.26,4,4,4,Champions
14504.0,United Kingdom,47,4,673.26,3,3,2,Reguliers
14505.0,United Kingdom,17,8,5905.64,4,4,4,Champions
14506.0,United Kingdom,17,5,2012.17,4,4,4,Champions
14507.0,United Kingdom,24,6,1383.18,3,4,3,Fideles
14508.0,United Kingdom,22,2,276.42,3,2,1,Reguliers
14511.0,United Kingdom,11,5,1314.81,4,4,3,Fideles
14512.0,United Kingdom,188,2,275.28,1,2,1,Perdus
14513.0,United Kingdom,101,3,455.59,2,3,2,A risque
14514.0,United Kingdom,61,3,1055.35,2,3,3,Fideles
14515.0,United Kingdom,18,6,2102.09,4,4,4,Champions
14517.0,United Kingdom,33,2,330.45,3,2,2,Reguliers
14518.0,United Kingdom,64,1,174.37,2,1,1,Perdus
14520.0,United Kingdom,2,2,270.6,4,2,1,Nouveaux
14522.0,United Kingdom,24,4,974.54,3,3,3,Fideles
14523.0,United Kingdom,108,1,241.09,2,1,1,Perdus
14524.0,United Kingdom,32,9,1867.68,3,4,4,Fideles
14525.0,United Kingdom,20,9,4332.2,3,4,4,Fideles
14527.0,United Kingdom,3,55,8508.82,4,4,4,Champions
14528.0,United Kingdom,37,1,364.22,3,1,2,Reguliers
14529.0,United Kingdom,60,3,620.04,2,3,2,A risque
14530.0,United Kingdom,26,6,2925.91,3,4,4,Fideles
14532.0,United Kingdom,236,4,932.85,1,3,3,Fideles
14533.0,United Kingdom,25,7,1949.72,3,4,4,Fideles
14534.0,United Kingdom,3,18,4447.05,4,4,4,Champions
14535.0,United Kingdom,60,3,2864.19,2,3,4,Fideles
14536.0,United Kingdom,260,1,171.8,1,1,1,Perdus
14537.0,United Kingdom,58,1,355.56,2,1,2,Perdus
14538.0,United Kingdom,65,2,388.25,2,2,2,Perdus
14539.0,United Kingdom,16,2,537.48,4,2,2,Nouveaux
14540.0,United Kingdom,10,3,996.26,4,3,3,Fideles
14541.0,United Kingdom,59,8,1461.65,2,4,3,Fideles
14542.0,United Kingdom,186,1,103.25,1,1,1,Perdus
14543.0,United Kingdom,29,16,3630.33,3,4,4,Fideles
14544.0,United Kingdom,24,2,2024.45,3,2,4,Reguliers
14546.0,United Kingdom,5,5,2578.09,4,4,4,Champions
14547.0,United Kingdom,4,8,4007.54,4,4,4,Champions
14548.0,United Kingdom,151,2,652.8,1,2,2,Perdus
14549.0,United Kingdom,311,1,289.24,1,1,1,Perdus
14550.0,United Kingdom,11,2,765.62,4,2,3,Nouveaux
14551.0,United Kingdom,18,2,186.23,4,2,1,Nouveaux
14552.0,United Kingdom,152,1,165.07,1,1,1,Perdus
14553.0,United Kingdom,19,5,859.27,3,4,3,Fideles
14554.0,United Kingdom,10,4,2381.04,4,3,4,Fideles
14555.0,United Kingdom,57,2,324.14,2,2,2,Perdus
14557.0,United Kingdom,85,1,788.38,2,1,3,Perdus
14560.0,United Kingdom,7,22,2237.77,4,4,4,Champions
14561.0,United Kingdom,76,3,1080.76,2,3,3,Fideles
14562.0,United Kingdom,4,18,5074.77,4,4,4,Champions
14565.0,United Kingdom,96,4,3099.12,2,3,4,Fideles
14566.0,Channel Islands,111,1,1432.0,2,1,3,Perdus
14567.0,United Kingdom,57,2,1530.36,2,2,3,Perdus
14569.0,United Kingdom,1,1,227.39,4,1,1,Nouveaux
14570.0,United Kingdom,281,2,218.06,1,2,1,Perdus
14572.0,United Kingdom,3,7,2832.84,4,4,4,Champions
14573.0,United Kingdom,180,9,1653.42,1,4,3,Fideles
14576.0,United Kingdom,372,1,35.4,1,1,1,Perdus
14577.0,United Kingdom,13,4,859.71,4,3,3,Fideles
14578.0,United Kingdom,3,1,168.63,4,1,1,Nouveaux
14581.0,United Kingdom,17,1,138.6,4,1,1,Nouveaux
14582.0,United Kingdom,41,1,114.11,3,1,1,Reguliers
14583.0,United Kingdom,6,5,1052.55,4,4,3,Fideles
14584.0,United Kingdom,169,4,1042.26,1,3,3,Fideles
14585.0,United Kingdom,50,1,157.05,3,1,1,Reguliers
14586.0,United Kingdom,277,1,237.36,1,1,1,Perdus
14587.0,United Kingdom,19,9,1601.14,3,4,3,Fideles
14589.0,United Kingdom,372,1,39.75,1,1,1,Perdus
14591.0,United Kingdom,15,4,1447.14,4,3,3,Fideles
14592.0,United Kingdom,35,3,570.46,3,3,2,Reguliers
14593.0,United Kingdom,22,3,617.99,3,3,2,Reguliers
14594.0,United Kingdom,7,2,379.83,4,2,2,Nouveaux
14595.0,United Kingdom,20,6,1740.6,3,4,4,Fideles
14597.0,United Kingdom,11,2,883.15,4,2,3,Nouveaux
14598.0,United Kingdom,44,1,221.97,3,1,1,Reguliers
14600.0,United Kingdom,306,1,393.33,1,1,2,Perdus
14601.0,United Kingdom,11,1,213.96,4,1,1,Nouveaux
14603.0,United Kingdom,275,1,660.0,1,1,2,Perdus
14606.0,United Kingdom,1,93,12156.65,4,4,4,Champions
14607.0,United Kingdom,16,14,16569.5,4,4,4,Champions
14608.0,United Kingdom,4,4,1785.15,4,3,4,Fideles
14609.0,United Kingdom,72,4,601.56,2,3,2,A risque
14616.0,United Kingdom,243,3,406.08,1,3,2,A risque
14618.0,United Kingdom,9,3,553.44,4,3,2,Reguliers
14619.0,United Kingdom,246,1,394.44,1,1,2,Perdus
14620.0,United Kingdom,206,2,412.78,1,2,2,Perdus
14621.0,United Kingdom,1,5,1788.36,4,4,4,Champions
14622.0,United Kingdom,185,1,320.58,1,1,2,Perdus
14623.0,United Kingdom,32,5,889.25,3,4,3,Fideles
14624.0,United Kingdom,57,2,225.85,2,2,1,Perdus
14625.0,United Kingdom,196,2,899.63,1,2,3,Perdus
14626.0,United Kingdom,24,4,2791.27,3,3,4,Fideles
14628.0,United Kingdom,91,2,671.96,2,2,2,Perdus
14629.0,United Kingdom,4,2,959.01,4,2,3,Nouveaux
14631.0,United Kingdom,51,3,1006.98,3,3,3,Fideles
14632.0,United Kingdom,263,1,114.56,1,1,1,Perdus
14633.0,United Kingdom,266,1,344.9,1,1,2,Perdus
14636.0,United Kingdom,36,2,609.85,3,2,2,Reguliers
14638.0,United Kingdom,51,1,443.6,3,1,2,Reguliers
14639.0,United Kingdom,52,6,2984.49,2,4,4,Fideles
14640.0,United Kingdom,24,6,2125.08,3,4,4,Fideles
14641.0,United Kingdom,22,1,110.46,3,1,1,Reguliers
14642.0,United Kingdom,59,1,96.12,2,1,1,Perdus
14643.0,United Kingdom,170,2,693.81,1,2,3,Perdus
14644.0,United Kingdom,68,2,830.76,2,2,3,Perdus
14645.0,United Kingdom,157,2,597.09,1,2,2,Perdus
14646.0,Netherlands,2,73,280206.02,4,4,4,Champions
14647.0,United Kingdom,201,1,243.22,1,1,1,Perdus
14649.0,United Kingdom,5,4,1417.29,4,3,3,Fideles
14651.0,United Kingdom,67,2,654.6,2,2,2,Perdus
14652.0,United Kingdom,77,1,114.18,2,1,1,Perdus
14653.0,United Kingdom,1,7,1947.55,4,4,4,Champions
14655.0,United Kingdom,8,4,1932.23,4,3,4,Fideles
14656.0,United Kingdom,169,2,291.05,1,2,1,Perdus
14657.0,United Kingdom,18,4,848.22,4,3,3,Fideles
14658.0,United Kingdom,5,2,247.15,4,2,1,Nouveaux
14659.0,United Kingdom,9,9,2529.93,4,4,4,Champions
14660.0,United Kingdom,87,2,285.74,2,2,1,Perdus
14661.0,United Kingdom,27,1,107.95,3,1,1,Reguliers
14662.0,United Kingdom,29,4,771.17,3,3,3,Fideles
14664.0,United Kingdom,20,2,637.89,3,2,2,Reguliers
14665.0,United Kingdom,61,5,1835.7,2,4,4,Fideles
14666.0,United Kingdom,24,1,195.25,3,1,1,Reguliers
14667.0,United Kingdom,11,25,9241.2,4,4,4,Champions
14669.0,United Kingdom,242,3,1269.99,1,3,3,Fideles
14670.0,United Kingdom,280,2,411.53,1,2,2,Perdus
14672.0,United Kingdom,235,2,765.55,1,2,3,Perdus
14673.0,United Kingdom,3,5,1736.4,4,4,4,Champions
14675.0,United Kingdom,16,1,604.75,4,1,2,Nouveaux
14676.0,United Kingdom,31,6,2548.24,3,4,4,Fideles
14680.0,United Kingdom,25,16,28754.11,3,4,4,Fideles
14681.0,United Kingdom,71,3,498.95,2,3,2,A risque
14682.0,United Kingdom,188,2,52.0,1,2,1,Perdus
14684.0,United Kingdom,26,5,1236.28,3,4,3,Fideles
14687.0,United Kingdom,107,1,628.38,2,1,2,Perdus
14688.0,United Kingdom,8,21,5630.87,4,4,4,Champions
14689.0,United Kingdom,209,1,112.8,1,1,1,Perdus
14690.0,United Kingdom,44,2,371.7,3,2,2,Reguliers
14691.0,United Kingdom,31,5,2114.33,3,4,4,Fideles
14692.0,United Kingdom,137,4,591.55,2,3,2,A risque
14693.0,United Kingdom,265,1,172.9,1,1,1,Perdus
14696.0,United Kingdom,4,7,2078.95,4,4,4,Champions
14697.0,United Kingdom,218,2,188.61,1,2,1,Perdus
14698.0,United Kingdom,2,5,1250.76,4,4,3,Fideles
14699.0,United Kingdom,214,1,109.13,1,1,1,Perdus
14700.0,United Kingdom,32,3,2235.3,3,3,4,Fideles
14701.0,United Kingdom,11,9,2549.37,4,4,4,Champions
14702.0,United Kingdom,1,17,3292.14,4,4,4,Champions
14703.0,United Kingdom,15,1,318.17,4,1,2,Nouveaux
14704.0,United Kingdom,11,9,1546.91,4,4,3,Fideles
14705.0,United Kingdom,199,1,179.0,1,1,1,Perdus
14708.0,United Kingdom,3,3,1126.37,4,3,3,Fideles
14709.0,United Kingdom,15,13,4921.04,4,4,4,Champions
14710.0,United Kingdom,14,4,606.13,4,3,2,Reguliers
14711.0,United Kingdom,10,11,2868.8,4,4,4,Champions
14712.0,United Kingdom,29,3,917.07,3,3,3,Fideles
14713.0,United Kingdom,9,11,2666.36,4,4,4,Champions
14714.0,United Kingdom,24,1,160.19,3,1,1,Reguliers
14715.0,United Kingdom,25,4,867.38,3,3,3,Fideles
14716.0,United Kingdom,43,2,329.68,3,2,2,Reguliers
14719.0,United Kingdom,2,5,1602.13,4,4,3,Fideles
14720.0,United Kingdom,6,3,663.81,4,3,2,Reguliers
14722.0,United Kingdom,147,1,187.92,1,1,1,Perdus
14723.0,United Kingdom,10,6,1158.3,4,4,3,Fideles
14725.0,United Kingdom,25,1,718.08,3,1,3,Reguliers
14727.0,United Kingdom,274,1,268.58,1,1,1,Perdus
14729.0,United Kingdom,374,1,313.49,1,1,2,Perdus
14730.0,United Kingdom,1,8,2005.06,4,4,4,Champions
14731.0,United Kingdom,47,3,380.02,3,3,2,Reguliers
14732.0,United Kingdom,8,8,2702.49,4,4,4,Champions
14733.0,United Kingdom,16,12,9585.91,4,4,4,Champions
14735.0,United Kingdom,4,32,6065.69,4,4,4,Champions
14737.0,United Kingdom,4,3,1164.55,4,3,3,Fideles
14738.0,United Kingdom,43,7,1314.45,3,4,3,Fideles
14739.0,United Kingdom,4,7,3902.28,4,4,4,Champions
14740.0,United Kingdom,197,3,1448.21,1,3,3,Fideles
14741.0,United Kingdom,12,6,1400.34,4,4,3,Fideles
14744.0,United Kingdom,16,7,1099.98,4,4,3,Fideles
14745.0,United Kingdom,113,5,1220.26,2,4,3,Fideles
14747.0,United Kingdom,249,1,328.2,1,1,2,Perdus
14748.0,United Kingdom,29,5,1415.75,3,4,3,Fideles
14752.0,United Kingdom,44,1,389.64,3,1,2,Reguliers
14753.0,United Kingdom,87,1,563.15,2,1,2,Perdus
14754.0,United Kingdom,45,2,638.05,3,2,2,Reguliers
14755.0,United Kingdom,10,11,5010.28,4,4,4,Champions
14756.0,United Kingdom,15,1,738.96,4,1,3,Nouveaux
14757.0,United Kingdom,75,1,420.5,2,1,2,Perdus
14758.0,United Kingdom,145,4,1484.06,1,3,3,Fideles
14759.0,United Kingdom,5,3,1625.97,4,3,3,Fideles
14760.0,United Kingdom,297,1,89.2,1,1,1,Perdus
14761.0,United Kingdom,59,2,255.9,2,2,1,Perdus
14762.0,United Kingdom,264,1,300.52,1,1,1,Perdus
14764.0,United Kingdom,47,1,278.3,3,1,1,Reguliers
14765.0,United Kingdom,29,3,254.11,3,3,1,Reguliers
14766.0,United Kingdom,8,6,2473.37,4,4,4,Champions
14768.0,United Kingdom,17,2,192.6,4,2,1,Nouveaux
14769.0,United Kingdom,3,8,10674.75,4,4,4,Champions
14770.0,United Kingdom,232,2,876.42,1,2,3,Perdus
14772.0,United Kingdom,112,1,139.26,2,1,1,Perdus
14775.0,United Kingdom,58,3,1011.9,2,3,3,Fideles
14776.0,United Kingdom,51,11,2538.3,3,4,4,Fideles
14778.0,United Kingdom,127,2,730.86,2,2,3,Perdus
14779.0,United Kingdom,281,3,386.15,1,3,2,A risque
14780.0,United Kingdom,55,2,447.68,2,2,2,Perdus
14782.0,United Kingdom,320,1,200.1,1,1,1,Perdus
14784.0,United Kingdom,26,2,289.99,3,2,1,Reguliers
14785.0,United Kingdom,10,2,77.4,4,2,1,Nouveaux
14788.0,United Kingdom,7,2,679.44,4,2,3,Nouveaux
14789.0,United Kingdom,29,1,197.64,3,1,1,Reguliers
14790.0,United Kingdom,17,4,745.06,4,3,3,Fideles
14792.0,United Kingdom,64,1,6.2,2,1,1,Perdus
14793.0,United Kingdom,21,1,228.99,3,1,1,Reguliers
14794.0,United Kingdom,3,7,1319.91,4,4,3,Fideles
14795.0,United Kingdom,166,1,131.45,1,1,1,Perdus
14796.0,United Kingdom,1,17,8022.49,4,4,4,Champions
14798.0,United Kingdom,53,3,173.74,2,3,1,A risque
14799.0,United Kingdom,51,1,157.7,3,1,1,Reguliers
14800.0,United Kingdom,48,12,4339.74,3,4,4,Fideles
14801.0,United Kingdom,61,1,193.14,2,1,1,Perdus
14803.0,United Kingdom,162,3,845.55,1,3,3,Fideles
14804.0,United Kingdom,9,1,353.27,4,1,2,Nouveaux
14805.0,United Kingdom,15,4,554.65,4,3,2,Reguliers
14806.0,United Kingdom,75,1,193.39,2,1,1,Perdus
14808.0,United Kingdom,40,8,2741.17,3,4,4,Fideles
14810.0,United Kingdom,41,11,2087.88,3,4,4,Fideles
14813.0,United Kingdom,370,2,155.43,1,2,1,Perdus
14815.0,United Kingdom,37,2,778.5,3,2,3,Reguliers
14816.0,United Kingdom,197,1,271.85,1,1,1,Perdus
14817.0,United Kingdom,200,2,1110.34,1,2,3,Perdus
14818.0,United Kingdom,74,3,657.8,2,3,2,A risque
14819.0,United Kingdom,64,2,272.07,2,2,1,Perdus
14820.0,United Kingdom,21,4,507.29,3,3,2,Reguliers
14821.0,United Kingdom,367,1,48.8,1,1,1,Perdus
14823.0,United Kingdom,180,3,321.43,1,3,2,A risque
14824.0,United Kingdom,10,4,1127.71,4,3,3,Fideles
14825.0,United Kingdom,4,12,2226.91,4,4,4,Champions
14828.0,United Kingdom,197,3,2139.76,1,3,4,Fideles
14829.0,United Kingdom,29,4,697.55,3,3,3,Fideles
14830.0,United Kingdom,53,1,197.13,2,1,1,Perdus
14834.0,United Kingdom,18,6,1720.3,4,4,4,Champions
14836.0,United Kingdom,10,3,102.45,4,3,1,Reguliers
14837.0,United Kingdom,90,4,1649.5,2,3,3,Fideles
14840.0,United Kingdom,268,1,62.85,1,1,1,Perdus
14841.0,United Kingdom,53,6,3295.76,2,4,4,Fideles
14842.0,United Kingdom,44,4,2824.69,3,3,4,Fideles
14844.0,United Kingdom,64,4,3189.81,2,3,4,Fideles
14847.0,United Kingdom,149,1,309.4,1,1,2,Perdus
14849.0,United Kingdom,22,25,7930.54,3,4,4,Fideles
14850.0,United Kingdom,312,1,325.75,1,1,2,Perdus
14851.0,United Kingdom,23,2,511.35,3,2,2,Reguliers
14852.0,United Kingdom,58,6,2836.69,2,4,4,Fideles
14853.0,United Kingdom,24,2,475.8,3,2,2,Reguliers
14854.0,United Kingdom,78,7,2759.83,2,4,4,Fideles
14855.0,United Kingdom,119,2,645.65,2,2,2,Perdus
14856.0,United Kingdom,36,3,1311.38,3,3,3,Fideles
14857.0,United Kingdom,60,2,1173.12,2,2,3,Perdus
14859.0,United Kingdom,13,4,1353.74,4,3,3,Fideles
14860.0,United Kingdom,19,1,170.32,3,1,1,Reguliers
14861.0,United Kingdom,52,1,125.79,2,1,1,Perdus
14862.0,United Kingdom,26,2,841.2,3,2,3,Reguliers
14863.0,United Kingdom,29,1,266.76,3,1,1,Reguliers
14865.0,United Kingdom,7,2,52.2,4,2,1,Nouveaux
14866.0,United Kingdom,11,12,14389.9,4,4,4,Champions
14867.0,United Kingdom,186,3,710.28,1,3,3,Fideles
14868.0,United Kingdom,3,8,2953.59,4,4,4,Champions
14869.0,United Kingdom,9,2,725.7,4,2,3,Nouveaux
14870.0,United Kingdom,262,1,327.25,1,1,2,Perdus
14871.0,United Kingdom,3,4,522.38,4,3,2,Reguliers
14873.0,United Kingdom,210,1,519.68,1,1,2,Perdus
14875.0,United Kingdom,108,2,1465.32,2,2,3,Perdus
14878.0,United Kingdom,13,9,1485.54,4,4,3,Fideles
14880.0,United Kingdom,77,3,706.19,2,3,3,Fideles
14881.0,United Kingdom,20,1,255.4,3,1,1,Reguliers
14882.0,United Kingdom,27,2,589.7,3,2,2,Reguliers
14883.0,United Kingdom,19,6,761.59,3,4,3,Fideles
14885.0,United Kingdom,132,1,765.32,2,1,3,Perdus
14886.0,United Kingdom,253,1,364.8,1,1,2,Perdus
14887.0,United Kingdom,79,1,1862.0,2,1,4,Perdus
14888.0,United Kingdom,207,1,369.2,1,1,2,Perdus
14889.0,United Kingdom,336,1,135.9,1,1,1,Perdus
14890.0,United Kingdom,254,1,125.65,1,1,1,Perdus
14891.0,United Kingdom,148,2,554.38,1,2,2,Perdus
14893.0,United Kingdom,10,2,1237.85,4,2,3,Nouveaux
14894.0,United Kingdom,85,1,655.75,2,1,2,Perdus
14895.0,United Kingdom,8,20,11138.71,4,4,4,Champions
14896.0,United Kingdom,205,2,468.77,1,2,2,Perdus
14897.0,United Kingdom,8,4,1366.38,4,3,3,Fideles
14898.0,United Kingdom,23,6,1303.52,3,4,3,Fideles
14901.0,United Kingdom,11,9,1421.29,4,4,3,Fideles
14902.0,United Kingdom,26,1,332.66,3,1,2,Reguliers
14903.0,United Kingdom,21,5,2810.63,3,4,4,Fideles
14904.0,United Kingdom,2,2,1025.44,4,2,3,Nouveaux
14905.0,United Kingdom,158,2,616.15,1,2,2,Perdus
14907.0,United Kingdom,3,7,3501.1,4,4,4,Champions
14908.0,United Kingdom,74,1,277.8,2,1,1,Perdus
14910.0,United Kingdom,3,4,434.35,4,3,2,Reguliers
14911.0,EIRE,1,201,143825.06,4,4,4,Champions
14912.0,Italy,17,2,867.85,4,2,3,Nouveaux
14913.0,United Kingdom,36,4,1227.43,3,3,3,Fideles
14915.0,United Kingdom,91,2,307.48,2,2,2,Perdus
14916.0,United Kingdom,71,4,1268.98,2,3,3,Fideles
14918.0,United Kingdom,116,2,1610.15,2,2,3,Perdus
14920.0,United Kingdom,213,2,977.77,1,2,3,Perdus
14921.0,United Kingdom,30,2,1316.07,3,2,3,Reguliers
14923.0,United Kingdom,51,1,749.1,3,1,3,Reguliers
14924.0,United Kingdom,246,1,310.05,1,1,2,Perdus
14929.0,United Kingdom,32,1,223.88,3,1,1,Reguliers
14930.0,Channel Islands,109,3,2372.86,2,3,4,Fideles
14931.0,Channel Islands,5,5,1257.68,4,4,3,Fideles
14932.0,Channel Islands,366,1,363.53,1,1,2,Perdus
14934.0,Channel Islands,82,2,1890.94,2,2,4,Perdus
14935.0,Channel Islands,297,1,1784.71,1,1,4,Perdus
14936.0,Channel Islands,34,8,8137.02,3,4,4,Fideles
14937.0,Channel Islands,57,3,1621.88,2,3,3,Fideles
14944.0,United Kingdom,30,12,5900.25,3,4,4,Fideles
14946.0,United Kingdom,14,1,100.9,4,1,1,Nouveaux
14947.0,United Kingdom,72,2,290.82,2,2,1,Perdus
14948.0,United Kingdom,23,6,1101.97,3,4,3,Fideles
14950.0,United Kingdom,19,1,371.2,3,1,2,Reguliers
14951.0,United Kingdom,79,1,311.69,2,1,2,Perdus
14952.0,United Kingdom,60,11,8099.49,2,4,4,Fideles
14953.0,United Kingdom,25,1,289.82,3,1,1,Reguliers
14954.0,United Kingdom,12,1,336.17,4,1,2,Nouveaux
14957.0,United Kingdom,253,1,58.49,1,1,1,Perdus
14958.0,United Kingdom,147,3,499.68,1,3,2,A risque
14959.0,United Kingdom,64,4,695.42,2,3,3,Fideles
14960.0,United Kingdom,8,2,221.27,4,2,1,Nouveaux
14961.0,United Kingdom,11,9,7044.68,4,4,4,Champions
14962.0,United Kingdom,271,1,126.7,1,1,1,Perdus
14963.0,United Kingdom,10,5,1487.8,4,4,3,Fideles
14964.0,United Kingdom,247,1,206.21,1,1,1,Perdus
14965.0,United Kingdom,96,2,599.0,2,2,2,Perdus
14966.0,United Kingdom,15,1,191.32,4,1,1,Nouveaux
14967.0,United Kingdom,50,1,463.8,3,1,2,Reguliers
14968.0,United Kingdom,30,1,147.59,3,1,1,Reguliers
14970.0,United Kingdom,68,4,1592.06,2,3,3,Fideles
14971.0,United Kingdom,35,3,1116.57,3,3,3,Fideles
14972.0,United Kingdom,128,1,114.77,2,1,1,Perdus
14973.0,United Kingdom,107,3,1314.45,2,3,3,Fideles
14974.0,United Kingdom,37,1,114.39,3,1,1,Reguliers
14975.0,United Kingdom,57,1,279.94,2,1,1,Perdus
14976.0,United Kingdom,57,7,790.86,2,4,3,Fideles
14978.0,United Kingdom,72,5,1931.42,2,4,4,Fideles
14981.0,United Kingdom,246,1,102.12,1,1,1,Perdus
14984.0,United Kingdom,19,2,213.27,3,2,1,Reguliers
14985.0,United Kingdom,198,2,296.75,1,2,1,Perdus
14987.0,United Kingdom,16,2,326.4,4,2,2,Nouveaux
14988.0,United Kingdom,212,1,334.54,1,1,2,Perdus
14995.0,United Kingdom,39,2,233.23,3,2,1,Reguliers
14997.0,United Kingdom,46,3,546.2,3,3,2,Reguliers
14998.0,United Kingdom,170,2,429.87,1,2,2,Perdus
15000.0,United Kingdom,48,1,490.52,3,1,2,Reguliers
15002.0,United Kingdom,116,4,1641.76,2,3,3,Fideles
15004.0,United Kingdom,147,1,1246.32,1,1,3,Perdus
15005.0,United Kingdom,16,28,6316.57,4,4,4,Champions
15006.0,United Kingdom,51,1,502.09,3,1,2,Reguliers
15007.0,United Kingdom,159,1,156.91,1,1,1,Perdus
15009.0,United Kingdom,12,3,1261.78,4,3,3,Fideles
15010.0,United Kingdom,36,1,308.94,3,1,2,Reguliers
15012.0,United Kingdom,54,2,423.04,2,2,2,Perdus
15014.0,United Kingdom,43,2,260.17,3,2,1,Reguliers
15016.0,United Kingdom,173,1,170.04,1,1,1,Perdus
15017.0,United Kingdom,34,1,125.58,3,1,1,Reguliers
15018.0,United Kingdom,39,3,496.21,3,3,2,Reguliers
15019.0,United Kingdom,267,1,266.0,1,1,1,Perdus
15021.0,United Kingdom,9,9,1914.82,4,4,4,Champions
15022.0,United Kingdom,12,4,905.04,4,3,3,Fideles
15023.0,United Kingdom,3,11,6802.76,4,4,4,Champions
15024.0,United Kingdom,10,10,1661.33,4,4,3,Fideles
15025.0,United Kingdom,33,1,377.01,3,1,2,Reguliers
15026.0,United Kingdom,80,3,469.0,2,3,2,A risque
15027.0,United Kingdom,31,4,1066.15,3,3,3,Fideles
15028.0,United Kingdom,8,4,627.13,4,3,2,Reguliers
15030.0,United Kingdom,72,2,518.28,2,2,2,Perdus
15031.0,United Kingdom,4,4,668.14,4,3,2,Reguliers
15032.0,United Kingdom,256,3,4959.1,1,3,4,Fideles
15033.0,United Kingdom,5,10,2586.67,4,4,4,Champions
15034.0,United Kingdom,16,8,4308.61,4,4,4,Champions
15035.0,United Kingdom,90,1,252.73,2,1,1,Perdus
15036.0,United Kingdom,72,3,465.55,2,3,2,A risque
15038.0,United Kingdom,59,6,705.49,2,4,3,Fideles
15039.0,United Kingdom,10,47,19914.44,4,4,4,Champions
15041.0,United Kingdom,170,1,180.35,1,1,1,Perdus
15042.0,United Kingdom,199,1,135.93,1,1,1,Perdus
15043.0,United Kingdom,31,1,537.0,3,1,2,Reguliers
15044.0,United Kingdom,19,17,7700.23,3,4,4,Fideles
15045.0,United Kingdom,152,2,735.66,1,2,3,Perdus
15046.0,United Kingdom,9,15,5213.77,4,4,4,Champions
15047.0,United Kingdom,270,1,343.62,1,1,2,Perdus
15048.0,United Kingdom,65,4,384.05,2,3,2,A risque
15049.0,United Kingdom,274,1,121.17,1,1,1,Perdus
15050.0,United Kingdom,25,3,1782.09,3,3,4,Fideles
15051.0,United Kingdom,23,3,1391.61,3,3,3,Fideles
15052.0,United Kingdom,319,1,215.78,1,1,1,Perdus
15053.0,United Kingdom,5,3,697.79,4,3,3,Fideles
15054.0,United Kingdom,12,2,302.1,4,2,1,Nouveaux
15057.0,United Kingdom,275,2,1489.5,1,2,3,Perdus
15058.0,United Kingdom,25,11,2124.99,3,4,4,Fideles
15059.0,United Kingdom,41,9,1337.72,3,4,3,Fideles
15060.0,United Kingdom,8,4,303.09,4,3,1,Reguliers
15061.0,United Kingdom,4,48,54534.14,4,4,4,Champions
15062.0,United Kingdom,71,4,987.86,2,3,3,Fideles
15063.0,United Kingdom,213,1,370.8,1,1,2,Perdus
15065.0,United Kingdom,38,4,3158.13,3,3,4,Fideles
15066.0,United Kingdom,53,1,893.59,2,1,3,Perdus
15067.0,United Kingdom,78,3,1744.76,2,3,4,Fideles
15068.0,United Kingdom,46,2,553.36,3,2,2,Reguliers
15069.0,United Kingdom,179,1,1109.53,1,1,3,Perdus
15070.0,United Kingdom,373,1,106.2,1,1,1,Perdus
15071.0,United Kingdom,94,2,982.07,2,2,3,Perdus
15073.0,United Kingdom,10,3,1043.41,4,3,3,Fideles
15074.0,United Kingdom,105,1,748.87,2,1,3,Perdus
15075.0,United Kingdom,78,1,773.03,2,1,3,Perdus
15076.0,United Kingdom,173,1,880.85,1,1,3,Perdus
15078.0,United Kingdom,7,32,9743.11,4,4,4,Champions
15079.0,United Kingdom,213,4,895.61,1,3,3,Fideles
15081.0,United Kingdom,22,5,504.8,3,4,2,Reguliers
15083.0,United Kingdom,257,1,88.2,1,1,1,Perdus
15087.0,United Kingdom,282,1,306.94,1,1,1,Perdus
15088.0,United Kingdom,21,2,1160.07,3,2,3,Reguliers
15089.0,United Kingdom,10,6,2420.84,4,4,4,Champions
15090.0,United Kingdom,308,1,381.32,1,1,2,Perdus
15091.0,United Kingdom,68,1,480.71,2,1,2,Perdus
15092.0,United Kingdom,215,2,457.81,1,2,2,Perdus
15093.0,United Kingdom,18,6,4597.02,4,4,4,Champions
15095.0,United Kingdom,104,4,1370.6,2,3,3,Fideles
15096.0,United Kingdom,43,1,219.39,3,1,1,Reguliers
15097.0,United Kingdom,4,1,248.08,4,1,1,Nouveaux
15098.0,United Kingdom,182,3,39916.5,1,3,4,Fideles
15099.0,United Kingdom,84,1,410.48,2,1,2,Perdus
15100.0,United Kingdom,334,3,876.0,1,3,3,Fideles
15101.0,United Kingdom,9,2,317.53,4,2,2,Nouveaux
15103.0,United Kingdom,31,2,703.36,3,2,3,Reguliers
15104.0,United Kingdom,197,2,1027.44,1,2,3,Perdus
15105.0,United Kingdom,18,7,2298.93,4,4,4,Champions
15106.0,United Kingdom,18,5,1422.52,4,4,3,Fideles
15107.0,United Kingdom,311,6,319.5,1,4,2,A risque
15108.0,European Community,142,4,1300.25,2,3,3,Fideles
15109.0,United Kingdom,246,1,484.95,1,1,2,Perdus
15110.0,United Kingdom,24,4,996.1,3,3,3,Fideles
15111.0,United Kingdom,29,3,1567.48,3,3,3,Fideles
15113.0,United Kingdom,10,3,3609.33,4,3,4,Fideles
15114.0,United Kingdom,30,10,2760.56,3,4,4,Fideles
15115.0,United Kingdom,18,1,340.11,4,1,2,Nouveaux
15116.0,United Kingdom,18,4,1352.75,4,3,3,Fideles
15117.0,United Kingdom,15,5,1551.78,4,4,3,Fideles
15118.0,United Kingdom,134,1,244.8,2,1,1,Perdus
15119.0,United Kingdom,246,1,266.4,1,1,1,Perdus
15120.0,United Kingdom,134,1,358.82,2,1,2,Perdus
15121.0,United Kingdom,50,2,457.72,3,2,2,Reguliers
15122.0,United Kingdom,114,3,1633.78,2,3,3,Fideles
15123.0,United Kingdom,7,2,2199.31,4,2,4,Nouveaux
15124.0,United Kingdom,23,2,184.19,3,2,1,Reguliers
15125.0,United Kingdom,25,15,11528.48,3,4,4,Fideles
15127.0,United Kingdom,66,1,406.53,2,1,2,Perdus
15128.0,United Kingdom,60,4,1471.0,2,3,3,Fideles
15129.0,United Kingdom,50,11,3447.4,3,4,4,Fideles
15130.0,United Kingdom,170,1,330.11,1,1,2,Perdus
15132.0,United Kingdom,18,5,977.93,4,4,3,Fideles
15133.0,United Kingdom,128,3,982.42,2,3,3,Fideles
15134.0,United Kingdom,15,8,1387.99,4,4,3,Fideles
15135.0,United Kingdom,239,1,139.05,1,1,1,Perdus
15136.0,United Kingdom,3,4,1286.7,4,3,3,Fideles
15139.0,United Kingdom,240,2,178.96,1,2,1,Perdus
15140.0,United Kingdom,52,7,2354.25,2,4,4,Fideles
15142.0,United Kingdom,46,1,498.74,3,1,2,Reguliers
15143.0,United Kingdom,226,1,259.45,1,1,1,Perdus
15144.0,United Kingdom,8,17,6580.44,4,4,4,Champions
15145.0,United Kingdom,4,4,1194.73,4,3,3,Fideles
15146.0,United Kingdom,165,2,1327.16,1,2,3,Perdus
15147.0,United Kingdom,240,1,623.5,1,1,2,Perdus
15148.0,United Kingdom,11,1,301.29,4,1,1,Nouveaux
15149.0,United Kingdom,134,1,520.8,2,1,2,Perdus
15150.0,United Kingdom,17,10,5314.47,4,4,4,Champions
15152.0,United Kingdom,10,13,4745.69,4,4,4,Champions
15153.0,United Kingdom,31,1,329.25,3,1,2,Reguliers
15154.0,United Kingdom,75,1,296.42,2,1,1,Perdus
15156.0,United Kingdom,1,3,961.49,4,3,3,Fideles
15157.0,United Kingdom,4,3,1936.07,4,3,4,Fideles
15158.0,United Kingdom,45,1,401.4,3,1,2,Reguliers
15159.0,United Kingdom,2,30,18641.01,4,4,4,Champions
15160.0,United Kingdom,357,1,158.16,1,1,1,Perdus
15163.0,United Kingdom,18,2,304.47,4,2,1,Nouveaux
15164.0,United Kingdom,69,3,843.05,2,3,3,Fideles
15165.0,United Kingdom,373,1,487.75,1,1,2,Perdus
15167.0,United Kingdom,321,1,163.0,1,1,1,Perdus
15168.0,United Kingdom,26,1,106.56,3,1,1,Reguliers
15171.0,United Kingdom,331,1,1289.5,1,1,3,Perdus
15172.0,United Kingdom,9,5,1624.05,4,4,3,Fideles
15174.0,United Kingdom,323,1,135.75,1,1,1,Perdus
15175.0,United Kingdom,72,1,224.14,2,1,1,Perdus
15178.0,United Kingdom,260,1,40.5,1,1,1,Perdus
15179.0,United Kingdom,18,5,2206.95,4,4,4,Champions
15180.0,United Kingdom,367,1,87.5,1,1,1,Perdus
15181.0,United Kingdom,66,3,689.48,2,3,3,Fideles
15182.0,United Kingdom,154,2,622.85,1,2,2,Perdus
15184.0,United Kingdom,29,2,406.76,3,2,2,Reguliers
15185.0,United Kingdom,70,1,310.62,2,1,2,Perdus
15186.0,United Kingdom,14,2,411.41,4,2,2,Nouveaux
15187.0,United Kingdom,2,16,4777.18,4,4,4,Champions
15189.0,United Kingdom,1,41,16225.39,4,4,4,Champions
15192.0,United Kingdom,120,3,1044.32,2,3,3,Fideles
15193.0,United Kingdom,61,1,499.32,2,1,2,Perdus
15194.0,United Kingdom,3,15,7616.53,4,4,4,Champions
15195.0,United Kingdom,3,1,3861.0,4,1,4,Nouveaux
15197.0,United Kingdom,11,3,1079.61,4,3,3,Fideles
15198.0,United Kingdom,92,2,193.64,2,2,1,Perdus
15199.0,United Kingdom,59,4,1268.7,2,3,3,Fideles
15201.0,United Kingdom,87,5,1236.54,2,4,3,Fideles
15203.0,United Kingdom,26,6,1827.8,3,4,4,Fideles
15204.0,United Kingdom,357,1,316.58,1,1,2,Perdus
15205.0,United Kingdom,85,2,653.24,2,2,2,Perdus
15206.0,United Kingdom,10,4,420.3,4,3,2,Reguliers
15208.0,United Kingdom,1,5,870.12,4,4,3,Fideles
15210.0,United Kingdom,225,1,331.18,1,1,2,Perdus
15211.0,United Kingdom,60,2,894.41,2,2,3,Perdus
15212.0,United Kingdom,241,1,101.8,1,1,1,Perdus
15213.0,United Kingdom,319,2,328.35,1,2,2,Perdus
15214.0,United Kingdom,2,8,1661.44,4,4,4,Champions
15215.0,United Kingdom,47,3,734.94,3,3,3,Fideles
15216.0,United Kingdom,88,1,96.6,2,1,1,Perdus
15218.0,United Kingdom,11,11,5756.89,4,4,4,Champions
15219.0,United Kingdom,176,1,305.75,1,1,1,Perdus
15220.0,United Kingdom,52,6,1778.96,2,4,4,Fideles
15221.0,United Kingdom,366,1,403.25,1,1,2,Perdus
15222.0,United Kingdom,319,1,585.0,1,1,2,Perdus
15223.0,United Kingdom,226,2,755.75,1,2,3,Perdus
15224.0,United Kingdom,358,2,322.08,1,2,2,Perdus
15225.0,United Kingdom,234,1,409.4,1,1,2,Perdus
15226.0,United Kingdom,311,1,154.41,1,1,1,Perdus
15227.0,United Kingdom,37,5,1219.4,3,4,3,Fideles
15228.0,United Kingdom,66,4,3386.71,2,3,4,Fideles
15230.0,United Kingdom,239,2,429.6,1,2,2,Perdus
15232.0,United Kingdom,113,2,612.06,2,2,2,Perdus
15234.0,United Kingdom,277,1,197.0,1,1,1,Perdus
15235.0,United Kingdom,218,12,2247.51,1,4,4,Fideles
15236.0,United Kingdom,299,1,321.05,1,1,2,Perdus
15237.0,United Kingdom,2,4,1412.32,4,3,3,Fideles
15238.0,United Kingdom,29,3,1071.99,3,3,3,Fideles
15239.0,United Kingdom,10,2,780.59,4,2,3,Nouveaux
15240.0,United Kingdom,45,5,1706.57,3,4,4,Fideles
15241.0,United Kingdom,67,8,1756.44,2,4,4,Fideles
15243.0,United Kingdom,74,1,316.68,2,1,2,Perdus
15244.0,United Kingdom,65,2,631.57,2,2,2,Perdus
15245.0,United Kingdom,134,3,2515.84,2,3,4,Fideles
15246.0,United Kingdom,238,2,514.15,1,2,2,Perdus
15247.0,United Kingdom,122,1,356.0,2,1,2,Perdus
15249.0,United Kingdom,32,13,6688.46,3,4,4,Fideles
15251.0,United Kingdom,9,11,10484.99,4,4,4,Champions
15252.0,United Kingdom,36,2,740.78,3,2,3,Reguliers
15253.0,United Kingdom,16,5,918.2,4,4,3,Fideles
15254.0,United Kingdom,127,1,300.36,2,1,1,Perdus
15255.0,United Kingdom,67,1,890.85,2,1,3,Perdus
15256.0,United Kingdom,149,1,98.45,1,1,1,Perdus
15257.0,United Kingdom,283,1,317.15,1,1,2,Perdus
15258.0,United Kingdom,169,2,623.16,1,2,2,Perdus
15260.0,United Kingdom,100,7,1810.77,2,4,4,Fideles
15261.0,United Kingdom,135,1,254.82,2,1,1,Perdus
15262.0,United Kingdom,324,1,178.95,1,1,1,Perdus
15263.0,United Kingdom,107,1,156.51,2,1,1,Perdus
15264.0,United Kingdom,64,1,393.74,2,1,2,Perdus
15265.0,United Kingdom,151,2,1506.12,1,2,3,Perdus
15266.0,United Kingdom,338,1,119.3,1,1,1,Perdus
15267.0,United Kingdom,22,5,1717.36,3,4,4,Fideles
15269.0,United Kingdom,24,1,408.8,3,1,2,Reguliers
15270.0,United Kingdom,16,7,2379.49,4,4,4,Champions
15271.0,United Kingdom,7,15,2507.07,4,4,4,Champions
15272.0,United Kingdom,57,2,721.94,2,2,3,Perdus
15274.0,United Kingdom,4,2,716.57,4,2,3,Nouveaux
15275.0,United Kingdom,38,1,615.14,3,1,2,Reguliers
15276.0,United Kingdom,66,1,135.31,2,1,1,Perdus
15277.0,United Kingdom,47,1,255.9,3,1,1,Reguliers
15279.0,United Kingdom,355,1,290.51,1,1,1,Perdus
15280.0,United Kingdom,172,1,113.12,1,1,1,Perdus
15281.0,United Kingdom,59,9,2332.15,2,4,4,Fideles
15286.0,United Kingdom,50,1,240.55,3,1,1,Reguliers
15287.0,United Kingdom,22,2,486.69,3,2,2,Reguliers
15288.0,United Kingdom,43,5,2306.52,3,4,4,Fideles
15289.0,United Kingdom,29,3,939.78,3,3,3,Fideles
15290.0,United Kingdom,5,18,7943.22,4,4,4,Champions
15291.0,United Kingdom,26,15,4668.3,3,4,4,Fideles
15292.0,United Kingdom,201,1,180.94,1,1,1,Perdus
15296.0,United Kingdom,51,6,3672.86,3,4,4,Fideles
15297.0,United Kingdom,10,3,641.94,4,3,2,Reguliers
15298.0,United Kingdom,2,12,4799.9,4,4,4,Champions
15299.0,United Kingdom,67,7,4507.01,2,4,4,Fideles
15300.0,United Kingdom,64,1,496.44,2,1,2,Perdus
15301.0,United Kingdom,51,12,5070.35,3,4,4,Fideles
15303.0,United Kingdom,290,1,574.02,1,1,2,Perdus
15304.0,United Kingdom,61,8,694.4,2,4,3,Fideles
15306.0,United Kingdom,64,3,1174.35,2,3,3,Fideles
15307.0,United Kingdom,96,1,205.3,2,1,1,Perdus
15308.0,United Kingdom,274,1,310.47,1,1,2,Perdus
15311.0,United Kingdom,1,91,60767.9,4,4,4,Champions
15312.0,United Kingdom,75,4,924.85,2,3,3,Fideles
15313.0,United Kingdom,110,1,52.0,2,1,1,Perdus
15314.0,United Kingdom,199,1,327.97,1,1,2,Perdus
15315.0,United Kingdom,64,2,570.5,2,2,2,Perdus
15316.0,United Kingdom,327,1,165.0,1,1,1,Perdus
15318.0,United Kingdom,4,1,312.62,4,1,2,Nouveaux
15319.0,United Kingdom,284,1,204.5,1,1,1,Perdus
15320.0,United Kingdom,44,1,267.13,3,1,1,Reguliers
15321.0,United Kingdom,71,3,2748.31,2,3,4,Fideles
15322.0,United Kingdom,86,1,679.68,2,1,3,Perdus
15325.0,United Kingdom,104,1,162.29,2,1,1,Perdus
15326.0,United Kingdom,334,1,311.71,1,1,2,Perdus
15327.0,United Kingdom,53,1,208.75,2,1,1,Perdus
15329.0,United Kingdom,39,3,1049.7,3,3,3,Fideles
15330.0,United Kingdom,32,2,714.96,3,2,3,Reguliers
15332.0,Lithuania,366,4,1661.06,1,3,3,Fideles
15333.0,United Kingdom,208,1,1028.56,1,1,3,Perdus
15334.0,United Kingdom,157,3,351.67,1,3,2,A risque
15335.0,United Kingdom,54,1,173.97,2,1,1,Perdus
15339.0,United Kingdom,66,2,574.07,2,2,2,Perdus
15341.0,United Kingdom,81,1,2020.52,2,1,4,Perdus
15342.0,United Kingdom,130,1,406.09,2,1,2,Perdus
15343.0,United Kingdom,87,1,364.5,2,1,2,Perdus
15344.0,United Kingdom,1,3,563.94,4,3,2,Reguliers
15345.0,United Kingdom,46,1,393.54,3,1,2,Reguliers
15346.0,United Kingdom,333,1,252.42,1,1,1,Perdus
15347.0,United Kingdom,366,1,201.6,1,1,1,Perdus
15348.0,United Kingdom,72,1,158.04,2,1,1,Perdus
15349.0,United Kingdom,158,2,473.81,1,2,2,Perdus
15350.0,United Kingdom,373,1,115.65,1,1,1,Perdus
15351.0,United Kingdom,12,7,1960.11,4,4,4,Champions
15353.0,United Kingdom,255,2,777.02,1,2,3,Perdus
15355.0,United Kingdom,29,2,277.05,3,2,1,Reguliers
15356.0,United Kingdom,31,10,2766.5,3,4,4,Fideles
15358.0,United Kingdom,5,22,8347.2,4,4,4,Champions
15360.0,United Kingdom,40,1,427.93,3,1,2,Reguliers
15361.0,United Kingdom,362,1,418.92,1,1,2,Perdus
15363.0,United Kingdom,373,1,326.0,1,1,2,Perdus
15364.0,United Kingdom,96,2,913.19,2,2,3,Perdus
15365.0,United Kingdom,26,7,2314.32,3,4,4,Fideles
15366.0,United Kingdom,75,2,602.51,2,2,2,Perdus
15367.0,United Kingdom,57,4,1877.59,2,3,4,Fideles
15368.0,United Kingdom,21,1,446.94,3,1,2,Reguliers
15370.0,United Kingdom,41,7,2386.05,3,4,4,Fideles
15372.0,United Kingdom,137,1,2007.4,2,1,4,Perdus
15373.0,United Kingdom,8,12,2415.91,4,4,4,Champions
15374.0,United Kingdom,129,1,168.0,2,1,1,Perdus
15376.0,United Kingdom,40,3,1233.36,3,3,3,Fideles
15379.0,United Kingdom,169,7,3703.29,1,4,4,Fideles
15380.0,United Kingdom,9,5,1690.26,4,4,4,Champions
15381.0,United Kingdom,214,2,596.85,1,2,2,Perdus
15382.0,United Kingdom,15,6,5955.71,4,4,4,Champions
15384.0,United Kingdom,170,2,642.41,1,2,2,Perdus
15385.0,United Kingdom,40,1,316.88,3,1,2,Reguliers
15386.0,United Kingdom,186,1,394.14,1,1,2,Perdus
15388.0,Canada,270,1,140.54,1,1,1,Perdus
15389.0,United Kingdom,172,1,500.0,1,1,2,Perdus
15392.0,United Kingdom,5,4,1535.53,4,3,3,Fideles
15393.0,United Kingdom,16,2,231.86,4,2,1,Nouveaux
15394.0,United Kingdom,10,4,2183.54,4,3,4,Fideles
15395.0,United Kingdom,326,1,107.45,1,1,1,Perdus
15396.0,United Kingdom,113,1,288.18,2,1,1,Perdus
15397.0,United Kingdom,290,1,94.0,1,1,1,Perdus
15398.0,United Kingdom,16,2,1345.53,4,2,3,Nouveaux
15399.0,United Kingdom,1,3,815.77,4,3,3,Fideles
15400.0,United Kingdom,92,5,716.2,2,4,3,Fideles
15402.0,United Kingdom,149,2,626.77,1,2,2,Perdus
15405.0,United Kingdom,189,1,349.1,1,1,2,Perdus
15406.0,United Kingdom,31,2,510.71,3,2,2,Reguliers
15407.0,United Kingdom,34,4,1056.44,3,3,3,Fideles
15408.0,United Kingdom,264,1,267.18,1,1,1,Perdus
15410.0,United Kingdom,84,8,3450.84,2,4,4,Fideles
15411.0,United Kingdom,26,4,1358.88,3,3,3,Fideles
15412.0,United Kingdom,171,1,190.53,1,1,1,Perdus
15414.0,United Kingdom,10,3,774.9,4,3,3,Fideles
15415.0,United Kingdom,313,1,572.81,1,1,2,Perdus
15416.0,United Kingdom,65,4,3984.32,2,3,4,Fideles
15417.0,United Kingdom,85,1,508.8,2,1,2,Perdus
15419.0,United Kingdom,25,1,135.86,3,1,1,Reguliers
15421.0,United Kingdom,59,4,950.36,2,3,3,Fideles
15422.0,United Kingdom,323,2,97.7,1,2,1,Perdus
15423.0,United Kingdom,38,1,43.5,3,1,1,Reguliers
15424.0,United Kingdom,254,2,383.34,1,2,2,Perdus
15426.0,United Kingdom,19,5,1447.39,3,4,3,Fideles
15427.0,United Kingdom,33,3,1483.14,3,3,3,Fideles
15428.0,United Kingdom,15,1,93.78,4,1,1,Nouveaux
15429.0,United Kingdom,27,2,397.35,3,2,2,Reguliers
15432.0,United Kingdom,23,1,171.19,3,1,1,Reguliers
15433.0,United Kingdom,214,2,533.3,1,2,2,Perdus
15434.0,United Kingdom,8,5,1041.48,4,4,3,Fideles
15435.0,United Kingdom,22,1,149.29,3,1,1,Reguliers
15436.0,United Kingdom,12,3,1122.53,4,3,3,Fideles
15437.0,United Kingdom,262,1,200.16,1,1,1,Perdus
15438.0,United Kingdom,131,1,156.58,2,1,1,Perdus
15440.0,United Kingdom,55,3,383.68,2,3,2,A risque
15442.0,United Kingdom,249,1,594.0,1,1,2,Perdus
15443.0,United Kingdom,2,7,3236.91,4,4,4,Champions
15444.0,United Kingdom,9,2,1418.26,4,2,3,Nouveaux
15445.0,United Kingdom,264,1,113.5,1,1,1,Perdus
15447.0,United Kingdom,331,1,155.17,1,1,1,Perdus
15448.0,United Kingdom,313,1,494.64,1,1,2,Perdus
15449.0,United Kingdom,26,3,974.52,3,3,3,Fideles
15450.0,United Kingdom,30,1,429.84,3,1,2,Reguliers
15452.0,United Kingdom,30,3,538.73,3,3,2,Reguliers
15453.0,United Kingdom,2,7,1388.37,4,4,3,Fideles
15454.0,United Kingdom,362,1,179.1,1,1,1,Perdus
15456.0,United Kingdom,283,3,447.22,1,3,2,A risque
15457.0,United Kingdom,262,1,237.07,1,1,1,Perdus
15458.0,United Kingdom,25,1,161.64,3,1,1,Reguliers
15460.0,United Kingdom,354,1,216.76,1,1,1,Perdus
15462.0,United Kingdom,94,3,234.6,2,3,1,A risque
15463.0,United Kingdom,29,1,126.14,3,1,1,Reguliers
15464.0,United Kingdom,338,1,1048.85,1,1,3,Perdus
15465.0,United Kingdom,20,18,7354.62,3,4,4,Fideles
15466.0,United Kingdom,85,1,334.53,2,1,2,Perdus
15467.0,United Kingdom,9,3,524.88,4,3,2,Reguliers
15468.0,United Kingdom,51,2,467.51,3,2,2,Reguliers
15469.0,United Kingdom,50,2,538.55,3,2,2,Reguliers
15471.0,United Kingdom,2,1,469.48,4,1,2,Nouveaux
15472.0,United Kingdom,113,1,371.56,2,1,2,Perdus
15473.0,United Kingdom,14,7,1771.2,4,4,4,Champions
15475.0,United Kingdom,77,1,454.11,2,1,2,Perdus
15478.0,United Kingdom,40,2,1441.42,3,2,3,Reguliers
15480.0,Malta,116,1,905.5,2,1,3,Perdus
15482.0,United Kingdom,16,12,11054.96,4,4,4,Champions
15483.0,United Kingdom,161,4,233.81,1,3,1,A risque
15484.0,United Kingdom,1,4,3594.31,4,3,4,Fideles
15485.0,United Kingdom,30,3,2575.0,3,3,4,Fideles
15488.0,United Kingdom,93,1,91.32,2,1,1,Perdus
15489.0,United Kingdom,23,3,1134.28,3,3,3,Fideles
15491.0,United Kingdom,95,6,3100.09,2,4,4,Fideles
15492.0,United Kingdom,28,2,659.46,3,2,2,Reguliers
15493.0,United Kingdom,33,5,2001.8,3,4,4,Fideles
15494.0,United Kingdom,21,2,1299.23,3,2,3,Reguliers
15497.0,United Kingdom,18,2,1262.2,4,2,3,Nouveaux
15498.0,United Kingdom,3,27,13316.4,4,4,4,Champions
15500.0,United Kingdom,8,4,1131.56,4,3,3,Fideles
15502.0,United Kingdom,16,12,10384.93,4,4,4,Champions
15503.0,United Kingdom,363,1,147.09,1,1,1,Perdus
15504.0,United Kingdom,81,1,52.83,2,1,1,Perdus
15505.0,United Kingdom,53,5,3610.96,2,4,4,Fideles
15506.0,United Kingdom,23,3,979.26,3,3,3,Fideles
15507.0,United Kingdom,172,1,492.36,1,1,2,Perdus
15508.0,United Kingdom,189,6,1000.27,1,4,3,Fideles
15510.0,United Kingdom,331,1,250.0,1,1,1,Perdus
15511.0,United Kingdom,12,5,909.23,4,4,3,Fideles
15512.0,United Kingdom,156,2,121.0,1,2,1,Perdus
15513.0,United Kingdom,33,19,14758.22,3,4,4,Fideles
15514.0,United Kingdom,12,11,4139.46,4,4,4,Champions
15516.0,United Kingdom,45,3,62.43,3,3,1,Reguliers
15517.0,United Kingdom,233,1,267.03,1,1,1,Perdus
15518.0,United Kingdom,64,8,1942.45,2,4,4,Fideles
15520.0,United Kingdom,2,1,343.5,4,1,2,Nouveaux
15521.0,United Kingdom,40,8,3000.2,3,4,4,Fideles
15522.0,United Kingdom,33,2,398.84,3,2,2,Reguliers
15523.0,United Kingdom,84,1,412.01,2,1,2,Perdus
15524.0,United Kingdom,25,1,440.0,3,1,2,Reguliers
15525.0,United Kingdom,2,3,825.92,4,3,3,Fideles
15526.0,United Kingdom,33,2,148.44,3,2,1,Reguliers
15527.0,United Kingdom,19,8,2429.78,3,4,4,Fideles
15528.0,United Kingdom,254,1,229.33,1,1,1,Perdus
15529.0,United Kingdom,23,11,3995.23,3,4,4,Fideles
15530.0,United Kingdom,22,4,1502.35,3,3,3,Fideles
15531.0,United Kingdom,8,2,2007.44,4,2,4,Nouveaux
15532.0,United Kingdom,25,4,1580.93,3,3,3,Fideles
15533.0,United Kingdom,19,3,807.57,3,3,3,Fideles
15535.0,United Kingdom,173,4,536.4,1,3,2,A risque
15537.0,United Kingdom,163,1,110.92,1,1,1,Perdus
15539.0,United Kingdom,7,1,538.46,4,1,2,Nouveaux
15540.0,United Kingdom,11,1,213.3,4,1,1,Nouveaux
15541.0,United Kingdom,114,1,85.13,2,1,1,Perdus
15543.0,United Kingdom,288,1,127.86,1,1,1,Perdus
15544.0,United Kingdom,9,9,3546.71,4,4,4,Champions
15545.0,United Kingdom,54,2,292.72,2,2,1,Perdus
15547.0,United Kingdom,7,14,4954.84,4,4,4,Champions
15549.0,United Kingdom,77,3,1693.26,2,3,4,Fideles
15550.0,United Kingdom,4,4,575.63,4,3,2,Reguliers
15551.0,United Kingdom,37,1,436.06,3,1,2,Reguliers
15552.0,United Kingdom,217,1,90.12,1,1,1,Perdus
15553.0,United Kingdom,60,1,437.23,2,1,2,Perdus
15554.0,United Kingdom,278,1,217.2,1,1,1,Perdus
15555.0,United Kingdom,12,16,4805.17,4,4,4,Champions
15556.0,United Kingdom,24,1,279.77,3,1,1,Reguliers
15557.0,United Kingdom,29,1,473.65,3,1,2,Reguliers
15561.0,United Kingdom,12,4,800.59,4,3,3,Fideles
15562.0,United Kingdom,352,1,134.55,1,1,1,Perdus
15563.0,United Kingdom,22,4,1400.44,3,3,3,Fideles
15565.0,United Kingdom,50,2,173.16,3,2,1,Reguliers
15567.0,United Kingdom,19,1,186.01,3,1,1,Reguliers
15568.0,United Kingdom,3,3,758.29,4,3,3,Fideles
15569.0,United Kingdom,104,5,1375.71,2,4,3,Fideles
15570.0,United Kingdom,7,12,4165.52,4,4,4,Champions
15571.0,United Kingdom,12,4,650.43,4,3,2,Reguliers
15572.0,United Kingdom,5,7,2552.86,4,4,4,Champions
15573.0,United Kingdom,32,2,607.45,3,2,2,Reguliers
15574.0,United Kingdom,178,4,702.25,1,3,3,Fideles
15576.0,United Kingdom,38,1,940.67,3,1,3,Reguliers
15577.0,United Kingdom,151,3,258.88,1,3,1,A risque
15578.0,United Kingdom,162,1,127.1,1,1,1,Perdus
15579.0,United Kingdom,69,2,348.6,2,2,2,Perdus
15581.0,United Kingdom,121,13,3679.97,2,4,4,Fideles
15582.0,United Kingdom,25,3,682.91,3,3,3,Fideles
15584.0,United Kingdom,24,4,725.11,3,3,3,Fideles
15585.0,United Kingdom,177,1,455.3,1,1,2,Perdus
15587.0,United Kingdom,50,4,913.68,3,3,3,Fideles
15589.0,United Kingdom,256,3,478.53,1,3,2,A risque
15592.0,United Kingdom,47,1,388.58,3,1,2,Reguliers
15593.0,United Kingdom,71,1,199.8,2,1,1,Perdus
15594.0,United Kingdom,16,5,1771.78,4,4,4,Champions
15596.0,United Kingdom,101,5,1406.59,2,4,3,Fideles
15597.0,United Kingdom,35,1,324.57,3,1,2,Reguliers
15598.0,United Kingdom,53,1,240.68,2,1,1,Perdus
15599.0,United Kingdom,27,2,761.74,3,2,3,Reguliers
15601.0,United Kingdom,11,14,6776.56,4,4,4,Champions
15602.0,United Kingdom,8,9,1297.87,4,4,3,Fideles
15603.0,United Kingdom,79,1,48.48,2,1,1,Perdus
15604.0,United Kingdom,52,1,216.39,2,1,1,Perdus
15605.0,United Kingdom,36,5,1198.23,3,4,3,Fideles
15606.0,United Kingdom,61,9,2920.16,2,4,4,Fideles
15607.0,United Kingdom,337,1,104.76,1,1,1,Perdus
15608.0,United Kingdom,28,4,1093.68,3,3,3,Fideles
15609.0,United Kingdom,184,1,298.48,1,1,1,Perdus
15610.0,United Kingdom,52,1,112.46,2,1,1,Perdus
15611.0,United Kingdom,10,13,1591.45,4,4,3,Fideles
15612.0,United Kingdom,36,2,195.15,3,2,1,Reguliers
15615.0,United Kingdom,10,23,10399.74,4,4,4,Champions
15618.0,United Kingdom,33,4,776.85,3,3,3,Fideles
15619.0,United Kingdom,11,1,336.4,4,1,2,Nouveaux
15620.0,United Kingdom,57,3,1553.18,2,3,3,Fideles
15621.0,United Kingdom,4,4,1293.03,4,3,3,Fideles
15622.0,United Kingdom,43,9,3709.56,3,4,4,Fideles
15623.0,United Kingdom,141,1,301.03,2,1,1,Perdus
15624.0,United Kingdom,117,4,588.13,2,3,2,A risque
15625.0,United Kingdom,104,4,1534.26,2,3,3,Fideles
15626.0,United Kingdom,75,2,675.8,2,2,3,Perdus
15628.0,United Kingdom,5,9,2870.24,4,4,4,Champions
15630.0,United Kingdom,45,2,1186.35,3,2,3,Reguliers
15632.0,United Kingdom,16,8,3285.31,4,4,4,Champions
15634.0,United Kingdom,17,1,243.55,4,1,1,Nouveaux
15636.0,United Kingdom,90,2,724.76,2,2,3,Perdus
15637.0,United Kingdom,53,1,223.36,2,1,1,Perdus
15639.0,United Kingdom,134,1,425.32,2,1,2,Perdus
15640.0,United Kingdom,4,15,12515.66,4,4,4,Champions
15641.0,United Kingdom,105,4,1887.2,2,3,4,Fideles
15643.0,United Kingdom,192,3,664.0,1,3,2,A risque
15644.0,United Kingdom,166,4,813.0,1,3,3,Fideles
15645.0,United Kingdom,19,1,612.01,3,1,2,Reguliers
15646.0,United Kingdom,158,3,447.64,1,3,2,A risque
15648.0,United Kingdom,204,2,657.35,1,2,2,Perdus
15649.0,United Kingdom,336,2,816.0,1,2,3,Perdus
15651.0,United Kingdom,37,3,646.3,3,3,2,Reguliers
15652.0,United Kingdom,91,1,337.74,2,1,2,Perdus
15653.0,United Kingdom,93,2,877.44,2,2,3,Perdus
15654.0,United Kingdom,9,2,922.53,4,2,3,Nouveaux
15655.0,United Kingdom,243,1,560.67,1,1,2,Perdus
15656.0,United Kingdom,45,4,748.5,3,3,3,Fideles
15657.0,United Kingdom,23,1,30.0,3,1,1,Reguliers
15658.0,United Kingdom,190,5,1024.1,1,4,3,Fideles
15659.0,United Kingdom,44,1,306.45,3,1,1,Reguliers
15660.0,United Kingdom,25,9,1600.86,3,4,3,Fideles
15661.0,United Kingdom,317,2,309.8,1,2,2,Perdus
15663.0,United Kingdom,106,1,138.14,2,1,1,Perdus
15664.0,United Kingdom,51,1,386.43,3,1,2,Reguliers
15665.0,United Kingdom,168,2,2242.01,1,2,4,Perdus
15667.0,United Kingdom,40,1,301.32,3,1,1,Reguliers
15668.0,United Kingdom,218,1,76.32,1,1,1,Perdus
15669.0,United Kingdom,40,4,684.34,3,3,3,Fideles
15670.0,United Kingdom,297,1,173.05,1,1,1,Perdus
15671.0,United Kingdom,19,7,2657.13,3,4,4,Fideles
15673.0,United Kingdom,88,4,2881.02,2,3,4,Fideles
15674.0,United Kingdom,73,5,2446.6,2,4,4,Fideles
15675.0,United Kingdom,81,3,323.69,2,3,2,A risque
15676.0,United Kingdom,19,3,3435.76,3,3,4,Fideles
15677.0,United Kingdom,49,1,657.23,3,1,2,Reguliers
15678.0,United Kingdom,53,1,352.7,2,1,2,Perdus
15679.0,United Kingdom,24,4,781.28,3,3,3,Fideles
15680.0,United Kingdom,9,3,1333.68,4,3,3,Fideles
15681.0,United Kingdom,25,5,1426.16,3,4,3,Fideles
15683.0,United Kingdom,117,1,193.75,2,1,1,Perdus
15687.0,United Kingdom,9,9,2993.1,4,4,4,Champions
15689.0,United Kingdom,120,2,254.1,2,2,1,Perdus
15690.0,United Kingdom,4,2,239.76,4,2,1,Nouveaux
15691.0,United Kingdom,252,1,136.8,1,1,1,Perdus
15692.0,United Kingdom,28,1,191.04,3,1,1,Reguliers
15694.0,United Kingdom,1,14,6479.4,4,4,4,Champions
15695.0,United Kingdom,267,2,409.98,1,2,2,Perdus
15696.0,United Kingdom,33,8,2736.46,3,4,4,Fideles
15699.0,United Kingdom,18,1,309.65,4,1,2,Nouveaux
15700.0,United Kingdom,172,2,696.68,1,2,3,Perdus
15701.0,United Kingdom,2,4,1542.14,4,3,3,Fideles
15703.0,United Kingdom,265,1,211.5,1,1,1,Perdus
15704.0,United Kingdom,140,4,2293.62,2,3,4,Fideles
15705.0,United Kingdom,201,1,143.1,1,1,1,Perdus
15706.0,United Kingdom,64,4,1060.56,2,3,3,Fideles
15707.0,United Kingdom,35,4,945.58,3,3,3,Fideles
15708.0,United Kingdom,41,7,3364.24,3,4,4,Fideles
15709.0,United Kingdom,284,1,133.25,1,1,1,Perdus
15712.0,United Kingdom,9,5,1072.36,4,4,3,Fideles
15713.0,United Kingdom,143,2,356.7,1,2,2,Perdus
15714.0,United Kingdom,12,2,330.88,4,2,2,Nouveaux
15716.0,United Kingdom,146,4,1118.81,1,3,3,Fideles
15717.0,United Kingdom,234,1,150.3,1,1,1,Perdus
15719.0,United Kingdom,33,13,5045.61,3,4,4,Fideles
15720.0,United Kingdom,24,1,598.73,3,1,2,Reguliers
15721.0,United Kingdom,12,1,507.08,4,1,2,Nouveaux
15722.0,United Kingdom,36,5,2222.56,3,4,4,Fideles
15723.0,United Kingdom,365,1,203.1,1,1,1,Perdus
15724.0,United Kingdom,201,2,218.25,1,2,1,Perdus
15725.0,United Kingdom,15,1,415.25,4,1,2,Nouveaux
15727.0,United Kingdom,17,7,5178.96,4,4,4,Champions
15729.0,United Kingdom,213,1,85.0,1,1,1,Perdus
15730.0,United Kingdom,66,3,1120.88,2,3,3,Fideles
15732.0,United Kingdom,212,2,294.12,1,2,1,Perdus
15733.0,United Kingdom,283,1,162.3,1,1,1,Perdus
15734.0,United Kingdom,115,2,1339.45,2,2,3,Perdus
15737.0,United Kingdom,15,8,1205.12,4,4,3,Fideles
15738.0,United Kingdom,19,16,4812.42,3,4,4,Fideles
15739.0,United Kingdom,66,1,449.12,2,1,2,Perdus
15740.0,United Kingdom,49,1,154.88,3,1,1,Reguliers
15743.0,United Kingdom,16,4,784.46,4,3,3,Fideles
15744.0,United Kingdom,78,1,34.8,2,1,1,Perdus
15745.0,United Kingdom,19,4,1094.59,3,3,3,Fideles
15746.0,United Kingdom,134,1,196.88,2,1,1,Perdus
15747.0,United Kingdom,13,3,974.04,4,3,3,Fideles
15748.0,United Kingdom,40,1,149.31,3,1,1,Reguliers
15749.0,United Kingdom,235,3,44534.3,1,3,4,Fideles
15750.0,United Kingdom,3,8,2465.48,4,4,4,Champions
15752.0,United Kingdom,40,7,2637.38,3,4,4,Fideles
15753.0,United Kingdom,305,1,79.2,1,1,1,Perdus
15754.0,United Kingdom,51,3,458.57,3,3,2,Reguliers
15755.0,United Kingdom,10,6,2364.25,4,4,4,Champions
15756.0,United Kingdom,61,4,532.96,2,3,2,A risque
15757.0,United Kingdom,66,2,714.42,2,2,3,Perdus
15758.0,United Kingdom,25,1,205.25,3,1,1,Reguliers
15759.0,United Kingdom,218,3,253.04,1,3,1,A risque
15762.0,United Kingdom,65,2,583.75,2,2,2,Perdus
15763.0,United Kingdom,32,2,1086.92,3,2,3,Reguliers
15764.0,United Kingdom,88,6,3279.97,2,4,4,Fideles
15766.0,United Kingdom,64,1,315.06,2,1,2,Perdus
15768.0,United Kingdom,116,3,621.83,2,3,2,A risque
15769.0,United Kingdom,7,26,56252.72,4,4,4,Champions
15773.0,United Kingdom,6,1,635.68,4,1,2,Nouveaux
15774.0,United Kingdom,69,1,270.8,2,1,1,Perdus
15775.0,United Kingdom,245,1,104.9,1,1,1,Perdus
15776.0,United Kingdom,133,1,241.62,2,1,1,Perdus
15777.0,United Kingdom,241,4,1047.11,1,3,3,Fideles
15780.0,United Kingdom,184,3,475.28,1,3,2,A risque
15781.0,United Kingdom,25,3,345.46,3,3,2,Reguliers
15782.0,United Kingdom,10,3,2614.74,4,3,4,Fideles
15783.0,United Kingdom,11,1,246.3,4,1,1,Nouveaux
15785.0,United Kingdom,33,5,2328.97,3,4,4,Fideles
15786.0,United Kingdom,46,3,4932.2,3,3,4,Fideles
15787.0,United Kingdom,26,3,948.05,3,3,3,Fideles
15789.0,United Kingdom,358,1,351.3,1,1,2,Perdus
15790.0,United Kingdom,10,1,220.85,4,1,1,Nouveaux
15791.0,United Kingdom,44,2,1612.69,3,2,3,Reguliers
15793.0,United Kingdom,15,3,965.61,4,3,3,Fideles
15795.0,United Kingdom,150,1,610.01,1,1,2,Perdus
15796.0,United Kingdom,1,8,2711.56,4,4,4,Champions
15797.0,United Kingdom,113,4,2207.4,2,3,4,Fideles
15799.0,United Kingdom,76,3,884.14,2,3,3,Fideles
15800.0,United Kingdom,107,2,699.08,2,2,3,Perdus
15801.0,United Kingdom,46,3,1063.95,3,3,3,Fideles
15802.0,United Kingdom,143,1,451.42,1,1,2,Perdus
15803.0,United Kingdom,51,1,415.82,3,1,2,Reguliers
15804.0,United Kingdom,1,13,4206.39,4,4,4,Champions
15805.0,United Kingdom,23,17,5528.48,3,4,4,Fideles
15806.0,United Kingdom,46,3,784.58,3,3,3,Fideles
15807.0,United Kingdom,50,3,903.9,3,3,3,Fideles
15808.0,United Kingdom,306,4,3734.97,1,3,4,Fideles
15809.0,United Kingdom,36,5,515.77,3,4,2,Reguliers
15810.0,United Kingdom,79,4,1391.98,2,3,3,Fideles
15811.0,United Kingdom,22,6,2218.62,3,4,4,Fideles
15812.0,United Kingdom,107,5,1801.14,2,4,4,Fideles
15813.0,United Kingdom,208,2,1303.91,1,2,3,Perdus
15814.0,United Kingdom,17,4,1945.33,4,3,4,Fideles
15815.0,United Kingdom,64,5,2100.6,2,4,4,Fideles
15819.0,United Kingdom,49,4,1905.45,3,3,4,Fideles
15820.0,United Kingdom,320,1,206.98,1,1,1,Perdus
15821.0,United Kingdom,44,2,570.96,3,2,2,Reguliers
15822.0,United Kingdom,3,2,885.47,4,2,3,Nouveaux
15823.0,United Kingdom,372,1,15.0,1,1,1,Perdus
15825.0,United Kingdom,172,1,532.94,1,1,2,Perdus
15826.0,United Kingdom,56,3,1654.31,2,3,3,Fideles
15827.0,United Kingdom,73,14,1836.09,2,4,4,Fideles
15829.0,United Kingdom,99,2,636.14,2,2,2,Perdus
15830.0,United Kingdom,38,1,576.0,3,1,2,Reguliers
15831.0,United Kingdom,58,3,801.76,2,3,3,Fideles
15832.0,United Kingdom,254,1,836.79,1,1,3,Perdus
15834.0,United Kingdom,70,4,2233.75,2,3,4,Fideles
15835.0,United Kingdom,44,4,954.09,3,3,3,Fideles
15836.0,United Kingdom,50,1,137.37,3,1,1,Reguliers
15837.0,United Kingdom,65,1,391.98,2,1,2,Perdus
15838.0,United Kingdom,11,19,33643.08,4,4,4,Champions
15839.0,United Kingdom,33,3,1048.49,3,3,3,Fideles
15840.0,United Kingdom,59,2,355.56,2,2,2,Perdus
15841.0,United Kingdom,73,4,1224.06,2,3,3,Fideles
15843.0,United Kingdom,304,1,118.95,1,1,1,Perdus
15844.0,United Kingdom,46,1,130.74,3,1,1,Reguliers
15845.0,United Kingdom,18,8,3711.77,4,4,4,Champions
15847.0,United Kingdom,38,2,389.27,3,2,2,Reguliers
15850.0,United Kingdom,19,2,238.85,3,2,1,Reguliers
15852.0,United Kingdom,187,2,160.71,1,2,1,Perdus
15853.0,United Kingdom,52,1,110.8,2,1,1,Perdus
15854.0,United Kingdom,4,12,2974.65,4,4,4,Champions
15855.0,United Kingdom,137,5,712.24,2,4,3,Fideles
15856.0,United Kingdom,4,27,16387.57,4,4,4,Champions
15857.0,United Kingdom,19,1,297.0,3,1,1,Reguliers
15858.0,United Kingdom,16,5,1438.85,4,4,3,Fideles
15860.0,United Kingdom,41,8,977.21,3,4,3,Fideles
15861.0,United Kingdom,12,8,3165.36,4,4,4,Champions
15862.0,United Kingdom,8,4,832.88,4,3,3,Fideles
15863.0,United Kingdom,26,2,68.84,3,2,1,Reguliers
15864.0,United Kingdom,22,6,1936.32,3,4,4,Fideles
15865.0,United Kingdom,41,3,895.13,3,3,3,Fideles
15866.0,United Kingdom,101,1,230.53,2,1,1,Perdus
15867.0,United Kingdom,5,15,3812.64,4,4,4,Champions
15869.0,United Kingdom,277,2,149.64,1,2,1,Perdus
15870.0,United Kingdom,33,1,354.09,3,1,2,Reguliers
15872.0,United Kingdom,15,2,360.93,4,2,2,Nouveaux
15874.0,United Kingdom,64,7,4405.88,2,4,4,Fideles
15877.0,United Kingdom,2,2,493.28,4,2,2,Nouveaux
15880.0,United Kingdom,369,1,343.28,1,1,2,Perdus
15881.0,United Kingdom,312,5,501.39,1,4,2,A risque
15882.0,United Kingdom,199,4,516.36,1,3,2,A risque
15883.0,United Kingdom,2,2,396.48,4,2,2,Nouveaux
15885.0,United Kingdom,93,3,379.35,2,3,2,A risque
15886.0,United Kingdom,60,1,181.09,2,1,1,Perdus
15888.0,United Kingdom,81,1,168.31,2,1,1,Perdus
15889.0,United Kingdom,157,2,446.87,1,2,2,Perdus
15891.0,United Kingdom,227,1,524.52,1,1,2,Perdus
15894.0,United Kingdom,253,2,263.55,1,2,1,Perdus
15895.0,United Kingdom,150,1,179.17,1,1,1,Perdus
15897.0,United Kingdom,194,2,222.05,1,2,1,Perdus
15898.0,United Kingdom,1,5,1388.88,4,4,3,Fideles
15899.0,United Kingdom,369,1,56.25,1,1,1,Perdus
15900.0,United Kingdom,24,1,351.11,3,1,2,Reguliers
15901.0,United Kingdom,17,3,363.88,4,3,2,Reguliers
15903.0,United Kingdom,10,7,5126.76,4,4,4,Champions
15904.0,United Kingdom,8,1,164.68,4,1,1,Nouveaux
15906.0,United Kingdom,20,7,1567.69,3,4,3,Fideles
15907.0,United Kingdom,4,3,967.45,4,3,3,Fideles
15909.0,United Kingdom,174,1,191.94,1,1,1,Perdus
15910.0,United Kingdom,1,8,1232.18,4,4,3,Fideles
15912.0,United Kingdom,178,2,264.62,1,2,1,Perdus
15916.0,United Kingdom,16,8,1528.09,4,4,3,Fideles
15917.0,United Kingdom,248,1,123.1,1,1,1,Perdus
15918.0,United Kingdom,191,2,334.23,1,2,2,Perdus
15919.0,United Kingdom,20,2,639.89,3,2,2,Reguliers
15920.0,United Kingdom,154,4,167.5,1,3,1,A risque
15921.0,United Kingdom,173,1,336.03,1,1,2,Perdus
15922.0,United Kingdom,373,1,369.5,1,1,2,Perdus
15923.0,United Kingdom,373,1,127.08,1,1,1,Perdus
15925.0,United Kingdom,194,1,207.15,1,1,1,Perdus
15930.0,United Kingdom,67,1,426.63,2,1,2,Perdus
15932.0,United Kingdom,4,8,2495.87,4,4,4,Champions
15933.0,United Kingdom,21,3,1107.46,3,3,3,Fideles
15935.0,United Kingdom,239,2,416.86,1,2,2,Perdus
15937.0,United Kingdom,64,1,145.35,2,1,1,Perdus
15938.0,United Kingdom,112,5,404.58,2,4,2,A risque
15939.0,United Kingdom,90,15,6115.01,2,4,4,Fideles
15940.0,United Kingdom,311,1,35.8,1,1,1,Perdus
15942.0,United Kingdom,134,1,337.44,2,1,2,Perdus
15944.0,United Kingdom,277,1,325.1,1,1,2,Perdus
15945.0,United Kingdom,365,1,181.0,1,1,1,Perdus
15947.0,United Kingdom,83,1,1708.24,2,1,4,Perdus
15948.0,United Kingdom,8,2,955.24,4,2,3,Nouveaux
15949.0,United Kingdom,17,2,364.72,4,2,2,Nouveaux
15950.0,United Kingdom,32,4,1765.51,3,3,4,Fideles
15951.0,United Kingdom,9,2,708.22,4,2,3,Nouveaux
15952.0,United Kingdom,34,4,806.57,3,3,3,Fideles
15953.0,United Kingdom,15,8,1659.38,4,4,3,Fideles
15955.0,United Kingdom,24,14,4416.26,3,4,4,Fideles
15957.0,United Kingdom,32,1,428.89,3,1,2,Reguliers
15958.0,United Kingdom,74,1,104.35,2,1,1,Perdus
15963.0,United Kingdom,20,2,470.76,3,2,2,Reguliers
15965.0,United Kingdom,17,4,845.64,4,3,3,Fideles
15967.0,United Kingdom,23,2,418.83,3,2,2,Reguliers
15969.0,United Kingdom,3,3,666.1,4,3,2,Reguliers
15970.0,United Kingdom,304,1,314.1,1,1,2,Perdus
15971.0,United Kingdom,18,12,4199.85,4,4,4,Champions
15973.0,United Kingdom,367,1,307.82,1,1,2,Perdus
15974.0,United Kingdom,39,7,3442.15,3,4,4,Fideles
15975.0,United Kingdom,84,1,371.01,2,1,2,Perdus
15976.0,United Kingdom,165,2,430.94,1,2,2,Perdus
15977.0,United Kingdom,17,2,1054.73,4,2,3,Nouveaux
15978.0,United Kingdom,77,1,1098.78,2,1,3,Perdus
15980.0,United Kingdom,89,3,2398.86,2,3,4,Fideles
15981.0,United Kingdom,25,8,3408.48,3,4,4,Fideles
15983.0,United Kingdom,22,4,1475.02,3,3,3,Fideles
15984.0,United Kingdom,3,10,2837.67,4,4,4,Champions
15985.0,United Kingdom,123,2,1142.42,2,2,3,Perdus
15986.0,United Kingdom,30,1,168.12,3,1,1,Reguliers
15987.0,United Kingdom,12,7,1451.28,4,4,3,Fideles
15988.0,United Kingdom,19,1,158.03,3,1,1,Reguliers
15990.0,United Kingdom,44,2,792.11,3,2,3,Reguliers
15992.0,United Kingdom,4,1,41.99,4,1,1,Nouveaux
15993.0,United Kingdom,9,7,2797.57,4,4,4,Champions
15994.0,United Kingdom,55,1,427.07,2,1,2,Perdus
15996.0,United Kingdom,88,6,1060.68,2,4,3,Fideles
15998.0,United Kingdom,37,5,3089.97,3,4,4,Fideles
16000.0,United Kingdom,3,3,12393.7,4,3,4,Fideles
16003.0,United Kingdom,30,5,2735.37,3,4,4,Fideles
16005.0,United Kingdom,12,4,615.39,4,3,2,Reguliers
16006.0,United Kingdom,211,1,101.4,1,1,1,Perdus
16007.0,United Kingdom,48,4,1701.94,3,3,4,Fideles
16008.0,United Kingdom,24,3,478.78,3,3,2,Reguliers
16009.0,United Kingdom,22,4,992.71,3,3,3,Fideles
16010.0,United Kingdom,246,3,407.5,1,3,2,A risque
16011.0,United Kingdom,8,16,3362.71,4,4,4,Champions
16012.0,United Kingdom,35,3,1415.29,3,3,3,Fideles
16013.0,United Kingdom,4,47,37130.6,4,4,4,Champions
16014.0,United Kingdom,38,3,662.38,3,3,2,Reguliers
16015.0,United Kingdom,4,3,705.39,4,3,3,Fideles
16016.0,United Kingdom,3,8,1508.76,4,4,3,Fideles
16017.0,United Kingdom,47,1,211.88,3,1,1,Reguliers
16018.0,United Kingdom,39,2,408.9,3,2,2,Reguliers
16019.0,United Kingdom,47,9,3786.24,3,4,4,Fideles
16020.0,United Kingdom,17,3,851.01,4,3,3,Fideles
16022.0,United Kingdom,260,1,628.28,1,1,2,Perdus
16023.0,United Kingdom,46,3,719.81,3,3,3,Fideles
16024.0,United Kingdom,12,1,251.24,4,1,1,Nouveaux
16025.0,United Kingdom,30,1,439.66,3,1,2,Reguliers
16026.0,United Kingdom,43,1,236.09,3,1,1,Reguliers
16027.0,United Kingdom,92,6,934.62,2,4,3,Fideles
16029.0,United Kingdom,39,63,81024.84,3,4,4,Fideles
16030.0,United Kingdom,310,1,331.24,1,1,2,Perdus
16031.0,United Kingdom,92,2,548.94,2,2,2,Perdus
16033.0,United Kingdom,6,20,8816.4,4,4,4,Champions
16034.0,United Kingdom,196,3,437.7,1,3,2,A risque
16036.0,United Kingdom,87,2,758.92,2,2,3,Perdus
16037.0,United Kingdom,270,3,855.02,1,3,3,Fideles
16038.0,United Kingdom,8,3,471.78,4,3,2,Reguliers
16040.0,United Kingdom,65,3,1313.55,2,3,3,Fideles
16041.0,United Kingdom,31,3,3166.4,3,3,4,Fideles
16042.0,United Kingdom,22,5,1197.27,3,4,3,Fideles
16043.0,United Kingdom,38,4,773.99,3,3,3,Fideles
16045.0,United Kingdom,120,4,1340.7,2,3,3,Fideles
16048.0,United Kingdom,373,2,256.44,1,2,1,Perdus
16049.0,United Kingdom,40,3,1111.79,3,3,3,Fideles
16050.0,United Kingdom,174,1,137.9,1,1,1,Perdus
16052.0,United Kingdom,54,1,362.06,2,1,2,Perdus
16053.0,United Kingdom,33,2,1511.95,3,2,3,Reguliers
16054.0,United Kingdom,145,1,783.9,1,1,3,Perdus
16055.0,United Kingdom,221,1,134.8,1,1,1,Perdus
16056.0,United Kingdom,45,1,664.85,3,1,2,Reguliers
16057.0,United Kingdom,16,7,2263.12,4,4,4,Champions
16059.0,United Kingdom,66,6,1459.86,2,4,3,Fideles
16062.0,United Kingdom,10,4,1153.62,4,3,3,Fideles
16063.0,United Kingdom,260,1,335.32,1,1,2,Perdus
16065.0,United Kingdom,365,1,372.09,1,1,2,Perdus
16066.0,United Kingdom,17,5,1521.87,4,4,3,Fideles
16070.0,United Kingdom,22,2,852.15,3,2,3,Reguliers
16071.0,United Kingdom,45,1,326.24,3,1,2,Reguliers
16072.0,United Kingdom,288,1,584.32,1,1,2,Perdus
16073.0,United Kingdom,297,1,122.4,1,1,1,Perdus
16076.0,United Kingdom,3,10,2234.73,4,4,4,Champions
16078.0,United Kingdom,284,1,79.2,1,1,1,Perdus
16079.0,United Kingdom,17,3,1352.0,4,3,3,Fideles
16080.0,United Kingdom,82,2,217.16,2,2,1,Perdus
16081.0,United Kingdom,56,5,2806.9,2,4,4,Fideles
16083.0,United Kingdom,101,2,1317.62,2,2,3,Perdus
16084.0,United Kingdom,299,1,436.18,1,1,2,Perdus
16085.0,United Kingdom,23,5,981.51,3,4,3,Fideles
16086.0,United Kingdom,59,5,1121.39,2,4,3,Fideles
16091.0,United Kingdom,155,2,315.06,1,2,2,Perdus
16092.0,United Kingdom,115,3,817.86,2,3,3,Fideles
16093.0,United Kingdom,107,1,17.0,2,1,1,Perdus
16094.0,United Kingdom,12,4,1078.23,4,3,3,Fideles
16096.0,United Kingdom,264,1,320.62,1,1,2,Perdus
16097.0,United Kingdom,240,1,185.05,1,1,1,Perdus
16098.0,United Kingdom,88,7,2005.63,2,4,4,Fideles
16099.0,United Kingdom,50,3,731.9,3,3,3,Fideles
16101.0,United Kingdom,71,1,1290.7,2,1,3,Perdus
16102.0,United Kingdom,42,3,1842.14,3,3,4,Fideles
16103.0,United Kingdom,7,6,1429.64,4,4,3,Fideles
16104.0,United Kingdom,62,1,302.36,2,1,1,Perdus
16105.0,United Kingdom,249,1,336.96,1,1,2,Perdus
16106.0,United Kingdom,66,1,108.38,2,1,1,Perdus
16107.0,United Kingdom,18,7,3204.16,4,4,4,Champions
16108.0,United Kingdom,85,1,842.5,2,1,3,Perdus
16109.0,United Kingdom,219,2,611.88,1,2,2,Perdus
16110.0,United Kingdom,45,3,1337.48,3,3,3,Fideles
16112.0,United Kingdom,143,4,195.74,1,3,1,A risque
16113.0,United Kingdom,183,1,161.38,1,1,1,Perdus
16114.0,United Kingdom,171,1,135.75,1,1,1,Perdus
16115.0,United Kingdom,10,8,1667.97,4,4,4,Champions
16116.0,United Kingdom,212,1,612.78,1,1,2,Perdus
16117.0,United Kingdom,190,1,232.21,1,1,1,Perdus
16119.0,United Kingdom,8,2,423.36,4,2,2,Nouveaux
16120.0,United Kingdom,59,4,1309.14,2,3,3,Fideles
16121.0,United Kingdom,57,2,867.11,2,2,3,Perdus
16122.0,United Kingdom,73,4,684.42,2,3,3,Fideles
16123.0,United Kingdom,52,1,307.78,2,1,2,Perdus
16124.0,United Kingdom,317,1,249.0,1,1,1,Perdus
16125.0,United Kingdom,367,1,289.35,1,1,1,Perdus
16126.0,United Kingdom,29,4,6287.77,3,3,4,Fideles
16127.0,United Kingdom,39,1,656.25,3,1,2,Reguliers
16128.0,United Kingdom,18,5,1880.22,4,4,4,Champions
16131.0,United Kingdom,52,6,3506.54,2,4,4,Fideles
16133.0,United Kingdom,4,33,14589.04,4,4,4,Champions
16134.0,United Kingdom,22,2,618.09,3,2,2,Reguliers
16135.0,United Kingdom,263,1,517.55,1,1,2,Perdus
16136.0,United Kingdom,60,3,709.38,2,3,3,Fideles
16139.0,United Kingdom,19,3,635.41,3,3,2,Reguliers
16140.0,United Kingdom,66,2,725.18,2,2,3,Perdus
16141.0,United Kingdom,88,1,620.4,2,1,2,Perdus
16142.0,United Kingdom,250,1,535.34,1,1,2,Perdus
16143.0,United Kingdom,3,6,2424.94,4,4,4,Champions
16144.0,United Kingdom,247,1,175.2,1,1,1,Perdus
16145.0,United Kingdom,9,11,3799.49,4,4,4,Champions
16146.0,United Kingdom,157,3,734.13,1,3,3,Fideles
16147.0,United Kingdom,134,1,375.0,2,1,2,Perdus
16148.0,United Kingdom,296,1,76.32,1,1,1,Perdus
16149.0,United Kingdom,5,2,280.52,4,2,1,Nouveaux
16150.0,United Kingdom,43,5,2053.02,3,4,4,Fideles
16152.0,United Kingdom,269,1,1829.04,1,1,4,Perdus
16153.0,United Kingdom,50,5,1824.23,3,4,4,Fideles
16156.0,United Kingdom,9,9,3122.04,4,4,4,Champions
16157.0,United Kingdom,16,3,656.69,4,3,2,Reguliers
16159.0,United Kingdom,282,1,348.2,1,1,2,Perdus
16160.0,United Kingdom,65,2,1025.44,2,2,3,Perdus
16161.0,United Kingdom,2,19,5575.56,4,4,4,Champions
16162.0,United Kingdom,252,1,37.4,1,1,1,Perdus
16163.0,United Kingdom,232,2,856.6,1,2,3,Perdus
16164.0,United Kingdom,17,3,822.48,4,3,3,Fideles
16168.0,United Kingdom,11,27,3787.6,4,4,4,Champions
16169.0,United Kingdom,8,4,1822.97,4,3,4,Fideles
16170.0,United Kingdom,51,6,1885.05,3,4,4,Fideles
16171.0,United Kingdom,59,1,73.2,2,1,1,Perdus
16172.0,United Kingdom,95,5,1140.21,2,4,3,Fideles
16173.0,United Kingdom,16,6,1418.32,4,4,3,Fideles
16174.0,United Kingdom,126,3,1009.55,2,3,3,Fideles
16175.0,United Kingdom,94,4,1037.59,2,3,3,Fideles
16177.0,United Kingdom,50,1,331.95,3,1,2,Reguliers
16178.0,United Kingdom,138,1,197.9,2,1,1,Perdus
16179.0,United Kingdom,61,1,215.83,2,1,1,Perdus
16180.0,United Kingdom,100,8,10254.18,2,4,4,Fideles
16181.0,United Kingdom,73,1,305.54,2,1,1,Perdus
16182.0,United Kingdom,72,4,6617.65,2,3,4,Fideles
16183.0,United Kingdom,67,1,338.71,2,1,2,Perdus
16184.0,United Kingdom,64,6,1158.79,2,4,3,Fideles
16185.0,United Kingdom,17,2,529.41,4,2,2,Nouveaux
16186.0,United Kingdom,23,12,4006.94,3,4,4,Fideles
16187.0,United Kingdom,32,15,6911.44,3,4,4,Fideles
16188.0,United Kingdom,45,4,981.86,3,3,3,Fideles
16189.0,United Kingdom,16,2,215.48,4,2,1,Nouveaux
16190.0,United Kingdom,40,1,215.08,3,1,1,Reguliers
16191.0,United Kingdom,3,13,5180.52,4,4,4,Champions
16193.0,United Kingdom,237,1,314.45,1,1,2,Perdus
16198.0,United Kingdom,75,1,400.68,2,1,2,Perdus
16200.0,United Kingdom,4,2,1080.62,4,2,3,Nouveaux
16201.0,United Kingdom,3,4,1863.47,4,3,4,Fideles
16202.0,United Kingdom,361,1,365.27,1,1,2,Perdus
16203.0,United Kingdom,59,4,592.9,2,3,2,A risque
16204.0,United Kingdom,23,1,405.71,3,1,2,Reguliers
16205.0,United Kingdom,31,4,761.38,3,3,3,Fideles
16206.0,United Kingdom,55,4,537.06,2,3,2,A risque
16207.0,United Kingdom,25,1,394.38,3,1,2,Reguliers
16208.0,United Kingdom,45,2,664.26,3,2,2,Reguliers
16209.0,United Kingdom,89,5,2262.62,2,4,4,Fideles
16210.0,United Kingdom,2,18,21086.3,4,4,4,Champions
16211.0,United Kingdom,89,1,547.02,2,1,2,Perdus
16212.0,United Kingdom,19,2,690.34,3,2,3,Reguliers
16213.0,United Kingdom,79,1,159.0,2,1,1,Perdus
16214.0,United Kingdom,171,3,1062.75,1,3,3,Fideles
16215.0,United Kingdom,81,1,242.35,2,1,1,Perdus
16216.0,United Kingdom,267,1,914.93,1,1,3,Perdus
16217.0,United Kingdom,235,2,304.25,1,2,1,Perdus
16218.0,United Kingdom,30,7,3084.68,3,4,4,Fideles
16221.0,United Kingdom,37,3,864.86,3,3,3,Fideles
16222.0,United Kingdom,318,1,846.72,1,1,3,Perdus
16224.0,United Kingdom,57,4,1295.3,2,3,3,Fideles
16225.0,United Kingdom,45,5,1096.32,3,4,3,Fideles
16226.0,United Kingdom,203,3,255.12,1,3,1,A risque
16227.0,United Kingdom,225,1,314.22,1,1,2,Perdus
16229.0,United Kingdom,87,2,1010.6,2,2,3,Perdus
16230.0,United Kingdom,190,2,542.03,1,2,2,Perdus
16232.0,United Kingdom,44,4,990.88,3,3,3,Fideles
16233.0,United Kingdom,71,3,536.68,2,3,2,A risque
16235.0,United Kingdom,41,5,867.31,3,4,3,Fideles
16236.0,United Kingdom,78,1,432.2,2,1,2,Perdus
16239.0,United Kingdom,57,2,414.2,2,2,2,Perdus
16240.0,United Kingdom,24,2,3718.8,3,2,4,Reguliers
16241.0,United Kingdom,10,13,2607.87,4,4,4,Champions
16242.0,United Kingdom,8,7,3603.21,4,4,4,Champions
16243.0,United Kingdom,34,2,409.1,3,2,2,Reguliers
16244.0,United Kingdom,212,2,1522.75,1,2,3,Perdus
16245.0,United Kingdom,24,3,1413.66,3,3,3,Fideles
16247.0,United Kingdom,170,1,114.56,1,1,1,Perdus
16248.0,United Kingdom,62,1,152.94,2,1,1,Perdus
16249.0,United Kingdom,53,5,1800.07,2,4,4,Fideles
16250.0,United Kingdom,261,2,389.44,1,2,2,Perdus
16253.0,United Kingdom,67,2,3683.86,2,2,4,Perdus
16255.0,United Kingdom,17,8,2619.91,4,4,4,Champions
16256.0,United Kingdom,267,1,752.43,1,1,3,Perdus
16257.0,United Kingdom,177,1,46.95,1,1,1,Perdus
16258.0,United Kingdom,45,5,5203.51,3,4,4,Fideles
16260.0,United Kingdom,51,1,1035.45,3,1,3,Reguliers
16261.0,United Kingdom,17,4,746.83,4,3,3,Fideles
16265.0,United Kingdom,9,9,5447.0,4,4,4,Champions
16266.0,United Kingdom,74,7,861.89,2,4,3,Fideles
16268.0,United Kingdom,71,2,667.65,2,2,2,Perdus
16270.0,United Kingdom,353,1,1141.24,1,1,3,Perdus
16271.0,United Kingdom,3,5,1429.24,4,4,3,Fideles
16272.0,United Kingdom,117,1,411.7,2,1,2,Perdus
16274.0,United Kingdom,373,1,357.95,1,1,2,Perdus
16275.0,United Kingdom,197,1,559.87,1,1,2,Perdus
16276.0,United Kingdom,177,1,810.6,1,1,3,Perdus
16278.0,United Kingdom,100,1,566.38,2,1,2,Perdus
16279.0,United Kingdom,21,3,1509.58,3,3,3,Fideles
16281.0,United Kingdom,72,1,2062.06,2,1,4,Perdus
16282.0,United Kingdom,340,1,168.3,1,1,1,Perdus
16283.0,United Kingdom,6,5,1570.81,4,4,3,Fideles
16284.0,United Kingdom,31,2,823.97,3,2,3,Reguliers
16287.0,United Kingdom,170,1,142.5,1,1,1,Perdus
16292.0,United Kingdom,122,1,302.25,2,1,1,Perdus
16293.0,United Kingdom,22,10,2248.99,3,4,4,Fideles
16295.0,United Kingdom,10,4,1328.55,4,3,3,Fideles
16297.0,United Kingdom,269,1,301.9,1,1,1,Perdus
16298.0,United Kingdom,23,3,598.2,3,3,2,Reguliers
16302.0,United Kingdom,127,1,233.22,2,1,1,Perdus
16303.0,United Kingdom,26,3,5360.63,3,3,4,Fideles
16305.0,United Kingdom,139,1,361.22,2,1,2,Perdus
16306.0,United Kingdom,214,6,632.27,1,4,2,A risque
16308.0,United Kingdom,38,4,2560.0,3,3,4,Fideles
16309.0,United Kingdom,106,2,706.57,2,2,3,Perdus
16311.0,United Kingdom,18,2,616.26,4,2,2,Nouveaux
16313.0,United Kingdom,3,2,274.15,4,2,1,Nouveaux
16315.0,United Kingdom,331,1,226.37,1,1,1,Perdus
16316.0,United Kingdom,64,8,2938.91,2,4,4,Fideles
16317.0,United Kingdom,120,3,1341.65,2,3,3,Fideles
16318.0,United Kingdom,35,1,328.15,3,1,2,Reguliers
16319.0,United Kingdom,218,1,404.4,1,1,2,Perdus
16320.0,Unspecified,172,2,1038.46,1,2,3,Perdus
16321.0,Australia,72,5,373.65,2,4,2,A risque
16322.0,United Kingdom,1,2,326.75,4,2,2,Nouveaux
16323.0,United Kingdom,196,1,207.5,1,1,1,Perdus
16324.0,United Kingdom,128,3,428.68,2,3,2,A risque
16325.0,United Kingdom,47,3,594.24,3,3,2,Reguliers
16326.0,United Kingdom,6,14,3110.96,4,4,4,Champions
16327.0,United Kingdom,14,6,3844.22,4,4,4,Champions
16330.0,United Kingdom,18,3,251.91,4,3,1,Reguliers
16332.0,United Kingdom,28,7,1593.2,3,4,3,Fideles
16333.0,United Kingdom,8,22,26626.8,4,4,4,Champions
16337.0,United Kingdom,37,1,151.05,3,1,1,Reguliers
16338.0,United Kingdom,157,1,214.8,1,1,1,Perdus
16339.0,United Kingdom,284,1,109.95,1,1,1,Perdus
16340.0,United Kingdom,107,1,549.07,2,1,2,Perdus
16341.0,United Kingdom,25,4,1971.87,3,3,4,Fideles
16342.0,United Kingdom,75,4,322.41,2,3,2,A risque
16343.0,United Kingdom,16,2,370.48,4,2,2,Nouveaux
16344.0,United Kingdom,158,1,101.1,1,1,1,Perdus
16345.0,United Kingdom,44,1,575.41,3,1,2,Reguliers
16347.0,United Kingdom,11,2,887.65,4,2,3,Nouveaux
16348.0,United Kingdom,32,7,1469.45,3,4,3,Fideles
16349.0,United Kingdom,291,1,53.5,1,1,1,Perdus
16350.0,United Kingdom,21,4,1116.47,3,3,3,Fideles
16351.0,United Kingdom,333,1,153.9,1,1,1,Perdus
16352.0,United Kingdom,18,2,494.44,4,2,2,Nouveaux
16353.0,United Kingdom,4,23,6675.71,4,4,4,Champions
16354.0,United Kingdom,63,2,395.8,2,2,2,Perdus
16356.0,United Kingdom,198,3,211.77,1,3,1,A risque
16357.0,United Kingdom,33,3,658.88,3,3,2,Reguliers
16358.0,United Kingdom,1,4,2027.5,4,3,4,Fideles
16359.0,United Kingdom,7,9,1750.92,4,4,4,Champions
16360.0,United Kingdom,5,6,3512.53,4,4,4,Champions
16361.0,United Kingdom,10,4,896.66,4,3,3,Fideles
16362.0,United Kingdom,32,5,734.77,3,4,3,Fideles
16363.0,United Kingdom,53,1,109.36,2,1,1,Perdus
16364.0,United Kingdom,12,2,707.04,4,2,3,Nouveaux
16365.0,United Kingdom,18,9,1540.42,4,4,3,Fideles
16366.0,United Kingdom,19,1,327.3,3,1,2,Reguliers
16367.0,United Kingdom,37,2,804.49,3,2,3,Reguliers
16368.0,United Kingdom,2,2,497.43,4,2,2,Nouveaux
16369.0,United Kingdom,18,3,1553.66,4,3,3,Fideles
16370.0,United Kingdom,82,4,1320.56,2,3,3,Fideles
16372.0,United Kingdom,33,2,367.93,3,2,2,Reguliers
16374.0,United Kingdom,66,2,473.03,2,2,2,Perdus
16376.0,United Kingdom,9,2,987.01,4,2,3,Nouveaux
16377.0,United Kingdom,267,1,676.2,1,1,3,Perdus
16378.0,United Kingdom,247,3,362.95,1,3,2,A risque
16379.0,United Kingdom,4,4,2157.4,4,3,4,Fideles
16380.0,United Kingdom,61,1,1780.59,2,1,4,Perdus
16383.0,United Kingdom,75,2,668.36,2,2,2,Perdus
16384.0,United Kingdom,90,2,584.5,2,2,2,Perdus
16385.0,United Kingdom,60,3,555.89,2,3,2,A risque
16386.0,United Kingdom,29,2,317.2,3,2,2,Reguliers
16387.0,United Kingdom,323,1,94.36,1,1,1,Perdus
16389.0,United Kingdom,53,4,1382.07,2,3,3,Fideles
16392.0,United Kingdom,270,1,221.19,1,1,1,Perdus
16393.0,United Kingdom,2,13,3046.21,4,4,4,Champions
16394.0,United Kingdom,57,5,1555.34,2,4,3,Fideles
16395.0,United Kingdom,61,5,1486.9,2,4,3,Fideles
16398.0,United Kingdom,154,2,1705.8,1,2,4,Perdus
16399.0,United Kingdom,19,2,408.57,3,2,2,Reguliers
16400.0,United Kingdom,95,1,303.93,2,1,1,Perdus
16401.0,United Kingdom,1,12,4098.32,4,4,4,Champions
16402.0,United Kingdom,265,2,299.6,1,2,1,Perdus
16403.0,United Kingdom,312,1,177.5,1,1,1,Perdus
16404.0,United Kingdom,70,1,443.05,2,1,2,Perdus
16405.0,United Kingdom,302,2,167.25,1,2,1,Perdus
16406.0,United Kingdom,19,1,163.07,3,1,1,Reguliers
16407.0,United Kingdom,13,10,2126.93,4,4,4,Champions
16409.0,United Kingdom,36,5,2028.88,3,4,4,Fideles
16411.0,United Kingdom,19,2,214.65,3,2,1,Reguliers
16412.0,United Kingdom,54,1,151.83,2,1,1,Perdus
16413.0,United Kingdom,57,1,262.2,2,1,1,Perdus
16414.0,United Kingdom,22,2,126.25,3,2,1,Reguliers
16415.0,United Kingdom,44,1,210.35,3,1,1,Reguliers
16416.0,United Kingdom,27,3,1051.4,3,3,3,Fideles
16418.0,United Kingdom,45,3,675.27,3,3,3,Fideles
16419.0,United Kingdom,113,6,972.23,2,4,3,Fideles
16422.0,United Kingdom,17,51,34684.4,4,4,4,Champions
16423.0,United Kingdom,25,1,346.12,3,1,2,Reguliers
16424.0,United Kingdom,191,1,133.56,1,1,1,Perdus
16425.0,United Kingdom,302,1,302.7,1,1,1,Perdus
16426.0,United Kingdom,2,10,1908.25,4,4,4,Champions
16427.0,United Kingdom,263,2,241.06,1,2,1,Perdus
16429.0,United Kingdom,106,1,284.55,2,1,1,Perdus
16430.0,United Kingdom,57,1,300.85,2,1,1,Perdus
16431.0,United Kingdom,213,3,642.81,1,3,2,A risque
16432.0,United Kingdom,64,1,287.4,2,1,1,Perdus
16433.0,United Kingdom,28,1,184.26,3,1,1,Reguliers
16434.0,United Kingdom,29,7,1522.25,3,4,3,Fideles
16438.0,United Kingdom,6,5,798.35,4,4,3,Fideles
16440.0,United Kingdom,8,5,3640.67,4,4,4,Champions
16441.0,United Kingdom,67,2,381.2,2,2,2,Perdus
16442.0,United Kingdom,2,3,616.79,4,3,2,Reguliers
16444.0,United Kingdom,46,4,654.67,3,3,2,Reguliers
16445.0,United Kingdom,34,1,230.51,3,1,1,Reguliers
16446.0,United Kingdom,206,1,2.9,1,1,1,Perdus
16447.0,United Kingdom,136,1,259.01,2,1,1,Perdus
16448.0,United Kingdom,198,1,188.89,1,1,1,Perdus
16449.0,United Kingdom,198,2,707.69,1,2,3,Perdus
16450.0,United Kingdom,150,1,311.92,1,1,2,Perdus
16451.0,United Kingdom,88,1,266.97,2,1,1,Perdus
16454.0,United Kingdom,45,2,6.9,3,2,1,Reguliers
16455.0,United Kingdom,64,7,1841.18,2,4,4,Fideles
16456.0,United Kingdom,99,5,2158.37,2,4,4,Fideles
16457.0,United Kingdom,218,1,208.36,1,1,1,Perdus
16458.0,United Kingdom,3,18,3482.74,4,4,4,Champions
16460.0,United Kingdom,28,3,814.72,3,3,3,Fideles
16461.0,United Kingdom,178,1,151.42,1,1,1,Perdus
16462.0,United Kingdom,74,3,136.0,2,3,1,A risque
16463.0,United Kingdom,21,4,1422.4,3,3,3,Fideles
16464.0,United Kingdom,20,3,1314.68,3,3,3,Fideles
16466.0,United Kingdom,34,7,1603.46,3,4,3,Fideles
16468.0,United Kingdom,74,1,74.9,2,1,1,Perdus
16469.0,United Kingdom,24,4,650.43,3,3,2,Reguliers
16470.0,United Kingdom,52,4,762.39,2,3,3,Fideles
16471.0,United Kingdom,275,1,223.95,1,1,1,Perdus
16473.0,United Kingdom,165,3,316.11,1,3,2,A risque
16474.0,United Kingdom,7,7,1871.5,4,4,4,Champions
16475.0,United Kingdom,88,4,544.3,2,3,2,A risque
16477.0,United Kingdom,64,7,2494.46,2,4,4,Fideles
16478.0,United Kingdom,25,3,331.0,3,3,2,Reguliers
16479.0,United Kingdom,10,2,300.83,4,2,1,Nouveaux
16480.0,United Kingdom,76,1,769.29,2,1,3,Perdus
16482.0,United Kingdom,16,1,220.62,4,1,1,Nouveaux
16483.0,United Kingdom,192,1,139.35,1,1,1,Perdus
16484.0,United Kingdom,174,2,404.3,1,2,2,Perdus
16485.0,United Kingdom,77,1,363.65,2,1,2,Perdus
16488.0,United Kingdom,33,3,498.8,3,3,2,Reguliers
16491.0,United Kingdom,47,1,731.5,3,1,3,Reguliers
16493.0,United Kingdom,80,4,1351.63,2,3,3,Fideles
16494.0,United Kingdom,297,1,826.53,1,1,3,Perdus
16495.0,United Kingdom,3,3,684.41,4,3,3,Fideles
16496.0,United Kingdom,9,3,1599.52,4,3,3,Fideles
16497.0,United Kingdom,50,6,2965.69,3,4,4,Fideles
16498.0,United Kingdom,161,2,100.97,1,2,1,Perdus
16499.0,United Kingdom,360,2,365.45,1,2,2,Perdus
16500.0,United Kingdom,5,6,400.86,4,4,2,Reguliers
16503.0,United Kingdom,107,4,1431.93,2,3,3,Fideles
16504.0,United Kingdom,25,1,484.38,3,1,2,Reguliers
16505.0,United Kingdom,32,1,777.6,3,1,3,Reguliers
16506.0,United Kingdom,20,2,90.3,3,2,1,Reguliers
16509.0,United Kingdom,297,1,363.7,1,1,2,Perdus
16510.0,United Kingdom,372,1,248.1,1,1,1,Perdus
16511.0,United Kingdom,22,3,950.26,3,3,3,Fideles
16513.0,United Kingdom,5,4,874.59,4,3,3,Fideles
16515.0,United Kingdom,52,5,1627.13,2,4,3,Fideles
16516.0,United Kingdom,30,1,101.7,3,1,1,Reguliers
16517.0,United Kingdom,277,1,162.7,1,1,1,Perdus
16518.0,United Kingdom,61,2,484.32,2,2,2,Perdus
16519.0,United Kingdom,25,2,215.08,3,2,1,Reguliers
16520.0,United Kingdom,186,3,1046.57,1,3,3,Fideles
16523.0,United Kingdom,2,21,9418.47,4,4,4,Champions
16525.0,United Kingdom,2,26,13027.45,4,4,4,Champions
16526.0,United Kingdom,172,1,290.36,1,1,1,Perdus
16527.0,United Kingdom,81,1,228.06,2,1,1,Perdus
16528.0,United Kingdom,4,1,244.41,4,1,1,Nouveaux
16529.0,United Kingdom,190,1,455.25,1,1,2,Perdus
16531.0,United Kingdom,22,7,1244.59,3,4,3,Fideles
16532.0,United Kingdom,18,3,6748.8,4,3,4,Fideles
16533.0,United Kingdom,19,3,1095.56,3,3,3,Fideles
16535.0,United Kingdom,5,1,593.75,4,1,2,Nouveaux
16536.0,United Kingdom,110,1,548.97,2,1,2,Perdus
16539.0,United Kingdom,3,4,1388.81,4,3,3,Fideles
16542.0,United Kingdom,54,1,119.62,2,1,1,Perdus
16545.0,United Kingdom,165,1,339.3,1,1,2,Perdus
16546.0,United Kingdom,291,2,787.15,1,2,3,Perdus
16549.0,United Kingdom,10,10,4154.64,4,4,4,Champions
16550.0,United Kingdom,109,5,2298.97,2,4,4,Fideles
16551.0,United Kingdom,96,3,922.12,2,3,3,Fideles
16552.0,United Kingdom,243,2,379.73,1,2,2,Perdus
16553.0,United Kingdom,163,12,5719.82,1,4,4,Fideles
16554.0,United Kingdom,42,3,837.1,3,3,3,Fideles
16555.0,United Kingdom,35,2,285.89,3,2,1,Reguliers
16556.0,United Kingdom,67,7,3313.79,2,4,4,Fideles
16557.0,United Kingdom,24,2,281.85,3,2,1,Reguliers
16558.0,United Kingdom,1,20,8338.49,4,4,4,Champions
16560.0,United Kingdom,27,2,841.41,3,2,3,Reguliers
16561.0,United Kingdom,6,2,511.12,4,2,2,Nouveaux
16563.0,United Kingdom,54,1,1077.74,2,1,3,Perdus
16565.0,United Kingdom,364,1,173.7,1,1,1,Perdus
16566.0,United Kingdom,15,5,614.66,4,4,2,Reguliers
16567.0,United Kingdom,194,2,865.6,1,2,3,Perdus
16569.0,United Kingdom,3,1,124.2,4,1,1,Nouveaux
16570.0,United Kingdom,15,10,3738.4,4,4,4,Champions
16571.0,United Kingdom,27,3,1421.69,3,3,3,Fideles
16572.0,United Kingdom,127,3,1009.6,2,3,3,Fideles
16573.0,United Kingdom,85,2,663.61,2,2,2,Perdus
16574.0,United Kingdom,71,1,451.44,2,1,2,Perdus
16581.0,United Kingdom,183,1,105.84,1,1,1,Perdus
16582.0,United Kingdom,113,1,313.62,2,1,2,Perdus
16583.0,United Kingdom,374,1,233.45,1,1,1,Perdus
16584.0,United Kingdom,80,2,936.08,2,2,3,Perdus
16586.0,United Kingdom,249,1,463.95,1,1,2,Perdus
16587.0,United Kingdom,232,1,225.15,1,1,1,Perdus
16589.0,United Kingdom,71,3,459.24,2,3,2,A risque
16591.0,United Kingdom,69,1,213.5,2,1,1,Perdus
16592.0,United Kingdom,4,16,4113.68,4,4,4,Champions
16593.0,United Kingdom,51,3,330.03,3,3,2,Reguliers
16594.0,United Kingdom,75,1,181.09,2,1,1,Perdus
16595.0,United Kingdom,61,1,360.16,2,1,2,Perdus
16596.0,United Kingdom,16,2,250.15,4,2,1,Nouveaux
16597.0,United Kingdom,4,1,90.04,4,1,1,Nouveaux
16598.0,United Kingdom,286,1,145.05,1,1,1,Perdus
16600.0,United Kingdom,4,6,813.52,4,4,3,Fideles
16601.0,United Kingdom,41,1,244.8,3,1,1,Reguliers
16602.0,United Kingdom,36,1,528.08,3,1,2,Reguliers
16603.0,United Kingdom,75,2,482.47,2,2,2,Perdus
16607.0,United Kingdom,18,14,3347.71,4,4,4,Champions
16609.0,United Kingdom,15,7,5493.46,4,4,4,Champions
16610.0,United Kingdom,219,1,75.66,1,1,1,Perdus
16611.0,United Kingdom,186,1,129.49,1,1,1,Perdus
16612.0,United Kingdom,33,4,1187.66,3,3,3,Fideles
16613.0,United Kingdom,70,1,618.59,2,2,2,Perdus
16614.0,United Kingdom,183,1,506.19,1,2,2,Perdus
16616.0,United Kingdom,15,2,500.42,4,2,2,Nouveaux
16617.0,United Kingdom,236,1,151.85,1,2,1,Perdus
16618.0,United Kingdom,31,5,2647.59,3,4,4,Fideles
16619.0,United Kingdom,264,1,226.21,1,2,1,Perdus
16620.0,United Kingdom,4,2,178.96,4,2,1,Nouveaux
16621.0,United Kingdom,52,4,813.48,2,3,3,Fideles
16623.0,United Kingdom,246,1,129.45,1,2,1,Perdus
16624.0,United Kingdom,81,2,810.57,2,2,3,Perdus
16625.0,United Kingdom,275,1,333.08,1,2,2,Perdus
16626.0,United Kingdom,1,17,4413.1,4,4,4,Champions
16627.0,United Kingdom,79,1,322.8,2,2,2,Perdus
16628.0,United Kingdom,30,5,2188.05,3,4,4,Fideles
16629.0,United Kingdom,74,2,417.73,2,2,2,Perdus
16633.0,United Kingdom,17,6,2883.1,4,4,4,Champions
16634.0,United Kingdom,223,2,217.9,1,2,1,Perdus
16637.0,United Kingdom,32,4,1154.47,3,3,3,Fideles
16638.0,United Kingdom,23,10,1680.72,3,4,4,Fideles
16639.0,United Kingdom,31,3,1257.51,3,3,3,Fideles
16641.0,United Kingdom,106,1,231.1,2,2,1,Perdus
16642.0,United Kingdom,5,2,688.33,4,2,3,Nouveaux
16643.0,United Kingdom,246,1,487.51,1,2,2,Perdus
16644.0,United Kingdom,178,2,833.78,1,2,3,Perdus
16647.0,United Kingdom,170,2,214.06,1,2,1,Perdus
16648.0,United Kingdom,43,1,290.66,3,2,1,Reguliers
16650.0,United Kingdom,72,1,518.42,2,2,2,Perdus
16652.0,United Kingdom,59,7,6773.97,2,4,4,Fideles
16653.0,United Kingdom,16,2,1212.66,4,2,3,Nouveaux
16654.0,United Kingdom,141,4,601.27,2,3,2,A risque
16655.0,United Kingdom,18,6,3794.52,4,4,4,Champions
16656.0,United Kingdom,22,15,8625.8,3,4,4,Fideles
16657.0,United Kingdom,10,4,933.62,4,3,3,Fideles
16658.0,United Kingdom,368,1,123.24,1,2,1,Perdus
16659.0,United Kingdom,189,1,39.12,1,2,1,Perdus
16660.0,United Kingdom,16,4,1267.65,4,3,3,Fideles
16665.0,United Kingdom,362,1,135.4,1,2,1,Perdus
16666.0,United Kingdom,19,1,118.98,3,2,1,Reguliers
16667.0,United Kingdom,68,2,570.13,2,2,2,Perdus
16668.0,United Kingdom,15,6,306.72,4,4,1,Reguliers
16669.0,United Kingdom,24,3,1374.87,3,3,3,Fideles
16670.0,United Kingdom,17,11,4095.9,4,4,4,Champions
16671.0,United Kingdom,28,3,1692.27,3,3,4,Fideles
16672.0,United Kingdom,2,20,8134.94,4,4,4,Champions
16674.0,United Kingdom,55,2,319.61,2,2,2,Perdus
16676.0,United Kingdom,34,4,1592.12,3,3,3,Fideles
16678.0,United Kingdom,3,12,3109.99,4,4,4,Champions
16679.0,United Kingdom,366,1,129.75,1,2,1,Perdus
16680.0,United Kingdom,43,1,183.7,3,2,1,Reguliers
16681.0,United Kingdom,73,6,1770.34,2,4,4,Fideles
16682.0,United Kingdom,5,5,1028.0,4,4,3,Fideles
16684.0,United Kingdom,4,28,66653.56,4,4,4,Champions
16685.0,United Kingdom,61,2,324.24,2,2,2,Perdus
16686.0,United Kingdom,47,7,3062.83,3,4,4,Fideles
16688.0,United Kingdom,1,4,1260.86,4,3,3,Fideles
16689.0,United Kingdom,76,2,422.6,2,2,2,Perdus
16690.0,United Kingdom,72,2,225.58,2,2,1,Perdus
16692.0,United Kingdom,256,2,1276.0,1,2,3,Perdus
16693.0,United Kingdom,69,2,482.01,2,2,2,Perdus
16696.0,United Kingdom,135,4,657.9,2,3,2,A risque
16697.0,United Kingdom,241,1,112.75,1,2,1,Perdus
16698.0,United Kingdom,227,2,1998.0,1,2,4,Perdus
16700.0,United Kingdom,9,13,5076.55,4,4,4,Champions
16701.0,United Kingdom,9,13,5398.3,4,4,4,Champions
16705.0,United Kingdom,1,20,14034.99,4,4,4,Champions
16706.0,United Kingdom,37,3,531.35,3,3,2,Reguliers
16708.0,United Kingdom,46,1,656.63,3,2,2,Reguliers
16709.0,United Kingdom,85,5,3029.87,2,4,4,Fideles
16710.0,United Kingdom,19,10,2483.04,3,4,4,Fideles
16711.0,United Kingdom,3,5,1651.03,4,4,3,Fideles
16712.0,United Kingdom,9,11,3645.43,4,4,4,Champions
16713.0,United Kingdom,19,15,6923.13,3,4,4,Fideles
16714.0,United Kingdom,219,3,1161.53,1,3,3,Fideles
16715.0,United Kingdom,78,1,301.72,2,2,1,Perdus
16716.0,United Kingdom,267,2,901.2,1,2,3,Perdus
16717.0,United Kingdom,24,6,3858.38,3,4,4,Fideles
16718.0,United Kingdom,369,1,623.75,1,2,2,Perdus
16719.0,United Kingdom,15,7,1790.42,4,4,4,Champions
16720.0,United Kingdom,26,1,155.24,3,2,1,Reguliers
16721.0,United Kingdom,262,1,292.47,1,2,1,Perdus
16722.0,United Kingdom,17,13,4730.81,4,4,4,Champions
16723.0,United Kingdom,91,2,589.15,2,2,2,Perdus
16725.0,United Kingdom,302,7,781.02,1,4,3,Fideles
16726.0,United Kingdom,26,5,1382.02,3,4,3,Fideles
16727.0,United Kingdom,364,1,272.82,1,2,1,Perdus
16728.0,United Kingdom,46,4,1054.67,3,3,3,Fideles
16729.0,United Kingdom,38,21,7239.92,3,4,4,Fideles
16730.0,United Kingdom,52,3,743.11,2,3,3,Fideles
16732.0,United Kingdom,32,1,603.75,3,2,2,Reguliers
16734.0,United Kingdom,52,3,650.51,2,3,2,A risque
16735.0,United Kingdom,79,5,2300.56,2,4,4,Fideles
16737.0,United Kingdom,53,1,417.6,2,2,2,Perdus
16738.0,United Kingdom,298,1,3.75,1,2,1,Perdus
16739.0,United Kingdom,177,1,323.0,1,2,2,Perdus
16742.0,United Kingdom,47,1,464.9,3,2,2,Reguliers
16743.0,United Kingdom,29,7,2238.09,3,4,4,Fideles
16744.0,United Kingdom,11,7,1304.76,4,4,3,Fideles
16745.0,United Kingdom,87,17,7194.3,2,4,4,Fideles
16746.0,United Kingdom,5,18,6697.66,4,4,4,Champions
16747.0,United Kingdom,38,2,836.06,3,2,3,Reguliers
16748.0,United Kingdom,18,5,1515.9,4,4,3,Fideles
16750.0,United Kingdom,45,5,623.93,3,4,2,Reguliers
16751.0,United Kingdom,31,1,1764.72,3,2,4,Reguliers
16752.0,United Kingdom,373,1,207.5,1,2,1,Perdus
16753.0,United Kingdom,58,1,223.92,2,2,1,Perdus
16754.0,United Kingdom,372,1,2002.4,1,2,4,Perdus
16755.0,United Kingdom,114,3,1496.83,2,3,3,Fideles
16756.0,United Kingdom,215,1,239.4,1,2,1,Perdus
16757.0,United Kingdom,319,1,106.83,1,2,1,Perdus
16758.0,United Kingdom,65,1,369.34,2,2,2,Perdus
16759.0,United Kingdom,8,3,789.79,4,3,3,Fideles
16761.0,United Kingdom,97,1,316.62,2,2,2,Perdus
16762.0,United Kingdom,20,3,1501.38,3,3,3,Fideles
16763.0,United Kingdom,199,1,611.85,1,2,2,Perdus
16764.0,United Kingdom,4,13,2799.25,4,4,4,Champions
16765.0,United Kingdom,294,1,34.0,1,2,1,Perdus
16766.0,United Kingdom,273,2,1145.6,1,2,3,Perdus
16767.0,United Kingdom,31,11,5580.6,3,4,4,Fideles
16768.0,United Kingdom,48,3,478.09,3,3,2,Reguliers
16769.0,United Kingdom,260,1,380.39,1,2,2,Perdus
16770.0,United Kingdom,58,5,770.1,2,4,3,Fideles
16771.0,United Kingdom,33,5,2246.81,3,4,4,Fideles
16773.0,United Kingdom,57,1,171.59,2,2,1,Perdus
16774.0,United Kingdom,68,4,661.52,2,3,2,A risque
16775.0,United Kingdom,10,11,1695.66,4,4,4,Champions
16776.0,United Kingdom,60,1,388.28,2,2,2,Perdus
16777.0,United Kingdom,80,2,226.35,2,2,1,Perdus
16778.0,United Kingdom,74,2,245.94,2,2,1,Perdus
16779.0,United Kingdom,2,22,10629.72,4,4,4,Champions
16780.0,United Kingdom,100,2,425.19,2,2,2,Perdus
16781.0,United Kingdom,372,1,311.25,1,2,2,Perdus
16782.0,United Kingdom,10,13,2279.9,4,4,4,Champions
16784.0,United Kingdom,20,1,107.6,3,2,1,Reguliers
16788.0,United Kingdom,123,2,597.48,2,2,2,Perdus
16789.0,United Kingdom,8,1,80.8,4,2,1,Nouveaux
16790.0,United Kingdom,4,6,1545.62,4,4,3,Fideles
16791.0,United Kingdom,29,7,1721.78,3,4,4,Fideles
16792.0,United Kingdom,282,2,110.38,1,2,1,Perdus
16793.0,United Kingdom,57,1,243.84,2,2,1,Perdus
16794.0,United Kingdom,1,10,1222.71,4,4,3,Fideles
16795.0,United Kingdom,365,1,414.88,1,2,2,Perdus
16796.0,United Kingdom,89,1,305.62,2,2,1,Perdus
16800.0,United Kingdom,11,1,1201.49,4,2,3,Nouveaux
16801.0,United Kingdom,163,4,1619.73,1,3,3,Fideles
16803.0,United Kingdom,65,1,332.3,2,2,2,Perdus
16804.0,United Kingdom,23,3,536.99,3,3,2,Reguliers
16805.0,United Kingdom,174,2,460.59,1,2,2,Perdus
16806.0,United Kingdom,103,4,801.49,2,3,3,Fideles
16807.0,United Kingdom,143,3,1121.59,1,3,3,Fideles
16808.0,United Kingdom,99,2,288.42,2,2,1,Perdus
16809.0,United Kingdom,23,5,914.69,3,4,3,Fideles
16810.0,United Kingdom,192,1,309.54,1,2,2,Perdus
16811.0,United Kingdom,5,2,547.07,4,2,2,Nouveaux
16812.0,United Kingdom,361,1,479.35,1,2,2,Perdus
16813.0,United Kingdom,8,10,1692.98,4,4,4,Champions
16814.0,United Kingdom,14,21,6509.1,4,4,4,Champions
16816.0,United Kingdom,103,4,417.06,2,3,2,A risque
16817.0,United Kingdom,3,9,1604.75,4,4,3,Fideles
16818.0,United Kingdom,11,11,3349.57,4,4,4,Champions
16820.0,United Kingdom,96,1,497.61,2,2,2,Perdus
16823.0,United Kingdom,227,1,358.38,1,2,2,Perdus
16824.0,United Kingdom,16,2,460.64,4,2,2,Nouveaux
16825.0,United Kingdom,39,2,775.18,3,2,3,Reguliers
16826.0,United Kingdom,51,1,341.7,3,2,2,Reguliers
16828.0,United Kingdom,93,2,128.5,2,2,1,Perdus
16829.0,United Kingdom,157,1,197.22,1,2,1,Perdus
16830.0,United Kingdom,39,1,325.91,3,2,2,Reguliers
16832.0,United Kingdom,184,3,199.15,1,3,1,A risque
16833.0,United Kingdom,1,4,1106.53,4,3,3,Fideles
16834.0,United Kingdom,228,1,413.46,1,2,2,Perdus
16835.0,United Kingdom,128,2,180.85,2,2,1,Perdus
16836.0,United Kingdom,40,2,251.87,3,2,1,Reguliers
16837.0,United Kingdom,31,11,3170.98,3,4,4,Fideles
16838.0,United Kingdom,197,2,588.85,1,2,2,Perdus
16839.0,United Kingdom,9,34,16594.35,4,4,4,Champions
16841.0,United Kingdom,37,6,1869.82,3,4,4,Fideles
16842.0,United Kingdom,101,3,1264.19,2,3,3,Fideles
16843.0,United Kingdom,43,16,10196.57,3,4,4,Fideles
16846.0,United Kingdom,50,1,214.32,3,2,1,Reguliers
16847.0,United Kingdom,43,1,193.44,3,2,1,Reguliers
16848.0,United Kingdom,53,1,281.42,2,2,1,Perdus
16849.0,United Kingdom,187,1,124.57,1,2,1,Perdus
16850.0,United Kingdom,334,1,332.41,1,2,2,Perdus
16851.0,United Kingdom,4,3,342.45,4,3,2,Reguliers
16852.0,United Kingdom,10,2,144.91,4,2,1,Nouveaux
16855.0,United Kingdom,24,2,328.4,3,2,2,Reguliers
16856.0,United Kingdom,15,1,35.4,4,2,1,Nouveaux
16858.0,United Kingdom,369,1,375.69,1,2,2,Perdus
16859.0,United Kingdom,145,2,747.81,1,2,3,Perdus
16861.0,United Kingdom,60,2,173.76,2,2,1,Perdus
16863.0,United Kingdom,31,2,502.8,3,2,2,Reguliers
16866.0,United Kingdom,141,3,207.74,2,3,1,A risque
16869.0,United Kingdom,23,4,825.42,3,3,3,Fideles
16871.0,United Kingdom,22,6,2812.34,3,4,4,Fideles
16872.0,United Kingdom,77,3,680.02,2,3,3,Fideles
16873.0,United Kingdom,5,6,7123.62,4,4,4,Champions
16875.0,United Kingdom,67,5,2095.53,2,4,4,Fideles
16877.0,United Kingdom,12,6,853.72,4,4,3,Fideles
16878.0,United Kingdom,84,1,13.3,2,2,1,Perdus
16880.0,United Kingdom,31,7,1519.08,3,4,3,Fideles
16881.0,United Kingdom,67,1,432.0,2,2,2,Perdus
16882.0,United Kingdom,67,3,705.12,2,3,3,Fideles
16883.0,United Kingdom,187,2,276.73,1,2,1,Perdus
16884.0,United Kingdom,38,2,429.84,3,2,2,Reguliers
16885.0,United Kingdom,15,3,471.51,4,3,2,Reguliers
16887.0,United Kingdom,35,1,194.88,3,2,1,Reguliers
16889.0,United Kingdom,195,3,1578.67,1,3,3,Fideles
16891.0,United Kingdom,2,5,809.7,4,4,3,Fideles
16892.0,United Kingdom,1,5,525.54,4,4,2,Reguliers
16893.0,United Kingdom,367,1,145.93,1,2,1,Perdus
16895.0,United Kingdom,65,1,219.14,2,2,1,Perdus
16897.0,United Kingdom,299,2,289.78,1,2,1,Perdus
16898.0,United Kingdom,26,3,508.81,3,3,2,Reguliers
16899.0,United Kingdom,8,6,1281.56,4,4,3,Fideles
16900.0,United Kingdom,17,3,887.11,4,3,3,Fideles
16902.0,United Kingdom,116,1,1706.88,2,2,4,Perdus
16903.0,United Kingdom,29,1,373.24,3,2,2,Reguliers
16904.0,United Kingdom,4,16,3754.27,4,4,4,Champions
16905.0,United Kingdom,5,7,3102.43,4,4,4,Champions
16906.0,United Kingdom,82,4,579.77,2,3,2,A risque
16907.0,United Kingdom,29,5,981.65,3,4,3,Fideles
16909.0,United Kingdom,72,1,379.14,2,2,2,Perdus
16910.0,United Kingdom,4,8,1510.06,4,4,3,Fideles
16912.0,United Kingdom,29,11,2575.38,3,4,4,Fideles
16913.0,United Kingdom,290,1,113.44,1,2,1,Perdus
16914.0,United Kingdom,36,1,208.46,3,2,1,Reguliers
16915.0,United Kingdom,9,6,621.68,4,4,2,Reguliers
16916.0,United Kingdom,24,2,576.26,3,2,2,Reguliers
16917.0,United Kingdom,277,1,391.52,1,2,2,Perdus
16918.0,United Kingdom,50,6,1068.82,3,4,3,Fideles
16919.0,United Kingdom,156,11,2596.45,1,4,4,Fideles
16921.0,United Kingdom,61,1,169.79,2,2,1,Perdus
16923.0,United Kingdom,12,19,7247.61,4,4,4,Champions
16924.0,United Kingdom,21,3,846.75,3,3,3,Fideles
16926.0,United Kingdom,371,1,230.25,1,2,1,Perdus
16927.0,United Kingdom,116,3,543.05,2,3,2,A risque
16928.0,United Kingdom,80,17,2847.6,2,4,4,Fideles
16929.0,United Kingdom,4,7,1295.39,4,4,3,Fideles
16930.0,United Kingdom,26,3,380.55,3,3,2,Reguliers
16931.0,United Kingdom,5,21,4604.22,4,4,4,Champions
16932.0,United Kingdom,53,1,161.94,2,2,1,Perdus
16933.0,United Kingdom,1,2,563.23,4,2,2,Nouveaux
16934.0,United Kingdom,55,2,950.93,2,2,3,Perdus
16936.0,United Kingdom,26,1,262.68,3,2,1,Reguliers
16938.0,United Kingdom,9,4,2736.38,4,3,4,Fideles
16940.0,United Kingdom,52,3,3049.88,2,3,4,Fideles
16942.0,United Kingdom,13,9,1920.59,4,4,4,Champions
16943.0,United Kingdom,212,3,816.73,1,3,3,Fideles
16945.0,United Kingdom,22,19,4345.5,3,4,4,Fideles
16947.0,United Kingdom,236,1,406.48,1,2,2,Perdus
16948.0,United Kingdom,139,3,435.02,2,3,2,A risque
16949.0,United Kingdom,4,6,1286.27,4,4,3,Fideles
16950.0,United Kingdom,57,3,1178.56,2,3,3,Fideles
16951.0,United Kingdom,135,3,1277.75,2,3,3,Fideles
16952.0,United Kingdom,109,2,167.61,2,2,1,Perdus
16953.0,United Kingdom,30,1,20.8,3,2,1,Reguliers
16954.0,United Kingdom,1,9,2085.08,4,4,4,Champions
16955.0,United Kingdom,185,4,518.67,1,3,2,A risque
16956.0,United Kingdom,18,1,308.74,4,2,2,Nouveaux
16957.0,United Kingdom,239,2,416.64,1,2,2,Perdus
16959.0,United Kingdom,87,1,117.35,2,2,1,Perdus
16960.0,United Kingdom,39,3,507.05,3,3,2,Reguliers
16961.0,United Kingdom,116,1,234.17,2,2,1,Perdus
16963.0,United Kingdom,187,1,110.55,1,2,1,Perdus
16965.0,United Kingdom,227,1,201.19,1,2,1,Perdus
16966.0,United Kingdom,8,7,2154.97,4,4,4,Champions
16967.0,United Kingdom,189,1,319.02,1,2,2,Perdus
16968.0,United Kingdom,4,2,439.43,4,2,2,Nouveaux
16969.0,United Kingdom,39,3,650.41,3,3,2,Reguliers
16971.0,United Kingdom,38,1,357.21,3,2,2,Reguliers
16976.0,United Kingdom,267,1,251.52,1,2,1,Perdus
16978.0,United Kingdom,78,1,344.33,2,2,2,Perdus
16979.0,United Kingdom,4,6,1852.0,4,4,4,Champions
16980.0,United Kingdom,255,2,1078.96,1,2,3,Perdus
16982.0,United Kingdom,61,1,384.06,2,2,2,Perdus
16983.0,United Kingdom,13,7,1931.25,4,4,4,Champions
16984.0,United Kingdom,88,2,4481.35,2,2,4,Perdus
16985.0,United Kingdom,17,10,5464.12,4,4,4,Champions
16986.0,United Kingdom,30,2,1873.2,3,2,4,Reguliers
16987.0,United Kingdom,3,7,1625.05,4,4,3,Fideles
16988.0,United Kingdom,5,1,126.12,4,2,1,Nouveaux
16989.0,United Kingdom,7,6,1133.25,4,4,3,Fideles
16990.0,United Kingdom,219,1,179.0,1,2,1,Perdus
16992.0,United Kingdom,11,5,1614.31,4,4,3,Fideles
16996.0,United Kingdom,30,6,1456.96,3,4,3,Fideles
16997.0,United Kingdom,288,3,702.0,1,3,3,Fideles
16998.0,United Kingdom,150,4,295.0,1,3,1,A risque
16999.0,United Kingdom,23,2,484.82,3,2,2,Reguliers
17001.0,United Kingdom,1,11,3989.57,4,4,4,Champions
17002.0,United Kingdom,86,3,1493.73,2,3,3,Fideles
17004.0,United Kingdom,46,2,1412.94,3,2,3,Reguliers
17006.0,United Kingdom,5,4,781.78,4,3,3,Fideles
17007.0,United Kingdom,51,6,889.93,3,4,3,Fideles
17010.0,United Kingdom,18,1,195.36,4,2,1,Nouveaux
17011.0,United Kingdom,30,1,270.9,3,2,1,Reguliers
17014.0,United Kingdom,8,3,586.33,4,3,2,Reguliers
17015.0,United Kingdom,29,3,1842.56,3,3,4,Fideles
17017.0,United Kingdom,3,20,8694.26,4,4,4,Champions
17018.0,United Kingdom,41,2,920.1,3,2,3,Reguliers
17019.0,United Kingdom,11,4,1272.61,4,3,3,Fideles
17022.0,United Kingdom,31,1,71.0,3,2,1,Reguliers
17024.0,United Kingdom,45,3,95.85,3,3,1,Reguliers
17025.0,United Kingdom,61,3,357.77,2,3,2,A risque
17026.0,United Kingdom,185,2,154.83,1,2,1,Perdus
17027.0,United Kingdom,79,6,890.29,2,4,3,Fideles
17029.0,United Kingdom,111,2,716.0,2,2,3,Perdus
17030.0,United Kingdom,64,1,146.87,2,2,1,Perdus
17031.0,United Kingdom,12,2,380.35,4,2,2,Nouveaux
17033.0,United Kingdom,86,3,1030.14,2,3,3,Fideles
17034.0,United Kingdom,16,3,745.52,4,3,3,Fideles
17035.0,United Kingdom,246,2,433.53,1,2,2,Perdus
17037.0,United Kingdom,88,1,1267.32,2,2,3,Perdus
17038.0,United Kingdom,30,1,112.4,3,2,1,Reguliers
17040.0,United Kingdom,138,1,449.73,2,2,2,Perdus
17041.0,United Kingdom,27,3,1081.57,3,3,3,Fideles
17042.0,United Kingdom,3,5,1044.38,4,4,3,Fideles
17043.0,United Kingdom,32,4,1735.18,3,3,4,Fideles
17044.0,United Kingdom,25,1,948.48,3,2,3,Reguliers
17045.0,United Kingdom,113,3,339.44,2,3,2,A risque
17046.0,United Kingdom,157,1,642.02,1,2,2,Perdus
17047.0,United Kingdom,85,3,1100.9,2,3,3,Fideles
17048.0,United Kingdom,118,3,925.35,2,3,3,Fideles
17049.0,United Kingdom,3,9,5659.98,4,4,4,Champions
17050.0,United Kingdom,96,6,3228.84,2,4,4,Fideles
17051.0,United Kingdom,194,1,247.14,1,2,1,Perdus
17052.0,United Kingdom,28,1,413.75,3,2,2,Reguliers
17053.0,United Kingdom,131,1,498.48,2,2,2,Perdus
17054.0,United Kingdom,28,5,1356.33,3,4,3,Fideles
17058.0,United Kingdom,82,3,1179.89,2,3,3,Fideles
17059.0,United Kingdom,30,5,3095.04,3,4,4,Fideles
17060.0,United Kingdom,266,1,234.24,1,2,1,Perdus
17061.0,United Kingdom,74,11,5232.23,2,4,4,Fideles
17062.0,United Kingdom,314,4,538.37,1,3,2,A risque
17063.0,United Kingdom,21,7,1461.14,3,4,3,Fideles
17064.0,United Kingdom,59,3,859.35,2,3,3,Fideles
17068.0,United Kingdom,12,21,4552.14,4,4,4,Champions
17069.0,United Kingdom,28,9,2709.7,3,4,4,Fideles
17070.0,United Kingdom,114,1,312.14,2,2,2,Perdus
17071.0,United Kingdom,28,9,2429.03,3,4,4,Fideles
17073.0,United Kingdom,18,4,1446.09,4,3,3,Fideles
17075.0,United Kingdom,18,4,834.12,4,3,3,Fideles
17076.0,United Kingdom,36,3,841.08,3,3,3,Fideles
17078.0,United Kingdom,36,2,378.2,3,2,2,Reguliers
17079.0,United Kingdom,78,1,118.8,2,2,1,Perdus
17080.0,United Kingdom,22,2,287.62,3,2,1,Reguliers
17081.0,United Kingdom,25,2,290.16,3,2,1,Reguliers
17082.0,United Kingdom,33,2,2003.85,3,2,4,Reguliers
17083.0,United Kingdom,109,3,1405.78,2,3,3,Fideles
17084.0,United Kingdom,35,2,2949.75,3,2,4,Reguliers
17085.0,United Kingdom,123,5,1566.65,2,4,3,Fideles
17086.0,United Kingdom,7,6,2050.08,4,4,4,Champions
17088.0,United Kingdom,28,4,1991.01,3,3,4,Fideles
17090.0,United Kingdom,4,7,2043.95,4,4,4,Champions
17091.0,United Kingdom,3,9,3827.76,4,4,4,Champions
17092.0,United Kingdom,50,4,1777.78,3,3,4,Fideles
17094.0,United Kingdom,322,1,302.0,1,2,1,Perdus
17095.0,United Kingdom,23,3,1324.16,3,3,3,Fideles
17096.0,United Kingdom,15,4,1022.13,4,3,3,Fideles
17097.0,Spain,2,8,954.42,4,4,3,Fideles
17100.0,United Kingdom,18,2,971.74,4,2,3,Nouveaux
17101.0,United Kingdom,10,4,1621.73,4,3,3,Fideles
17102.0,United Kingdom,262,1,25.5,1,2,1,Perdus
17105.0,United Kingdom,159,2,665.78,1,2,2,Perdus
17107.0,United Kingdom,33,6,10815.43,3,4,4,Fideles
17109.0,United Kingdom,29,6,885.04,3,4,3,Fideles
17110.0,United Kingdom,165,1,163.3,1,2,1,Perdus
17111.0,United Kingdom,47,1,248.61,3,2,1,Reguliers
17114.0,United Kingdom,6,8,808.62,4,4,3,Fideles
17115.0,United Kingdom,8,3,837.5,4,3,3,Fideles
17117.0,United Kingdom,288,1,116.2,1,2,1,Perdus
17118.0,United Kingdom,318,1,157.02,1,2,1,Perdus
17119.0,United Kingdom,3,2,606.91,4,2,2,Nouveaux
17120.0,United Kingdom,233,1,307.46,1,2,2,Perdus
17122.0,United Kingdom,119,1,138.32,2,2,1,Perdus
17123.0,United Kingdom,162,1,345.3,1,2,2,Perdus
17124.0,United Kingdom,185,1,298.89,1,2,1,Perdus
17125.0,United Kingdom,50,1,259.35,3,2,1,Reguliers
17126.0,United Kingdom,152,5,1004.75,1,4,3,Fideles
17128.0,United Kingdom,335,1,157.09,1,2,1,Perdus
17131.0,United Kingdom,5,5,2463.17,4,4,4,Champions
17133.0,United Kingdom,16,7,4892.24,4,4,4,Champions
17134.0,United Kingdom,107,2,425.0,2,2,2,Perdus
17135.0,United Kingdom,16,7,1139.73,4,4,3,Fideles
17138.0,United Kingdom,276,1,380.5,1,2,2,Perdus
17139.0,United Kingdom,16,12,10668.47,4,4,4,Champions
17140.0,United Kingdom,247,1,465.32,1,2,2,Perdus
17142.0,United Kingdom,239,1,579.0,1,2,2,Perdus
17144.0,United Kingdom,1,2,984.57,4,2,3,Nouveaux
17146.0,United Kingdom,106,3,749.78,2,3,3,Fideles
17147.0,United Kingdom,23,4,1714.59,3,3,4,Fideles
17148.0,United Kingdom,52,1,124.88,2,2,1,Perdus
17152.0,United Kingdom,195,3,1689.5,1,3,4,Fideles
17153.0,United Kingdom,24,1,213.78,3,2,1,Reguliers
17154.0,United Kingdom,75,1,329.34,2,2,2,Perdus
17155.0,United Kingdom,18,2,251.7,4,2,1,Nouveaux
17157.0,United Kingdom,8,2,319.0,4,2,2,Nouveaux
17158.0,United Kingdom,32,3,1266.97,3,3,3,Fideles
17159.0,United Kingdom,22,3,1538.88,3,3,3,Fideles
17160.0,United Kingdom,31,6,3518.03,3,4,4,Fideles
17162.0,United Kingdom,29,10,1715.46,3,4,4,Fideles
17163.0,United Kingdom,22,2,293.1,3,2,1,Reguliers
17164.0,United Kingdom,33,7,2467.35,3,4,4,Fideles
17165.0,United Kingdom,284,1,158.68,1,2,1,Perdus
17166.0,United Kingdom,39,2,206.34,3,2,1,Reguliers
17169.0,United Kingdom,58,2,835.78,2,2,3,Perdus
17171.0,United Kingdom,289,1,224.91,1,2,1,Perdus
17172.0,United Kingdom,79,1,317.76,2,2,2,Perdus
17173.0,United Kingdom,5,8,3766.6,4,4,4,Champions
17174.0,United Kingdom,218,1,59.9,1,2,1,Perdus
17175.0,United Kingdom,44,4,1443.69,3,3,3,Fideles
17176.0,United Kingdom,202,1,306.13,1,2,1,Perdus
17179.0,United Kingdom,178,3,711.79,1,3,3,Fideles
17180.0,United Kingdom,56,4,796.03,2,3,3,Fideles
17181.0,United Kingdom,57,2,239.92,2,2,1,Perdus
17183.0,United Kingdom,8,6,3347.31,4,4,4,Champions
17186.0,United Kingdom,47,2,144.0,3,2,1,Reguliers
17187.0,United Kingdom,227,1,203.95,1,2,1,Perdus
17188.0,United Kingdom,11,7,2474.23,4,4,4,Champions
17189.0,United Kingdom,106,2,384.4,2,2,2,Perdus
17190.0,United Kingdom,59,2,444.74,2,3,2,A risque
17191.0,United Kingdom,28,7,2095.13,3,4,4,Fideles
17193.0,United Kingdom,36,7,1699.3,3,4,4,Fideles
17194.0,United Kingdom,274,2,262.62,1,3,1,A risque
17197.0,United Kingdom,30,1,1013.01,3,2,3,Reguliers
17198.0,United Kingdom,24,3,692.22,3,3,3,Fideles
17201.0,United Kingdom,54,1,342.63,2,2,2,Perdus
17203.0,United Kingdom,36,6,3563.85,3,4,4,Fideles
17204.0,United Kingdom,175,4,1564.56,1,3,3,Fideles
17205.0,United Kingdom,54,1,384.08,2,2,2,Perdus
17206.0,United Kingdom,53,1,204.24,2,2,1,Perdus
17211.0,United Kingdom,27,8,2317.22,3,4,4,Fideles
17212.0,United Kingdom,253,1,226.85,1,2,1,Perdus
17213.0,United Kingdom,40,7,2781.23,3,4,4,Fideles
17214.0,United Kingdom,60,6,1069.12,2,4,3,Fideles
17217.0,United Kingdom,234,1,113.5,1,2,1,Perdus
17218.0,United Kingdom,4,10,1960.72,4,4,4,Champions
17219.0,United Kingdom,32,1,114.23,3,2,1,Reguliers
17220.0,United Kingdom,24,14,3198.25,3,4,4,Fideles
17221.0,United Kingdom,7,2,335.13,4,3,2,Reguliers
17222.0,United Kingdom,65,1,354.15,2,2,2,Perdus
17223.0,United Kingdom,310,2,426.79,1,3,2,A risque
17226.0,United Kingdom,309,1,393.49,1,2,2,Perdus
17227.0,United Kingdom,19,6,939.32,3,4,3,Fideles
17228.0,United Kingdom,16,8,1906.09,4,4,4,Champions
17229.0,United Kingdom,96,2,318.76,2,3,2,A risque
17230.0,United Kingdom,264,8,3638.41,1,4,4,Fideles
17231.0,United Kingdom,12,10,3174.32,4,4,4,Champions
17232.0,United Kingdom,3,2,421.52,4,3,2,Reguliers
17233.0,United Kingdom,35,1,190.88,3,2,1,Reguliers
17234.0,United Kingdom,183,1,149.89,1,2,1,Perdus
17235.0,United Kingdom,25,2,550.06,3,3,2,Reguliers
17236.0,United Kingdom,13,6,916.13,4,4,3,Fideles
17237.0,United Kingdom,11,2,314.69,4,3,2,Reguliers
17238.0,United Kingdom,3,17,3744.65,4,4,4,Champions
17239.0,United Kingdom,313,1,382.5,1,2,2,Perdus
17242.0,United Kingdom,108,2,1135.04,2,3,3,Fideles
17243.0,United Kingdom,1,26,8676.85,4,4,4,Champions
17244.0,United Kingdom,53,1,954.9,2,2,3,Perdus
17245.0,United Kingdom,205,1,171.45,1,2,1,Perdus
17247.0,United Kingdom,15,1,282.19,4,2,1,Nouveaux
17248.0,United Kingdom,120,1,318.65,2,2,2,Perdus
17250.0,United Kingdom,4,2,384.52,4,3,2,Reguliers
17251.0,United Kingdom,363,1,283.28,1,2,1,Perdus
17252.0,United Kingdom,117,2,353.86,2,3,2,A risque
17253.0,United Kingdom,18,1,178.26,4,2,1,Nouveaux
17254.0,United Kingdom,5,2,272.44,4,3,1,Reguliers
17255.0,United Kingdom,41,2,298.41,3,3,1,Reguliers
17256.0,United Kingdom,107,2,240.0,2,3,1,A risque
17259.0,United Kingdom,148,2,603.37,1,3,2,A risque
17262.0,United Kingdom,52,5,1253.36,2,4,3,Fideles
17263.0,United Kingdom,208,1,63.44,1,2,1,Perdus
17265.0,United Kingdom,139,2,562.9,2,3,2,A risque
17266.0,United Kingdom,2,3,310.64,4,3,2,Reguliers
17267.0,United Kingdom,127,2,317.62,2,3,2,A risque
17268.0,United Kingdom,108,4,763.64,2,3,3,Fideles
17272.0,United Kingdom,42,4,2148.63,3,3,4,Fideles
17274.0,United Kingdom,35,1,111.98,3,2,1,Reguliers
17277.0,United Kingdom,228,2,1065.35,1,3,3,Fideles
17278.0,United Kingdom,241,1,246.04,1,2,1,Perdus
17279.0,United Kingdom,58,1,187.83,2,2,1,Perdus
17282.0,United Kingdom,130,3,1703.41,2,3,4,Fideles
17284.0,United Kingdom,60,6,1652.58,2,4,3,Fideles
17286.0,United Kingdom,22,1,153.92,3,2,1,Reguliers
17287.0,United Kingdom,26,7,1064.11,3,4,3,Fideles
17288.0,United Kingdom,9,7,1419.73,4,4,3,Fideles
17289.0,United Kingdom,32,3,944.41,3,3,3,Fideles
17290.0,United Kingdom,4,2,525.24,4,3,2,Reguliers
17291.0,United Kingdom,308,1,550.8,1,2,2,Perdus
17293.0,United Kingdom,8,9,1875.11,4,4,4,Champions
17295.0,United Kingdom,29,3,556.95,3,3,2,Reguliers
17297.0,United Kingdom,17,1,131.78,4,2,1,Nouveaux
17298.0,United Kingdom,101,2,498.42,2,3,2,A risque
17299.0,United Kingdom,12,4,669.11,4,3,2,Reguliers
17301.0,United Kingdom,21,1,197.63,3,2,1,Reguliers
17302.0,United Kingdom,15,5,1135.63,4,4,3,Fideles
17303.0,United Kingdom,361,1,250.04,1,2,1,Perdus
17306.0,United Kingdom,11,19,8631.31,4,4,4,Champions
17309.0,United Kingdom,95,1,82.75,2,2,1,Perdus
17311.0,United Kingdom,78,2,1384.85,2,3,3,Fideles
17312.0,United Kingdom,139,3,644.3,2,3,2,A risque
17313.0,United Kingdom,31,1,2328.84,3,2,4,Reguliers
17314.0,United Kingdom,25,8,2527.92,3,4,4,Fideles
17315.0,United Kingdom,2,38,6292.26,4,4,4,Champions
17317.0,United Kingdom,46,3,2600.34,3,3,4,Fideles
17320.0,United Kingdom,100,3,1200.62,2,3,3,Fideles
17321.0,United Kingdom,8,2,700.86,4,3,3,Fideles
17323.0,United Kingdom,15,7,921.07,4,4,3,Fideles
17324.0,United Kingdom,18,4,990.23,4,3,3,Fideles
17325.0,United Kingdom,280,1,96.8,1,2,1,Perdus
17329.0,United Kingdom,14,2,523.11,4,3,2,Reguliers
17330.0,United Kingdom,23,2,363.9,3,3,2,Reguliers
17331.0,United Kingdom,124,1,175.2,2,2,1,Perdus
17333.0,United Kingdom,86,1,494.25,2,2,2,Perdus
17334.0,United Kingdom,302,2,307.02,1,3,1,A risque
17337.0,United Kingdom,151,4,2027.87,1,3,4,Fideles
17338.0,United Kingdom,17,8,6643.93,4,4,4,Champions
17339.0,United Kingdom,94,2,243.36,2,3,1,A risque
17340.0,United Kingdom,30,11,12353.29,3,4,4,Fideles
17341.0,United Kingdom,157,3,781.36,1,3,3,Fideles
17343.0,United Kingdom,355,1,193.64,1,2,1,Perdus
17344.0,United Kingdom,46,1,160.57,3,2,1,Reguliers
17345.0,United Kingdom,15,4,537.74,4,3,2,Reguliers
17346.0,United Kingdom,4,15,2676.56,4,4,4,Champions
17347.0,United Kingdom,86,1,228.96,2,2,1,Perdus
17348.0,United Kingdom,15,5,1159.52,4,4,3,Fideles
17349.0,United Kingdom,179,1,110.75,1,2,1,Perdus
17350.0,United Kingdom,8,4,1286.07,4,3,3,Fideles
17351.0,United Kingdom,36,3,587.15,3,3,2,Reguliers
17353.0,United Kingdom,129,2,1740.0,2,3,4,Fideles
17354.0,United Kingdom,51,1,1393.06,3,2,3,Reguliers
17356.0,United Kingdom,312,1,178.22,1,2,1,Perdus
17357.0,United Kingdom,24,2,388.14,3,3,2,Reguliers
17358.0,United Kingdom,303,2,365.85,1,3,2,A risque
17359.0,United Kingdom,11,1,127.86,4,2,1,Nouveaux
17360.0,United Kingdom,17,3,585.79,4,3,2,Reguliers
17361.0,United Kingdom,49,3,488.2,3,3,2,Reguliers
17362.0,United Kingdom,239,2,312.23,1,3,2,A risque
17364.0,United Kingdom,1,11,4481.18,4,4,4,Champions
17365.0,United Kingdom,13,8,4801.56,4,4,4,Champions
17367.0,United Kingdom,238,1,168.4,1,2,1,Perdus
17368.0,United Kingdom,23,8,1912.67,3,4,4,Fideles
17370.0,United Kingdom,73,4,446.18,2,3,2,A risque
17371.0,United Kingdom,17,3,423.89,4,3,2,Reguliers
17372.0,United Kingdom,41,8,1342.68,3,4,3,Fideles
17373.0,United Kingdom,40,4,646.92,3,3,2,Reguliers
17374.0,United Kingdom,219,2,495.77,1,3,2,A risque
17375.0,United Kingdom,199,3,400.1,1,3,2,A risque
17376.0,United Kingdom,71,2,203.2,2,3,1,A risque
17377.0,United Kingdom,24,20,4100.92,3,4,4,Fideles
17379.0,United Kingdom,11,1,404.66,4,2,2,Nouveaux
17381.0,United Kingdom,9,29,20275.61,4,4,4,Champions
17382.0,United Kingdom,65,1,65.4,2,2,1,Perdus
17383.0,United Kingdom,4,1,199.29,4,2,1,Nouveaux
17384.0,United Kingdom,19,2,336.4,3,3,2,Reguliers
17385.0,United Kingdom,15,1,261.11,4,2,1,Nouveaux
17386.0,United Kingdom,8,6,2686.42,4,4,4,Champions
17387.0,United Kingdom,20,2,784.11,3,3,3,Fideles
17388.0,United Kingdom,78,4,1259.56,2,3,3,Fideles
17389.0,United Kingdom,1,34,31833.68,4,4,4,Champions
17391.0,United Kingdom,164,2,508.8,1,3,2,A risque
17392.0,United Kingdom,307,2,457.91,1,3,2,A risque
17394.0,United Kingdom,219,1,203.87,1,2,1,Perdus
17396.0,United Kingdom,39,8,7330.8,3,4,4,Fideles
17397.0,United Kingdom,22,2,696.41,3,3,3,Fideles
17398.0,United Kingdom,115,3,653.38,2,3,2,A risque
17400.0,United Kingdom,126,5,2129.96,2,4,4,Fideles
17402.0,United Kingdom,5,13,2633.85,4,4,4,Champions
17403.0,United Kingdom,36,1,281.62,3,2,1,Reguliers
17404.0,Sweden,4,15,31906.82,4,4,4,Champions
17405.0,United Kingdom,1,3,1031.41,4,3,3,Fideles
17406.0,United Kingdom,333,3,2200.42,1,3,4,Fideles
17408.0,United Kingdom,163,1,32.65,1,2,1,Perdus
17409.0,United Kingdom,185,2,771.85,1,3,3,Fideles
17410.0,United Kingdom,16,5,1214.72,4,4,3,Fideles
17411.0,United Kingdom,12,3,778.94,4,3,3,Fideles
17412.0,United Kingdom,3,7,1258.06,4,4,3,Fideles
17414.0,United Kingdom,44,2,778.0,3,3,3,Fideles
17415.0,United Kingdom,80,1,507.84,2,2,2,Perdus
17416.0,United Kingdom,30,7,6893.42,3,4,4,Fideles
17418.0,United Kingdom,42,2,463.46,3,3,2,Reguliers
17419.0,United Kingdom,11,12,4226.57,4,4,4,Champions
17420.0,United Kingdom,50,3,598.83,3,3,2,Reguliers
17422.0,United Kingdom,16,6,1979.37,4,4,4,Champions
17423.0,United Kingdom,46,2,698.41,3,3,3,Fideles
17425.0,United Kingdom,19,2,759.17,3,3,3,Fideles
17426.0,United Kingdom,8,6,5037.26,4,4,4,Champions
17427.0,United Kingdom,72,1,100.8,2,2,1,Perdus
17428.0,United Kingdom,1,28,17256.85,4,4,4,Champions
17429.0,United Kingdom,128,3,524.92,2,3,2,A risque
17430.0,United Kingdom,33,2,265.76,3,3,1,Reguliers
17431.0,United Kingdom,313,1,403.3,1,2,2,Perdus
17432.0,United Kingdom,18,2,365.76,4,3,2,Reguliers
17433.0,United Kingdom,88,1,303.16,2,2,1,Perdus
17434.0,United Kingdom,2,7,2373.82,4,4,4,Champions
17436.0,United Kingdom,2,2,216.3,4,3,1,Reguliers
17438.0,United Kingdom,254,1,388.45,1,2,2,Perdus
17440.0,United Kingdom,157,3,186.42,1,3,1,A risque
17442.0,United Kingdom,37,6,2248.56,3,4,4,Fideles
17443.0,Canada,220,1,534.24,1,2,2,Perdus
17444.0,Canada,148,3,2940.04,1,3,4,Fideles
17446.0,United Kingdom,177,2,120.9,1,3,1,A risque
17447.0,United Kingdom,40,2,541.53,3,3,2,Reguliers
17449.0,United Kingdom,2,7,2520.86,4,4,4,Champions
17450.0,United Kingdom,8,46,194550.79,4,4,4,Champions
17451.0,United Kingdom,1,7,1721.4,4,4,4,Champions
17453.0,United Kingdom,18,2,486.72,4,3,2,Reguliers
17454.0,United Kingdom,192,4,517.53,1,3,2,A risque
17455.0,United Kingdom,204,1,131.7,1,2,1,Perdus
17456.0,United Kingdom,365,1,249.86,1,2,1,Perdus
17457.0,United Kingdom,127,5,1737.7,2,4,4,Fideles
17458.0,United Kingdom,15,1,316.5,4,2,2,Nouveaux
17459.0,United Kingdom,43,2,657.3,3,3,2,Reguliers
17460.0,United Kingdom,94,6,622.43,2,4,2,A risque
17461.0,United Kingdom,23,3,757.46,3,3,3,Fideles
17462.0,United Kingdom,60,2,675.69,2,3,3,Fideles
17463.0,United Kingdom,16,5,1896.41,4,4,4,Champions
17464.0,United Kingdom,158,1,289.96,1,2,1,Perdus
17466.0,United Kingdom,10,2,763.28,4,3,3,Fideles
17468.0,United Kingdom,10,2,137.0,4,3,1,Reguliers
17469.0,United Kingdom,16,5,1870.97,4,4,4,Champions
17470.0,United Kingdom,45,5,1125.07,3,4,3,Fideles
17472.0,United Kingdom,191,3,710.29,1,3,3,Fideles
17475.0,United Kingdom,79,1,194.37,2,2,1,Perdus
17480.0,United Kingdom,78,1,511.82,2,2,2,Perdus
17481.0,United Kingdom,4,4,1255.59,4,3,3,Fideles
17483.0,United Kingdom,65,3,414.04,2,3,2,A risque
17486.0,United Kingdom,261,1,396.87,1,2,2,Perdus
17489.0,United Kingdom,59,2,376.64,2,3,2,A risque
17490.0,United Kingdom,1,7,2092.32,4,4,4,Champions
17491.0,United Kingdom,1,10,3558.87,4,4,4,Champions
17492.0,United Kingdom,248,1,374.57,1,2,2,Perdus
17495.0,United Kingdom,8,2,497.56,4,3,2,Reguliers
17496.0,United Kingdom,359,1,271.05,1,2,1,Perdus
17498.0,United Kingdom,76,1,272.22,2,2,1,Perdus
17499.0,United Kingdom,290,1,622.88,1,2,2,Perdus
17500.0,United Kingdom,17,3,1138.0,4,3,3,Fideles
17501.0,United Kingdom,221,2,288.6,1,3,1,A risque
17502.0,United Kingdom,9,4,689.1,4,3,3,Fideles
17503.0,United Kingdom,3,2,558.96,4,3,2,Reguliers
17504.0,United Kingdom,206,9,2997.03,1,4,4,Fideles
17505.0,United Kingdom,162,2,1145.84,1,3,3,Fideles
17506.0,United Kingdom,76,1,302.2,2,2,1,Perdus
17507.0,United Kingdom,262,2,605.58,1,3,2,A risque
17508.0,Greece,281,1,387.31,1,2,2,Perdus
17509.0,United Kingdom,58,8,6115.14,2,4,4,Fideles
17510.0,United Kingdom,25,1,308.48,3,2,2,Reguliers
17511.0,United Kingdom,3,31,91062.38,4,4,4,Champions
17512.0,United Kingdom,29,10,2924.99,3,4,4,Fideles
17513.0,United Kingdom,72,1,513.2,2,2,2,Perdus
17514.0,United Kingdom,128,1,208.65,2,2,1,Perdus
17515.0,United Kingdom,31,4,639.02,3,3,2,Reguliers
17516.0,United Kingdom,15,5,768.08,4,4,3,Fideles
17517.0,United Kingdom,309,1,153.94,1,2,1,Perdus
17519.0,United Kingdom,17,6,1844.02,4,4,4,Champions
17520.0,United Kingdom,54,1,546.81,2,2,2,Perdus
17521.0,United Kingdom,30,3,723.21,3,3,3,Fideles
17522.0,United Kingdom,2,5,1070.71,4,4,3,Fideles
17523.0,United Kingdom,11,4,652.74,4,3,2,Reguliers
17524.0,United Kingdom,361,1,145.0,1,2,1,Perdus
17525.0,United Kingdom,360,1,422.7,1,2,2,Perdus
17526.0,United Kingdom,5,4,1195.9,4,3,3,Fideles
17527.0,United Kingdom,54,4,939.37,2,3,3,Fideles
17528.0,United Kingdom,1,8,3628.5,4,4,4,Champions
17530.0,United Kingdom,1,10,2385.0,4,4,4,Champions
17531.0,United Kingdom,190,1,296.7,1,2,1,Perdus
17534.0,United Kingdom,54,1,223.36,2,2,1,Perdus
17535.0,United Kingdom,280,1,164.4,1,2,1,Perdus
17536.0,United Kingdom,177,1,76.5,1,2,1,Perdus
17537.0,United Kingdom,30,2,897.62,3,3,3,Fideles
17538.0,United Kingdom,26,1,98.42,3,2,1,Reguliers
17540.0,United Kingdom,25,2,578.9,3,3,2,Reguliers
17542.0,United Kingdom,270,1,170.75,1,2,1,Perdus
17545.0,United Kingdom,43,3,645.96,3,3,2,Reguliers
17548.0,United Kingdom,234,1,103.3,1,2,1,Perdus
17549.0,United Kingdom,24,2,148.86,3,3,1,Reguliers
17550.0,United Kingdom,197,3,267.16,1,3,1,A risque
17551.0,United Kingdom,359,1,306.84,1,2,1,Perdus
17552.0,United Kingdom,60,4,930.41,2,3,3,Fideles
17553.0,United Kingdom,130,1,1487.6,2,2,3,Perdus
17554.0,United Kingdom,1,5,1952.45,4,4,4,Champions
17555.0,United Kingdom,20,2,483.26,3,3,2,Reguliers
17556.0,United Kingdom,206,1,157.9,1,2,1,Perdus
17557.0,United Kingdom,14,3,541.46,4,3,2,Reguliers
17560.0,United Kingdom,95,4,854.95,2,3,3,Fideles
17561.0,United Kingdom,19,1,167.62,3,2,1,Reguliers
17562.0,United Kingdom,14,7,1122.38,4,4,3,Fideles
17564.0,United Kingdom,24,3,454.01,3,3,2,Reguliers
17566.0,United Kingdom,8,2,901.21,4,3,3,Fideles
17567.0,United Kingdom,7,8,4331.48,4,4,4,Champions
17569.0,United Kingdom,332,1,344.14,1,2,2,Perdus
17571.0,United Kingdom,50,4,1498.51,3,3,3,Fideles
17572.0,United Kingdom,71,4,226.75,2,3,1,A risque
17573.0,United Kingdom,29,3,380.6,3,3,2,Reguliers
17574.0,United Kingdom,243,1,185.65,1,2,1,Perdus
17576.0,United Kingdom,8,19,3622.68,4,4,4,Champions
17578.0,United Kingdom,218,1,143.46,1,2,1,Perdus
17579.0,United Kingdom,5,3,448.9,4,3,2,Reguliers
17580.0,United Kingdom,253,3,215.72,1,3,1,A risque
17581.0,United Kingdom,1,25,11045.04,4,4,4,Champions
17582.0,United Kingdom,236,1,175.27,1,2,1,Perdus
17584.0,United Kingdom,7,2,1242.3,4,3,3,Fideles
17585.0,United Kingdom,109,4,1133.07,2,3,3,Fideles
17588.0,United Kingdom,100,3,1240.2,2,3,3,Fideles
17589.0,United Kingdom,60,4,2404.17,2,3,4,Fideles
17590.0,United Kingdom,2,3,1479.22,4,3,3,Fideles
17591.0,United Kingdom,73,7,2225.97,2,4,4,Fideles
17593.0,United Kingdom,4,5,3927.34,4,4,4,Champions
17594.0,United Kingdom,85,2,993.18,2,3,3,Fideles
17595.0,United Kingdom,12,2,388.79,4,3,2,Reguliers
17596.0,United Kingdom,23,7,2827.93,3,4,4,Fideles
17597.0,United Kingdom,214,1,2044.37,1,2,4,Perdus
17600.0,United Kingdom,18,1,161.67,4,2,1,Nouveaux
17601.0,United Kingdom,239,1,116.01,1,2,1,Perdus
17602.0,United Kingdom,2,6,5102.97,4,4,4,Champions
17603.0,United Kingdom,78,1,394.72,2,2,2,Perdus
17604.0,United Kingdom,217,2,309.36,1,3,2,A risque
17608.0,United Kingdom,33,2,193.42,3,3,1,Reguliers
17609.0,United Kingdom,41,5,1112.22,3,4,3,Fideles
17611.0,United Kingdom,7,15,3984.22,4,4,4,Champions
17612.0,United Kingdom,53,6,2048.45,2,4,4,Fideles
17613.0,United Kingdom,23,14,4559.15,3,4,4,Fideles
17614.0,United Kingdom,57,1,390.07,2,2,2,Perdus
17615.0,United Kingdom,130,3,329.6,2,3,2,A risque
17616.0,United Kingdom,174,3,571.2,1,3,2,A risque
17618.0,United Kingdom,6,3,971.58,4,3,3,Fideles
17619.0,United Kingdom,312,1,218.52,1,2,1,Perdus
17620.0,United Kingdom,60,1,81.44,2,2,1,Perdus
17621.0,United Kingdom,21,3,1379.9,3,3,3,Fideles
17623.0,United Kingdom,33,1,527.05,3,2,2,Reguliers
17624.0,United Kingdom,15,2,843.48,4,3,3,Fideles
17625.0,United Kingdom,18,4,2047.0,4,3,4,Fideles
17628.0,United Kingdom,81,1,75.75,2,2,1,Perdus
17629.0,United Kingdom,6,8,1814.12,4,4,4,Champions
17630.0,United Kingdom,170,2,503.6,1,3,2,A risque
17631.0,United Kingdom,2,3,528.33,4,3,2,Reguliers
17633.0,United Kingdom,31,4,1324.84,3,3,3,Fideles
17634.0,United Kingdom,36,9,2361.97,3,4,4,Fideles
17636.0,United Kingdom,19,1,285.56,3,2,1,Reguliers
17637.0,United Kingdom,31,2,547.06,3,3,2,Reguliers
17639.0,United Kingdom,276,1,108.5,1,2,1,Perdus
17640.0,United Kingdom,87,1,621.66,2,2,2,Perdus
17642.0,United Kingdom,120,2,712.29,2,3,3,Fideles
17643.0,United Kingdom,373,1,101.55,1,2,1,Perdus
17644.0,United Kingdom,1,11,2895.64,4,4,4,Champions
17646.0,United Kingdom,219,3,1008.39,1,3,3,Fideles
17647.0,United Kingdom,65,1,133.06,2,2,1,Perdus
17648.0,United Kingdom,61,4,1797.5,2,3,4,Fideles
17649.0,United Kingdom,138,1,868.49,2,2,3,Perdus
17650.0,United Kingdom,21,1,166.08,3,2,1,Reguliers
17651.0,United Kingdom,12,10,3945.0,4,4,4,Champions
17652.0,United Kingdom,25,12,4867.72,3,4,4,Fideles
17653.0,United Kingdom,37,4,1207.56,3,3,3,Fideles
17654.0,United Kingdom,277,1,117.55,1,2,1,Perdus
17655.0,United Kingdom,11,7,2638.94,4,4,4,Champions
17656.0,United Kingdom,73,5,1674.69,2,4,4,Fideles
17658.0,United Kingdom,26,2,595.42,3,3,2,Reguliers
17659.0,United Kingdom,17,12,2999.46,4,4,4,Champions
17660.0,United Kingdom,141,1,196.0,2,2,1,Perdus
17663.0,United Kingdom,26,7,1802.91,3,4,4,Fideles
17664.0,United Kingdom,19,2,604.64,3,3,2,Reguliers
17666.0,United Kingdom,4,2,728.16,4,3,3,Fideles
17667.0,United Kingdom,66,5,2055.51,2,4,4,Fideles
17668.0,United Kingdom,1,2,347.75,4,3,2,Reguliers
17669.0,United Kingdom,43,7,3406.72,3,4,4,Fideles
17670.0,United Kingdom,228,1,205.7,1,2,1,Perdus
17671.0,United Kingdom,16,4,1572.71,4,3,3,Fideles
17672.0,United Kingdom,50,2,3178.17,3,3,4,Fideles
17673.0,United Kingdom,2,6,1629.12,4,4,3,Fideles
17674.0,United Kingdom,74,2,551.04,2,3,2,A risque
17675.0,United Kingdom,1,31,20374.28,4,4,4,Champions
17676.0,United Kingdom,4,6,1387.68,4,4,3,Fideles
17677.0,United Kingdom,2,30,16363.23,4,4,4,Champions
17678.0,United Kingdom,264,1,298.11,1,2,1,Perdus
17679.0,United Kingdom,53,2,1992.11,2,3,4,Fideles
17680.0,United Kingdom,24,1,184.4,3,2,1,Reguliers
17682.0,United Kingdom,10,6,2474.33,4,4,4,Champions
17684.0,United Kingdom,44,1,239.41,3,2,1,Reguliers
17685.0,United Kingdom,17,7,3191.53,4,4,4,Champions
17686.0,United Kingdom,7,7,5739.46,4,4,4,Champions
17690.0,United Kingdom,30,15,4757.95,3,4,4,Fideles
17691.0,United Kingdom,358,2,290.4,1,3,1,A risque
17692.0,United Kingdom,127,4,740.94,2,3,3,Fideles
17693.0,United Kingdom,137,1,200.47,2,2,1,Perdus
17694.0,United Kingdom,142,1,283.12,2,2,1,Perdus
17695.0,United Kingdom,132,2,765.34,2,3,3,Fideles
17696.0,United Kingdom,38,8,2285.71,3,4,4,Fideles
17697.0,United Kingdom,236,1,338.95,1,2,2,Perdus
17698.0,United Kingdom,261,1,154.95,1,2,1,Perdus
17700.0,United Kingdom,17,4,2534.64,4,3,4,Fideles
17701.0,United Kingdom,253,1,417.95,1,2,2,Perdus
17702.0,United Kingdom,30,4,1824.37,3,3,4,Fideles
17703.0,United Kingdom,35,3,798.74,3,3,3,Fideles
17704.0,United Kingdom,169,2,885.19,1,3,3,Fideles
17705.0,United Kingdom,3,9,1823.52,4,4,4,Champions
17706.0,United Kingdom,4,17,10504.49,4,4,4,Champions
17707.0,United Kingdom,185,2,152.4,1,3,1,A risque
17708.0,United Kingdom,188,2,267.08,1,3,1,A risque
17709.0,United Kingdom,170,1,137.45,1,2,1,Perdus
17711.0,United Kingdom,11,2,385.1,4,3,2,Reguliers
17712.0,United Kingdom,45,1,522.91,3,2,2,Reguliers
17714.0,United Kingdom,321,1,153.0,1,2,1,Perdus
17715.0,United Kingdom,201,1,326.4,1,2,2,Perdus
17716.0,United Kingdom,23,11,5655.99,3,4,4,Fideles
17718.0,United Kingdom,232,1,139.35,1,2,1,Perdus
17719.0,United Kingdom,38,15,5396.04,3,4,4,Fideles
17720.0,United Kingdom,26,4,1195.94,3,3,3,Fideles
17722.0,United Kingdom,96,4,2424.04,2,3,4,Fideles
17723.0,United Kingdom,127,6,3276.4,2,4,4,Fideles
17724.0,United Kingdom,71,3,1033.0,2,3,3,Fideles
17725.0,United Kingdom,16,11,3439.08,4,4,4,Champions
17727.0,United Kingdom,15,1,1060.25,4,2,3,Nouveaux
17728.0,United Kingdom,4,3,2876.01,4,3,4,Fideles
17730.0,United Kingdom,3,13,5298.48,4,4,4,Champions
17731.0,United Kingdom,79,4,1240.11,2,3,3,Fideles
17732.0,United Kingdom,373,1,303.97,1,2,1,Perdus
17733.0,United Kingdom,39,2,692.19,3,3,3,Fideles
17734.0,United Kingdom,54,3,700.63,2,3,3,Fideles
17735.0,United Kingdom,2,19,13110.02,4,4,4,Champions
17736.0,United Kingdom,9,3,377.44,4,3,2,Reguliers
17737.0,United Kingdom,9,2,168.24,4,3,1,Reguliers
17738.0,United Kingdom,19,4,1879.05,3,3,4,Fideles
17739.0,United Kingdom,12,7,2791.35,4,4,4,Champions
17742.0,United Kingdom,113,2,355.11,2,3,2,A risque
17744.0,United Kingdom,4,6,2322.4,4,4,4,Champions
17746.0,United Kingdom,240,1,110.25,1,2,1,Perdus
17747.0,United Kingdom,113,1,71.4,2,2,1,Perdus
17749.0,United Kingdom,178,2,674.52,1,3,3,Fideles
17750.0,United Kingdom,5,9,1797.57,4,4,4,Champions
17752.0,United Kingdom,359,1,80.64,1,2,1,Perdus
17754.0,United Kingdom,1,5,1772.26,4,4,4,Champions
17757.0,United Kingdom,1,30,5605.29,4,4,4,Champions
17758.0,United Kingdom,19,8,3456.7,3,4,4,Fideles
17759.0,United Kingdom,17,3,834.99,4,3,3,Fideles
17760.0,United Kingdom,22,2,287.59,3,3,1,Reguliers
17761.0,United Kingdom,33,1,712.78,3,2,3,Reguliers
17763.0,United Kingdom,263,1,15.0,1,2,1,Perdus
17764.0,United Kingdom,51,2,818.82,3,3,3,Fideles
17765.0,United Kingdom,159,3,371.88,1,3,2,A risque
17767.0,United Kingdom,15,1,271.2,4,2,1,Nouveaux
17768.0,United Kingdom,8,3,2273.18,4,3,4,Fideles
17769.0,United Kingdom,13,10,3997.98,4,4,4,Champions
17770.0,United Kingdom,199,5,1143.27,1,4,3,Fideles
17771.0,United Kingdom,57,2,245.81,2,3,1,A risque
17772.0,United Kingdom,11,2,182.77,4,3,1,Reguliers
17774.0,United Kingdom,97,4,1225.41,2,3,3,Fideles
17775.0,United Kingdom,255,1,56.4,1,2,1,Perdus
17777.0,United Kingdom,25,3,665.86,3,3,2,Reguliers
17779.0,United Kingdom,21,3,658.57,3,3,2,Reguliers
17781.0,United Kingdom,159,2,188.02,1,3,1,A risque
17783.0,United Kingdom,72,2,283.47,2,3,1,A risque
17785.0,United Kingdom,53,1,131.94,2,2,1,Perdus
17786.0,United Kingdom,85,2,278.74,2,3,1,A risque
17787.0,United Kingdom,153,4,1865.19,1,3,4,Fideles
17788.0,United Kingdom,74,2,1117.9,2,3,3,Fideles
17789.0,United Kingdom,281,1,225.9,1,2,1,Perdus
17790.0,United Kingdom,27,14,1965.55,3,4,4,Fideles
17791.0,United Kingdom,30,1,106.1,3,2,1,Reguliers
17793.0,United Kingdom,25,1,323.04,3,2,2,Reguliers
17795.0,United Kingdom,180,2,350.39,1,3,2,A risque
17796.0,United Kingdom,40,4,697.9,3,3,3,Fideles
17797.0,United Kingdom,22,3,780.43,3,3,3,Fideles
17799.0,United Kingdom,22,10,3055.93,3,4,4,Fideles
17800.0,United Kingdom,37,9,1199.01,3,4,3,Fideles
17802.0,United Kingdom,82,3,1285.04,2,3,3,Fideles
17805.0,United Kingdom,74,1,512.31,2,2,2,Perdus
17806.0,United Kingdom,11,1,546.04,4,2,2,Nouveaux
17809.0,United Kingdom,16,12,5411.91,4,4,4,Champions
17811.0,United Kingdom,4,39,7837.73,4,4,4,Champions
17812.0,United Kingdom,13,4,732.16,4,3,3,Fideles
17813.0,United Kingdom,14,5,1770.88,4,4,4,Champions
17816.0,United Kingdom,37,4,36.56,3,3,1,Reguliers
17817.0,United Kingdom,4,3,387.68,4,3,2,Reguliers
17819.0,United Kingdom,72,7,3704.87,2,4,4,Fideles
17824.0,United Kingdom,51,1,298.4,3,2,1,Reguliers
17827.0,United Kingdom,5,5,1995.46,4,4,4,Champions
17828.0,Malta,23,4,1820.09,3,3,4,Fideles
17829.0,United Arab Emirates,299,1,889.24,1,2,3,Perdus
17830.0,United Kingdom,2,3,398.7,4,3,2,Reguliers
17831.0,United Kingdom,33,1,35.4,3,2,1,Reguliers
17832.0,United Kingdom,50,1,155.37,3,2,1,Reguliers
17835.0,United Kingdom,3,3,350.64,4,3,2,Reguliers
17836.0,United Kingdom,47,1,110.21,3,2,1,Reguliers
17837.0,United Kingdom,42,8,1593.38,3,4,3,Fideles
17838.0,United Kingdom,27,5,2779.3,3,4,4,Fideles
17839.0,United Kingdom,42,1,338.8,3,2,2,Reguliers
17841.0,United Kingdom,2,124,40991.57,4,4,4,Champions
17843.0,United Kingdom,303,1,205.48,1,2,1,Perdus
17844.0,Canada,107,1,51.56,2,2,1,Perdus
17846.0,United Kingdom,85,1,2033.1,2,2,4,Perdus
17848.0,United Kingdom,81,9,901.2,2,4,3,Fideles
17849.0,United Kingdom,218,4,605.8,1,3,2,A risque
17850.0,United Kingdom,372,34,5391.21,1,4,4,Fideles
17852.0,United Kingdom,12,2,114.34,4,3,1,Reguliers
17854.0,United Kingdom,185,2,311.26,1,3,2,A risque
17855.0,United Kingdom,373,1,208.97,1,2,1,Perdus
17856.0,United Kingdom,2,4,1418.03,4,3,3,Fideles
17857.0,United Kingdom,4,23,26879.04,4,4,4,Champions
17858.0,United Kingdom,6,12,5155.66,4,4,4,Champions
17859.0,United Kingdom,305,1,148.21,1,2,1,Perdus
17860.0,United Kingdom,369,1,252.8,1,2,1,Perdus
17861.0,United Kingdom,3,8,2100.8,4,4,4,Champions
17862.0,United Kingdom,324,1,330.9,1,2,2,Perdus
17863.0,United Kingdom,59,6,3160.0,2,4,4,Fideles
17864.0,United Kingdom,13,3,597.5,4,3,2,Reguliers
17865.0,United Kingdom,31,20,10526.32,3,4,4,Fideles
17866.0,United Kingdom,143,1,329.65,1,2,2,Perdus
17867.0,United Kingdom,30,6,1197.1,3,4,3,Fideles
17869.0,United Kingdom,107,5,428.18,2,4,2,A risque
17870.0,United Kingdom,2,12,1894.35,4,4,4,Champions
17871.0,United Kingdom,205,1,155.9,1,2,1,Perdus
17873.0,United Kingdom,80,5,1859.16,2,4,4,Fideles
17874.0,United Kingdom,185,6,683.46,1,4,3,Fideles
17877.0,United Kingdom,170,1,237.61,1,2,1,Perdus
17878.0,United Kingdom,44,1,379.45,3,2,2,Reguliers
17879.0,United Kingdom,174,1,178.52,1,2,1,Perdus
17880.0,United Kingdom,365,1,458.92,1,2,2,Perdus
17881.0,United Kingdom,304,1,133.35,1,2,1,Perdus
17883.0,United Kingdom,3,4,671.77,4,3,2,Reguliers
17884.0,United Kingdom,4,4,717.45,4,3,3,Fideles
17885.0,United Kingdom,12,1,190.19,4,2,1,Nouveaux
17886.0,United Kingdom,32,3,899.61,3,3,3,Fideles
17887.0,United Kingdom,129,1,111.35,2,2,1,Perdus
17888.0,United Kingdom,21,8,726.05,3,4,3,Fideles
17889.0,United Kingdom,212,2,203.87,1,3,1,A risque
17890.0,United Kingdom,323,2,602.09,1,3,2,A risque
17891.0,United Kingdom,162,1,203.86,1,2,1,Perdus
17892.0,United Kingdom,56,3,244.1,2,3,1,A risque
17893.0,United Kingdom,225,1,112.25,1,2,1,Perdus
17894.0,United Kingdom,72,8,1119.81,2,4,3,Fideles
17895.0,United Kingdom,44,1,98.0,3,2,1,Reguliers
17896.0,United Kingdom,23,1,256.32,3,2,1,Reguliers
17897.0,United Kingdom,173,3,566.6,1,3,2,A risque
17898.0,United Kingdom,85,2,152.06,2,3,1,A risque
17899.0,United Kingdom,159,1,155.8,1,2,1,Perdus
17900.0,United Kingdom,190,2,112.2,1,3,1,A risque
17901.0,United Kingdom,29,1,110.38,3,2,1,Reguliers
17904.0,United Kingdom,21,1,191.67,3,2,1,Reguliers
17905.0,United Kingdom,71,4,800.24,2,3,3,Fideles
17906.0,United Kingdom,247,1,72.9,1,2,1,Perdus
17908.0,United Kingdom,374,1,243.28,1,2,1,Perdus
17911.0,United Kingdom,9,1,366.23,4,2,2,Nouveaux
17912.0,United Kingdom,310,5,311.01,1,4,2,A risque
17913.0,United Kingdom,59,2,411.6,2,3,2,A risque
17914.0,United Kingdom,4,1,336.43,4,2,2,Nouveaux
17917.0,United Kingdom,45,3,341.28,3,3,2,Reguliers
17919.0,United Kingdom,88,1,1304.04,2,2,3,Perdus
17920.0,United Kingdom,4,17,4204.1,4,4,4,Champions
17921.0,United Kingdom,64,4,826.52,2,3,3,Fideles
17923.0,United Kingdom,282,1,207.5,1,2,1,Perdus
17924.0,United Kingdom,12,7,2962.5,4,4,4,Champions
17925.0,United Kingdom,373,1,244.08,1,2,1,Perdus
17926.0,United Kingdom,133,2,397.29,2,3,2,A risque
17928.0,United Kingdom,45,2,212.54,3,3,1,Reguliers
17929.0,United Kingdom,11,4,843.0,4,3,3,Fideles
17930.0,United Kingdom,36,5,1740.48,3,4,4,Fideles
17931.0,United Kingdom,134,2,408.36,2,3,2,A risque
17932.0,United Kingdom,29,3,1331.57,3,3,3,Fideles
17934.0,United Kingdom,52,2,704.25,2,3,3,Fideles
17935.0,United Kingdom,138,2,145.79,2,3,1,A risque
17936.0,United Kingdom,5,1,389.84,4,2,2,Nouveaux
17937.0,United Kingdom,9,7,4301.22,4,4,4,Champions
17939.0,United Kingdom,160,1,99.14,1,2,1,Perdus
17940.0,United Kingdom,49,10,4106.44,3,4,4,Fideles
17941.0,United Kingdom,131,1,304.56,2,2,1,Perdus
17942.0,United Kingdom,8,1,77.5,4,2,1,Nouveaux
17946.0,United Kingdom,233,2,149.58,1,3,1,A risque
17947.0,United Kingdom,37,1,176.68,3,2,1,Reguliers
17948.0,United Kingdom,147,1,358.56,1,2,2,Perdus
17949.0,United Kingdom,1,45,58510.48,4,4,4,Champions
17950.0,United Kingdom,72,3,482.2,2,3,2,A risque
17951.0,United Kingdom,40,3,1008.54,3,3,3,Fideles
17954.0,United Kingdom,5,12,2332.72,4,4,4,Champions
17955.0,United Kingdom,199,4,557.3,1,3,2,A risque
17956.0,United Kingdom,249,1,12.75,1,2,1,Perdus
17957.0,United Kingdom,66,1,111.68,2,2,1,Perdus
17958.0,United Kingdom,117,1,508.46,2,2,2,Perdus
17960.0,United Kingdom,171,1,73.78,1,2,1,Perdus
17961.0,United Kingdom,21,39,1296.44,3,4,3,Fideles
17962.0,United Kingdom,142,1,102.83,2,2,1,Perdus
17964.0,United Kingdom,32,2,471.7,3,3,2,Reguliers
17965.0,United Kingdom,38,14,2622.57,3,4,4,Fideles
17966.0,United Kingdom,38,5,1098.43,3,4,3,Fideles
17967.0,United Kingdom,372,1,123.07,1,2,1,Perdus
17968.0,United Kingdom,374,1,277.35,1,2,1,Perdus
17969.0,United Kingdom,166,2,228.2,1,3,1,A risque
17970.0,United Kingdom,211,1,582.59,1,2,2,Perdus
17972.0,United Kingdom,242,1,136.04,1,2,1,Perdus
17973.0,United Kingdom,52,1,337.04,2,2,2,Perdus
17974.0,United Kingdom,25,3,740.79,3,3,3,Fideles
17975.0,United Kingdom,15,13,4488.81,4,4,4,Champions
17976.0,United Kingdom,372,1,353.19,1,2,2,Perdus
17977.0,United Kingdom,29,1,288.14,3,2,1,Reguliers
17978.0,United Kingdom,365,1,300.92,1,2,1,Perdus
17979.0,United Kingdom,36,4,757.71,3,3,3,Fideles
17980.0,United Kingdom,166,3,811.45,1,3,3,Fideles
17984.0,United Kingdom,145,1,152.68,1,2,1,Perdus
17985.0,United Kingdom,22,1,634.95,3,2,2,Reguliers
17986.0,United Kingdom,56,1,20.8,2,2,1,Perdus
17987.0,United Kingdom,185,1,198.57,1,2,1,Perdus
17988.0,United Kingdom,12,7,201.12,4,4,1,Reguliers
17990.0,United Kingdom,237,3,630.84,1,3,2,A risque
17991.0,United Kingdom,225,2,93.35,1,3,1,A risque
17994.0,United Kingdom,122,4,678.49,2,3,3,Fideles
17995.0,United Kingdom,282,1,76.1,1,2,1,Perdus
17997.0,United Kingdom,74,8,1970.67,2,4,4,Fideles
17999.0,United Kingdom,37,2,382.06,3,3,2,Reguliers
18001.0,United Kingdom,12,2,417.23,4,3,2,Reguliers
18004.0,United Kingdom,362,1,169.47,1,2,1,Perdus
18005.0,United Kingdom,4,2,249.72,4,3,1,Reguliers
18006.0,United Kingdom,23,1,444.68,3,2,2,Reguliers
18008.0,United Kingdom,70,9,2116.19,2,4,4,Fideles
18009.0,United Kingdom,235,1,257.34,1,2,1,Perdus
18010.0,United Kingdom,257,1,174.8,1,2,1,Perdus
18011.0,United Kingdom,373,1,102.79,1,2,1,Perdus
18013.0,United Kingdom,155,2,187.29,1,3,1,A risque
18014.0,United Kingdom,28,1,166.42,3,2,1,Reguliers
18015.0,United Kingdom,4,1,120.03,4,2,1,Nouveaux
18016.0,United Kingdom,32,5,1483.56,3,4,3,Fideles
18017.0,United Kingdom,81,3,523.0,2,3,2,A risque
18018.0,United Kingdom,108,2,122.14,2,3,1,A risque
18019.0,United Kingdom,52,1,38.45,2,2,1,Perdus
18022.0,United Kingdom,36,1,668.11,3,2,2,Reguliers
18024.0,United Kingdom,153,2,389.78,1,3,2,A risque
18027.0,United Kingdom,99,1,115.31,2,2,1,Perdus
18030.0,United Kingdom,4,2,230.65,4,3,1,Reguliers
18032.0,United Kingdom,334,1,73.5,1,2,1,Perdus
18033.0,United Kingdom,65,1,97.97,2,2,1,Perdus
18034.0,United Kingdom,22,2,422.88,3,3,2,Reguliers
18035.0,United Kingdom,36,3,730.4,3,3,3,Fideles
18036.0,United Kingdom,32,3,405.62,3,3,2,Reguliers
18037.0,United Kingdom,154,6,70.02,1,4,1,A risque
18040.0,United Kingdom,19,2,357.2,3,3,2,Reguliers
18041.0,United Kingdom,12,21,4183.39,4,4,4,Champions
18042.0,United Kingdom,54,1,165.05,2,2,1,Perdus
18043.0,United Kingdom,25,3,559.51,3,3,2,Reguliers
18044.0,United Kingdom,4,10,2088.6,4,4,4,Champions
18045.0,United Kingdom,45,1,189.4,3,2,1,Reguliers
18048.0,United Kingdom,203,2,172.29,1,3,1,A risque
18050.0,United Kingdom,359,1,74.4,1,2,1,Perdus
18053.0,United Kingdom,71,1,300.02,2,2,1,Perdus
18055.0,United Kingdom,7,10,6784.19,4,4,4,Champions
18056.0,United Kingdom,288,1,363.65,1,2,2,Perdus
18058.0,United Kingdom,10,1,170.16,4,2,1,Nouveaux
18059.0,United Kingdom,23,3,306.46,3,3,1,Reguliers
18061.0,United Kingdom,22,10,2119.41,3,4,4,Fideles
18062.0,United Kingdom,173,3,720.52,1,3,3,Fideles
18064.0,United Kingdom,133,2,814.0,2,3,3,Fideles
18065.0,United Kingdom,6,14,2392.83,4,4,4,Champions
18066.0,United Kingdom,75,1,318.0,2,2,2,Perdus
18067.0,United Kingdom,40,1,396.33,3,2,2,Reguliers
18068.0,United Kingdom,289,1,101.7,1,2,1,Perdus
18069.0,United Kingdom,26,5,2036.67,3,4,4,Fideles
18071.0,United Kingdom,258,2,453.0,1,3,2,A risque
18072.0,United Kingdom,186,1,247.44,1,2,1,Perdus
18073.0,United Kingdom,114,12,3877.52,2,4,4,Fideles
18074.0,United Kingdom,374,1,489.6,1,2,2,Perdus
18075.0,United Kingdom,23,10,2611.75,3,4,4,Fideles
18077.0,United Kingdom,8,11,2633.01,4,4,4,Champions
18078.0,United Kingdom,217,2,336.13,1,3,2,A risque
18079.0,United Kingdom,45,4,3651.97,3,3,4,Fideles
18080.0,United Kingdom,19,2,1231.5,3,3,3,Fideles
18081.0,United Kingdom,36,3,343.45,3,3,2,Reguliers
18082.0,United Kingdom,26,1,703.37,3,2,3,Reguliers
18084.0,United Kingdom,16,1,90.48,4,2,1,Nouveaux
18085.0,United Kingdom,330,2,689.95,1,3,3,Fideles
18086.0,United Kingdom,274,1,101.34,1,2,1,Perdus
18087.0,United Kingdom,98,2,4055.72,2,3,4,Fideles
18088.0,United Kingdom,61,1,167.67,2,2,1,Perdus
18092.0,United Kingdom,2,11,9068.26,4,4,4,Champions
18093.0,United Kingdom,93,4,2106.52,2,3,4,Fideles
18094.0,United Kingdom,82,7,3017.3,2,4,4,Fideles
18095.0,United Kingdom,313,2,580.05,1,3,2,A risque
18096.0,United Kingdom,12,3,911.15,4,3,3,Fideles
18097.0,United Kingdom,8,6,2697.8,4,4,4,Champions
18099.0,United Kingdom,127,1,168.31,2,2,1,Perdus
18101.0,United Kingdom,11,2,223.65,4,3,1,Reguliers
18102.0,United Kingdom,1,60,259657.3,4,4,4,Champions
18104.0,United Kingdom,37,1,754.64,3,2,3,Reguliers
18105.0,United Kingdom,38,1,113.48,3,2,1,Reguliers
18106.0,United Kingdom,330,1,430.7,1,2,2,Perdus
18108.0,United Kingdom,254,1,271.0,1,2,1,Perdus
18109.0,United Kingdom,2,26,8052.97,4,4,4,Champions
18110.0,United Kingdom,20,1,236.3,3,2,1,Reguliers
18112.0,United Kingdom,12,2,352.69,4,3,2,Reguliers
18113.0,United Kingdom,369,1,76.32,1,2,1,Perdus
18114.0,United Kingdom,290,1,220.1,1,2,1,Perdus
18116.0,United Kingdom,68,8,1418.03,2,4,3,Fideles
18117.0,United Kingdom,26,1,320.72,3,2,2,Reguliers
18118.0,United Kingdom,11,26,5653.82,4,4,4,Champions
18119.0,United Kingdom,368,1,181.12,1,2,1,Perdus
18120.0,United Kingdom,214,1,111.15,1,2,1,Perdus
18121.0,United Kingdom,149,2,673.1,1,3,2,A risque
18122.0,United Kingdom,8,6,1826.21,4,4,4,Champions
18123.0,United Kingdom,24,2,589.44,3,3,2,Reguliers
18125.0,United Kingdom,30,4,1142.99,3,3,3,Fideles
18126.0,United Kingdom,61,1,206.83,2,2,1,Perdus
18127.0,United Kingdom,19,3,348.73,3,3,2,Reguliers
18129.0,United Kingdom,243,1,112.55,1,2,1,Perdus
18130.0,United Kingdom,15,3,1059.39,4,3,3,Fideles
18133.0,United Kingdom,212,1,931.5,1,2,3,Perdus
18135.0,United Kingdom,29,5,681.91,3,4,3,Fideles
18136.0,United Kingdom,63,3,784.33,2,3,3,Fideles
18138.0,United Kingdom,295,1,152.65,1,2,1,Perdus
18139.0,United Kingdom,18,6,8438.34,4,4,4,Champions
18142.0,United Kingdom,157,2,1019.52,1,3,3,Fideles
18143.0,United Kingdom,117,2,1000.16,2,3,3,Fideles
18144.0,United Kingdom,8,12,2888.75,4,4,4,Champions
18145.0,United Kingdom,13,4,2861.55,4,3,4,Fideles
18146.0,United Kingdom,141,2,160.35,2,3,1,A risque
18147.0,United Kingdom,46,2,179.34,3,3,1,Reguliers
18149.0,United Kingdom,51,3,612.08,3,3,2,Reguliers
18150.0,United Kingdom,32,3,566.58,3,3,2,Reguliers
18151.0,United Kingdom,135,2,653.35,2,3,2,A risque
18154.0,United Kingdom,3,2,399.19,4,3,2,Reguliers
18155.0,United Kingdom,75,3,371.62,2,3,2,A risque
18156.0,United Kingdom,13,2,734.94,4,3,3,Fideles
18158.0,United Kingdom,9,2,453.4,4,3,2,Reguliers
18159.0,United Kingdom,301,1,530.15,1,2,2,Perdus
18160.0,United Kingdom,57,2,638.06,2,3,2,A risque
18161.0,United Kingdom,15,5,1618.69,4,4,3,Fideles
18164.0,United Kingdom,37,1,399.65,3,2,2,Reguliers
18165.0,United Kingdom,177,1,302.46,1,2,1,Perdus
18167.0,United Kingdom,23,3,1384.86,3,3,3,Fideles
18168.0,United Kingdom,176,6,1169.94,1,4,3,Fideles
18169.0,United Kingdom,61,1,202.65,2,2,1,Perdus
18170.0,United Kingdom,33,3,980.31,3,3,3,Fideles
18171.0,United Kingdom,59,5,1231.31,2,4,3,Fideles
18172.0,United Kingdom,15,20,7561.68,4,4,4,Champions
18173.0,United Kingdom,87,4,2106.84,2,3,4,Fideles
18174.0,United Kingdom,7,1,104.0,4,2,1,Nouveaux
18176.0,United Kingdom,358,1,476.35,1,2,2,Perdus
18177.0,United Kingdom,31,6,1341.42,3,4,3,Fideles
18178.0,United Kingdom,129,4,1590.81,2,3,3,Fideles
18179.0,United Kingdom,9,6,1793.17,4,4,4,Champions
18180.0,United Kingdom,5,6,1843.75,4,4,4,Champions
18181.0,United Kingdom,24,1,382.8,3,2,2,Reguliers
18183.0,United Kingdom,227,2,632.07,1,3,2,A risque
18184.0,United Kingdom,15,1,49.8,4,2,1,Nouveaux
18185.0,United Kingdom,249,1,304.25,1,2,1,Perdus
18188.0,United Kingdom,15,3,2001.04,4,3,4,Fideles
18189.0,United Kingdom,78,2,1090.24,2,3,3,Fideles
18190.0,United Kingdom,192,2,284.46,1,3,1,A risque
18191.0,United Kingdom,262,1,207.8,1,2,1,Perdus
18192.0,United Kingdom,72,1,957.97,2,2,3,Perdus
18193.0,United Kingdom,165,1,243.76,1,2,1,Perdus
18194.0,United Kingdom,82,1,973.84,2,2,3,Perdus
18196.0,United Kingdom,95,2,689.13,2,3,3,Fideles
18198.0,United Kingdom,4,17,5425.56,4,4,4,Champions
18200.0,United Kingdom,106,1,163.8,2,2,1,Perdus
18202.0,United Kingdom,200,3,1396.99,1,3,3,Fideles
18203.0,United Kingdom,157,1,160.42,1,2,1,Perdus
18204.0,United Kingdom,71,3,1993.7,2,3,4,Fideles
18205.0,United Kingdom,36,2,517.36,3,3,2,Reguliers
18209.0,United Kingdom,29,1,139.1,3,2,1,Reguliers
18210.0,United Kingdom,2,6,2621.38,4,4,4,Champions
18211.0,United Kingdom,26,5,600.07,3,4,2,Reguliers
18212.0,United Kingdom,326,1,248.42,1,2,1,Perdus
18213.0,United Kingdom,237,1,232.48,1,2,1,Perdus
18215.0,United Kingdom,89,1,299.34,2,2,1,Perdus
18216.0,United Kingdom,31,1,481.75,3,2,2,Reguliers
18217.0,United Kingdom,29,2,621.75,3,3,2,Reguliers
18218.0,United Kingdom,211,2,662.08,1,3,2,A risque
18219.0,United Kingdom,3,10,2069.77,4,4,4,Champions
18220.0,United Kingdom,227,1,305.28,1,2,1,Perdus
18221.0,United Kingdom,22,5,1041.61,3,4,3,Fideles
18222.0,United Kingdom,93,1,443.0,2,2,2,Perdus
18223.0,United Kingdom,5,14,6484.54,4,4,4,Champions
18224.0,United Kingdom,264,1,158.95,1,2,1,Perdus
18225.0,United Kingdom,3,12,5509.12,4,4,4,Champions
18226.0,United Kingdom,44,11,5228.05,3,4,4,Fideles
18227.0,United Kingdom,218,1,93.75,1,2,1,Perdus
18228.0,United Kingdom,57,2,779.9,2,3,3,Fideles
18229.0,United Kingdom,12,20,7276.9,4,4,4,Champions
18230.0,United Kingdom,9,7,2810.2,4,4,4,Champions
18231.0,United Kingdom,192,5,2083.27,1,4,4,Fideles
18232.0,United Kingdom,82,4,592.97,2,3,2,A risque
18233.0,United Kingdom,326,1,440.0,1,2,2,Perdus
18235.0,United Kingdom,72,3,1796.48,2,3,4,Fideles
18236.0,United Kingdom,30,6,882.24,3,4,3,Fideles
18237.0,United Kingdom,3,5,987.1,4,4,3,Fideles
18239.0,United Kingdom,219,5,1561.61,1,4,3,Fideles
18240.0,United Kingdom,46,1,422.58,3,2,2,Reguliers
18241.0,United Kingdom,10,17,2073.09,4,4,4,Champions
18242.0,United Kingdom,72,4,2232.49,2,3,4,Fideles
18245.0,United Kingdom,7,7,2567.06,4,4,4,Champions
18246.0,United Kingdom,24,2,596.1,3,3,2,Reguliers
18248.0,United Kingdom,123,2,804.02,2,3,3,Fideles
18249.0,United Kingdom,17,1,95.34,4,2,1,Nouveaux
18250.0,United Kingdom,310,1,349.27,1,2,2,Perdus
18251.0,United Kingdom,87,1,4314.72,2,2,4,Perdus
18252.0,United Kingdom,51,2,526.67,3,3,2,Reguliers
18255.0,United Kingdom,89,1,103.3,2,2,1,Perdus
18257.0,United Kingdom,39,8,2337.63,3,4,4,Fideles
18259.0,United Kingdom,25,3,2338.6,3,3,4,Fideles
18260.0,United Kingdom,173,6,2643.2,1,4,4,Fideles
18261.0,United Kingdom,43,2,324.24,3,3,2,Reguliers
18262.0,United Kingdom,140,1,149.48,2,2,1,Perdus
18263.0,United Kingdom,26,3,1213.16,3,3,3,Fideles
18265.0,United Kingdom,72,2,801.51,2,3,3,Fideles
18268.0,United Kingdom,134,1,25.5,2,2,1,Perdus
18269.0,United Kingdom,366,1,168.6,1,2,1,Perdus
18270.0,United Kingdom,38,2,283.15,3,3,1,Reguliers
18272.0,United Kingdom,3,6,3078.58,4,4,4,Champions
18273.0,United Kingdom,2,3,204.0,4,3,1,Reguliers
18274.0,United Kingdom,30,1,175.92,3,2,1,Reguliers
18276.0,United Kingdom,44,1,335.86,3,2,2,Reguliers
18277.0,United Kingdom,58,1,110.38,2,2,1,Perdus
18278.0,United Kingdom,74,1,173.9,2,2,1,Perdus
18280.0,United Kingdom,278,1,180.6,1,2,1,Perdus
18281.0,United Kingdom,181,1,80.82,1,2,1,Perdus
18282.0,United Kingdom,8,2,178.05,4,3,1,Reguliers
18283.0,United Kingdom,4,16,2094.88,4,4,4,Champions
18287.0,United Kingdom,43,3,1837.28,3,3,4,Fideles
