id_mutation,date_mutation,annee_mutation,valeur_fonciere,type_local,surface_reelle_bati,nombre_pieces_principales,code_postal,longitude,latitude,prix_m2
2021-894583,2021-01-04,2021,140000.0,Appartement,73.0,3.0,54000.0,6.160276,48.687366,1917.8082191780823
2021-894585,2021-01-04,2021,184000.0,Appartement,112.0,6.0,54000.0,6.175638,48.675925,1642.857142857143
2021-894586,2021-01-06,2021,124800.0,Appartement,54.0,2.0,54000.0,6.194026,48.694574,2311.1111111111113
2021-894592,2021-01-08,2021,197000.0,Appartement,78.0,4.0,54000.0,6.181427,48.680649,2525.641025641026
2021-894593,2021-01-12,2021,265000.0,Appartement,115.0,4.0,54000.0,6.175526,48.679211,2304.3478260869565
2021-894594,2021-01-04,2021,435000.0,Appartement,103.0,5.0,54000.0,6.182816,48.685678,4223.300970873786
2021-894598,2021-01-08,2021,210000.0,Appartement,65.0,3.0,54000.0,6.178641,48.698192,3230.769230769231
2021-894602,2021-01-04,2021,223250.0,Appartement,117.0,4.0,54000.0,6.168784,48.686158,1908.1196581196582
2021-894606,2021-01-08,2021,214700.0,Maison,66.0,4.0,54100.0,6.141616,48.700183,3253.030303030303
2021-894614,2021-01-04,2021,320000.0,Appartement,72.0,3.0,54000.0,6.177385,48.684958,4444.444444444444
2021-894616,2021-01-08,2021,168000.0,Appartement,79.0,4.0,54000.0,6.163021,48.687573,2126.5822784810125
2021-894620,2021-01-04,2021,49000.0,Appartement,21.0,1.0,54000.0,6.172555,48.690051,2333.3333333333335
2021-894621,2021-01-07,2021,148000.0,Appartement,65.0,3.0,54000.0,6.191253,48.683272,2276.923076923077
2021-894625,2021-01-07,2021,113800.0,Appartement,101.0,5.0,54000.0,6.165218,48.681719,1126.7326732673268
2021-894628,2021-01-06,2021,118700.0,Appartement,62.0,3.0,54000.0,6.174116,48.677701,1914.516129032258
2021-894634,2021-01-15,2021,77375.0,Appartement,67.0,4.0,54000.0,6.161941,48.692737,1154.8507462686566
2021-894635,2021-01-07,2021,90800.0,Appartement,36.0,2.0,54000.0,6.190651,48.686689,2522.222222222222
2021-894643,2021-01-13,2021,122000.0,Appartement,65.0,3.0,54000.0,6.190472,48.692766,1876.923076923077
2021-894644,2021-01-08,2021,360000.0,Appartement,146.0,5.0,54000.0,6.172911,48.688061,2465.753424657534
2021-894647,2021-01-08,2021,400000.0,Appartement,65.0,3.0,54000.0,6.165828,48.681358,6153.846153846154
2021-894650,2021-01-08,2021,156000.0,Maison,68.0,5.0,54000.0,6.140484,48.690006,2294.1176470588234
2021-894658,2021-01-11,2021,109300.0,Appartement,47.0,2.0,54000.0,6.169389,48.703308,2325.531914893617
2021-894665,2021-01-11,2021,115000.0,Appartement,52.0,2.0,54000.0,6.178856,48.68985,2211.5384615384614
2021-894666,2021-01-14,2021,90000.0,Appartement,40.0,1.0,54000.0,6.19121,48.686081,2250.0
2021-894671,2021-01-05,2021,85000.0,Appartement,79.0,5.0,54000.0,6.161941,48.692737,1075.9493670886077
2021-894673,2021-01-08,2021,63000.0,Appartement,28.0,1.0,54000.0,6.169134,48.682484,2250.0
2021-894677,2021-01-15,2021,225000.0,Appartement,115.0,4.0,54000.0,6.162064,48.681308,1956.5217391304348
2021-894679,2021-01-15,2021,70000.0,Appartement,86.0,4.0,54000.0,6.19169,48.697319,813.953488372093
2021-894690,2021-01-15,2021,134800.0,Appartement,63.0,2.0,54000.0,6.162692,48.694747,2139.6825396825398
2021-894694,2021-01-08,2021,330000.0,Appartement,135.0,4.0,54000.0,6.184081,48.689543,2444.4444444444443
2021-894707,2021-01-12,2021,231800.0,Appartement,86.0,4.0,54000.0,6.177234,48.682528,2695.3488372093025
2021-894708,2021-01-11,2021,137000.0,Appartement,74.0,4.0,54000.0,6.177572,48.676831,1851.3513513513512
2021-894717,2021-01-15,2021,101900.0,Appartement,72.0,3.0,54000.0,6.140766,48.695252,1415.2777777777778
2021-894721,2021-01-05,2021,185660.0,Appartement,94.0,5.0,54000.0,6.180889,48.701934,1975.1063829787233
2021-894722,2021-01-18,2021,75000.0,Appartement,47.0,2.0,54000.0,6.185228,48.679309,1595.7446808510638
2021-894731,2021-01-08,2021,304090.0,Appartement,53.0,2.0,54000.0,6.177933,48.685056,5737.547169811321
2021-894743,2021-01-07,2021,135000.0,Appartement,77.0,4.0,54000.0,6.17524,48.684833,1753.2467532467533
2021-894744,2021-01-07,2021,70000.0,Appartement,39.0,2.0,54000.0,6.175103,48.6848,1794.871794871795
2021-894745,2021-01-05,2021,83100.0,Appartement,39.0,1.0,54000.0,6.191047,48.686667,2130.769230769231
2021-894748,2021-01-21,2021,92000.0,Appartement,47.0,2.0,54000.0,6.185464,48.690683,1957.4468085106382
2021-894752,2021-01-15,2021,108500.0,Appartement,54.0,2.0,54000.0,6.160695,48.690274,2009.2592592592594
2021-894753,2021-01-15,2021,173000.0,Appartement,77.0,4.0,54000.0,6.169696,48.684046,2246.753246753247
2021-894762,2021-01-11,2021,95000.0,Maison,58.0,4.0,54000.0,6.178947,48.707173,1637.9310344827586
2021-894767,2021-01-20,2021,225000.0,Appartement,96.0,3.0,54000.0,6.144767,48.693206,2343.75
2021-894769,2021-01-21,2021,285000.0,Appartement,88.0,4.0,54000.0,6.182379,48.684821,3238.6363636363635
2021-894775,2021-01-20,2021,55250.0,Appartement,36.0,1.0,54000.0,6.188776,48.69042,1534.7222222222222
2021-894778,2021-01-15,2021,214500.0,Appartement,91.0,4.0,54000.0,6.174945,48.681695,2357.1428571428573
2021-894780,2021-01-20,2021,95000.0,Appartement,59.0,2.0,54000.0,6.178037,48.67772,1610.1694915254238
2021-894783,2021-01-08,2021,87000.0,Appartement,48.0,2.0,54000.0,6.172842,48.685197,1812.5
2021-894794,2021-01-04,2021,90000.0,Appartement,45.0,2.0,54000.0,6.186336,48.678773,2000.0
2021-894811,2021-01-19,2021,177300.0,Appartement,78.0,4.0,54000.0,6.171215,48.688074,2273.076923076923
2021-894819,2021-01-25,2021,140800.0,Appartement,71.0,2.0,54000.0,6.173176,48.698312,1983.0985915492959
2021-894821,2021-01-25,2021,160550.0,Appartement,76.0,3.0,54000.0,6.179748,48.68322,2112.5
2021-894822,2021-01-21,2021,90000.0,Appartement,42.0,2.0,54000.0,6.171841,48.683915,2142.8571428571427
2021-894825,2021-01-22,2021,90000.0,Appartement,54.0,3.0,54000.0,6.175374,48.680113,1666.6666666666667
2021-894827,2021-01-22,2021,77700.0,Appartement,35.0,1.0,54000.0,6.188988,48.70075,2220.0
2021-894828,2021-01-08,2021,150000.0,Appartement,115.0,5.0,54000.0,6.181881,48.681619,1304.3478260869565
2021-894829,2021-01-20,2021,104500.0,Appartement,114.0,5.0,54000.0,6.181427,48.680649,916.6666666666666
2021-894831,2021-01-08,2021,100000.0,Appartement,79.0,5.0,54000.0,6.161941,48.692737,1265.8227848101267
2021-894837,2021-01-08,2021,130000.0,Appartement,20.0,1.0,54000.0,6.193501,48.689061,6500.0
2021-894842,2021-01-13,2021,156600.0,Appartement,94.0,5.0,54000.0,6.183595,48.688563,1665.9574468085107
2021-894846,2021-01-13,2021,115000.0,Appartement,54.0,3.0,54000.0,6.180469,48.691207,2129.6296296296296
2021-894847,2021-01-19,2021,85000.0,Appartement,32.0,2.0,54000.0,6.180469,48.691207,2656.25
2021-894858,2021-01-22,2021,128250.0,Appartement,61.0,3.0,54000.0,6.187298,48.685711,2102.4590163934427
2021-894863,2021-01-22,2021,121600.0,Appartement,74.0,4.0,54000.0,6.194958,48.686779,1643.2432432432433
2021-894865,2021-01-21,2021,133000.0,Appartement,67.0,3.0,54000.0,6.175745,48.691,1985.0746268656717
2021-894868,2021-01-26,2021,148000.0,Appartement,80.0,4.0,54000.0,6.146495,48.691688,1850.0
2021-894870,2021-01-21,2021,95000.0,Appartement,54.0,3.0,54000.0,6.176972,48.67648,1759.2592592592594
2021-894879,2021-01-06,2021,285000.0,Appartement,89.0,5.0,54000.0,6.174167,48.671729,3202.247191011236
2021-894887,2021-01-13,2021,129000.0,Appartement,57.0,2.0,54000.0,6.175988,48.701471,2263.157894736842
2021-894892,2021-01-12,2021,223800.0,Appartement,94.0,3.0,54000.0,6.192456,48.689562,2380.851063829787
2021-894894,2021-01-22,2021,300000.0,Maison,85.0,5.0,54000.0,6.175151,48.674026,3529.4117647058824
2021-894897,2021-01-19,2021,107000.0,Appartement,68.0,3.0,54000.0,,,1573.5294117647059
2021-894898,2021-01-13,2021,148400.0,Maison,81.0,5.0,54000.0,6.144426,48.696874,1832.0987654320988
2021-894899,2021-01-22,2021,119000.0,Appartement,42.0,2.0,54000.0,6.181179,48.691049,2833.3333333333335
2021-894901,2021-01-21,2021,238000.0,Appartement,68.0,3.0,54000.0,6.163509,48.677138,3500.0
2021-894908,2021-01-26,2021,235000.0,Appartement,88.0,3.0,54000.0,6.189123,48.692783,2670.4545454545455
2021-894909,2021-01-04,2021,400000.0,Maison,101.0,5.0,54000.0,6.179109,48.679575,3960.3960396039606
2021-894910,2021-01-06,2021,356500.0,Appartement,121.0,5.0,54000.0,6.199354,48.698685,2946.280991735537
2021-894911,2021-01-22,2021,142500.0,Appartement,89.0,5.0,54000.0,6.179241,48.675375,1601.123595505618
2021-894912,2021-01-29,2021,125000.0,Appartement,65.0,3.0,54000.0,6.165953,48.667969,1923.076923076923
2021-894915,2021-01-12,2021,60000.0,Appartement,39.0,2.0,54000.0,6.198329,48.676316,1538.4615384615386
2021-894921,2021-01-27,2021,138200.0,Appartement,70.0,3.0,54000.0,6.195828,48.684198,1974.2857142857142
2021-894923,2021-01-25,2021,425000.0,Appartement,52.0,3.0,54000.0,6.171667,48.675179,8173.076923076923
2021-894924,2021-01-26,2021,160000.0,Appartement,94.0,3.0,54000.0,6.171335,48.704242,1702.127659574468
2021-894926,2021-01-29,2021,150000.0,Appartement,80.0,2.0,54000.0,6.172254,48.689979,1875.0
2021-894928,2021-01-12,2021,90000.0,Appartement,53.0,3.0,54000.0,6.175374,48.680113,1698.1132075471698
2021-894936,2021-01-26,2021,93500.0,Appartement,58.0,3.0,54000.0,6.16628,48.70217,1612.0689655172414
2021-894939,2021-01-12,2021,122000.0,Appartement,36.0,2.0,54000.0,6.171421,48.703236,3388.8888888888887
2021-894940,2021-01-27,2021,65000.0,Appartement,21.0,1.0,54000.0,6.195532,48.694835,3095.2380952380954
2021-894946,2021-01-20,2021,95000.0,Appartement,73.0,3.0,54000.0,6.187272,48.678672,1301.3698630136987
2021-894952,2021-01-15,2021,213415.0,Appartement,98.0,3.0,54000.0,6.172699,48.682191,2177.704081632653
2021-894962,2021-01-25,2021,62000.0,Appartement,10.0,1.0,54000.0,6.169953,48.699279,6200.0
2021-894965,2021-01-29,2021,45000.0,Appartement,19.0,1.0,54000.0,6.189396,48.683102,2368.4210526315787
2021-894971,2021-01-19,2021,90000.0,Maison,65.0,4.0,54000.0,6.193927,48.672261,1384.6153846153845
2021-894978,2021-01-20,2021,100000.0,Appartement,45.0,2.0,54000.0,6.160249,48.684336,2222.222222222222
2021-894995,2021-01-19,2021,121650.0,Appartement,56.0,2.0,54000.0,6.190472,48.692766,2172.3214285714284
2021-894997,2021-01-18,2021,67000.0,Appartement,51.0,3.0,54000.0,6.158927,48.690216,1313.7254901960785
2021-895000,2021-01-29,2021,300000.0,Appartement,31.0,2.0,54000.0,6.172489,48.674344,9677.41935483871
2021-895003,2021-01-05,2021,266000.0,Appartement,132.0,6.0,54000.0,6.16819,48.703325,2015.1515151515152
2021-895009,2021-01-28,2021,149600.0,Appartement,51.0,2.0,54000.0,6.170843,48.701792,2933.3333333333335
2021-895017,2021-01-22,2021,104500.0,Appartement,44.0,2.0,54000.0,6.181454,48.690989,2375.0
2021-895018,2021-02-03,2021,224000.0,Appartement,106.0,4.0,54000.0,6.176371,48.705751,2113.2075471698113
2021-895020,2021-01-14,2021,53200.0,Appartement,20.0,1.0,54000.0,6.180512,48.682182,2660.0
2021-895024,2021-01-14,2021,230000.0,Appartement,99.0,3.0,54000.0,6.178443,48.697538,2323.2323232323233
2021-895031,2021-01-26,2021,103000.0,Appartement,52.0,3.0,54000.0,6.18733,48.67746,1980.7692307692307
2021-895032,2021-01-15,2021,107700.0,Appartement,52.0,3.0,54000.0,6.161745,48.688387,2071.153846153846
2021-895033,2021-01-29,2021,410000.0,Appartement,30.0,2.0,54000.0,6.180407,48.684446,13666.666666666666
2021-895034,2021-01-15,2021,350000.0,Maison,153.0,6.0,54000.0,6.149244,48.694917,2287.581699346405
2021-895037,2021-01-29,2021,214100.0,Appartement,78.0,3.0,54000.0,6.200611,48.699675,2744.871794871795
2021-895039,2021-01-07,2021,115000.0,Appartement,48.0,2.0,54000.0,6.163998,48.682543,2395.8333333333335
2021-895041,2021-01-29,2021,210000.0,Appartement,98.0,5.0,54000.0,6.169409,48.689169,2142.8571428571427
2021-895042,2021-01-07,2021,186150.0,Appartement,79.0,4.0,54000.0,6.155874,48.690682,2356.3291139240505
2021-895044,2021-02-01,2021,157000.0,Appartement,74.0,3.0,54000.0,6.178841,48.683254,2121.6216216216217
2021-895047,2021-01-29,2021,64500.0,Appartement,26.0,1.0,54000.0,6.176988,48.676916,2480.769230769231
2021-895048,2021-01-29,2021,315850.0,Appartement,102.0,4.0,54000.0,6.200865,48.699118,3096.5686274509803
2021-895052,2021-01-29,2021,120000.0,Appartement,54.0,3.0,54000.0,6.181428,48.687036,2222.222222222222
2021-895053,2021-01-27,2021,240000.0,Maison,30.0,1.0,54000.0,6.188894,48.700835,8000.0
2021-895056,2021-01-28,2021,85500.0,Appartement,54.0,3.0,54000.0,6.200248,48.685823,1583.3333333333333
2021-895060,2021-01-29,2021,64500.0,Appartement,26.0,1.0,54000.0,6.176988,48.676916,2480.769230769231
2021-895066,2021-01-08,2021,61500.0,Appartement,24.0,1.0,54000.0,6.17455,48.684681,2562.5
2021-895071,2021-01-05,2021,91000.0,Appartement,29.0,2.0,54000.0,6.183013,48.701638,3137.9310344827586
2021-895074,2021-01-28,2021,192000.0,Appartement,104.0,5.0,54000.0,6.175352,48.678559,1846.1538461538462
2021-895075,2021-01-22,2021,57500.0,Appartement,73.0,4.0,54000.0,6.138771,48.692841,787.6712328767123
2021-895077,2021-01-28,2021,66000.0,Appartement,48.0,2.0,54000.0,6.177556,48.677111,1375.0
2021-895088,2021-01-12,2021,144800.0,Appartement,56.0,3.0,54000.0,6.180776,48.683228,2585.714285714286
2021-895111,2021-01-28,2021,227500.0,Appartement,103.0,3.0,54000.0,6.183087,48.690661,2208.73786407767
2021-895114,2021-01-15,2021,114000.0,Appartement,46.0,2.0,54000.0,6.172842,48.685197,2478.2608695652175
2021-895116,2021-02-01,2021,140000.0,Appartement,52.0,3.0,54000.0,6.170969,48.704351,2692.3076923076924
2021-895117,2021-02-01,2021,68500.0,Appartement,40.0,2.0,54000.0,6.168369,48.682837,1712.5
2021-895120,2021-01-15,2021,562500.0,Maison,220.0,6.0,54000.0,6.143937,48.690909,2556.818181818182
2021-895123,2021-02-03,2021,330000.0,Maison,108.0,4.0,54000.0,6.170568,48.676831,3055.5555555555557
2021-895129,2021-01-25,2021,80000.0,Appartement,21.0,1.0,54000.0,6.179855,48.692989,3809.5238095238096
2021-895130,2021-01-28,2021,725000.0,Maison,181.0,6.0,54000.0,,,4005.524861878453
2021-895132,2021-02-03,2021,129550.0,Appartement,65.0,2.0,54000.0,6.171247,48.687106,1993.076923076923
2021-895136,2021-01-25,2021,73000.0,Appartement,23.0,1.0,54000.0,6.19283,48.694994,3173.913043478261
2021-895140,2021-01-27,2021,224000.0,Appartement,101.0,4.0,54000.0,6.165863,48.68395,2217.8217821782177
2021-895143,2021-01-28,2021,48800.0,Appartement,19.0,1.0,54000.0,6.160346,48.687713,2568.4210526315787
2021-895153,2021-02-04,2021,62000.0,Appartement,25.0,1.0,54000.0,,,2480.0
2021-895156,2021-02-02,2021,140000.0,Appartement,60.0,3.0,54000.0,6.194552,48.689977,2333.3333333333335
2021-895159,2021-01-25,2021,85000.0,Appartement,42.0,2.0,54000.0,6.183534,48.686388,2023.8095238095239
2021-895160,2021-01-21,2021,210000.0,Appartement,116.0,5.0,54000.0,6.175745,48.691,1810.344827586207
2021-895161,2021-01-28,2021,250000.0,Appartement,36.0,3.0,54000.0,6.176,48.684154,6944.444444444444
2021-895166,2021-01-28,2021,119900.0,Appartement,63.0,4.0,54000.0,6.191562,48.688157,1903.1746031746031
2021-895169,2021-01-26,2021,110000.0,Appartement,119.0,5.0,54000.0,6.179182,48.687711,924.3697478991596
2021-895170,2021-01-29,2021,163400.0,Appartement,72.0,4.0,54000.0,6.173588,48.680562,2269.4444444444443
2021-895173,2021-01-20,2021,187625.0,Appartement,96.0,4.0,54000.0,6.176088,48.69914,1954.4270833333333
2021-895174,2021-01-21,2021,142200.0,Appartement,73.0,3.0,54000.0,6.176088,48.69914,1947.945205479452
2021-895180,2021-01-22,2021,46800.0,Appartement,23.0,1.0,54000.0,6.189144,48.682951,2034.7826086956522
2021-895182,2021-01-18,2021,125000.0,Maison,120.0,4.0,54000.0,6.149234,48.697025,1041.6666666666667
2021-895187,2021-02-09,2021,270000.0,Appartement,88.0,4.0,54000.0,6.182379,48.684821,3068.181818181818
2021-895196,2021-02-09,2021,124000.0,Appartement,25.0,1.0,54000.0,6.186336,48.678773,4960.0
2021-895197,2021-02-04,2021,133000.0,Appartement,82.0,3.0,54000.0,6.178037,48.67772,1621.9512195121952
2021-895198,2021-01-28,2021,246780.0,Appartement,114.0,4.0,54000.0,6.173187,48.680719,2164.7368421052633
2021-895217,2021-02-02,2021,106600.0,Appartement,51.0,2.0,54000.0,6.170922,48.698058,2090.1960784313724
2021-895220,2021-02-05,2021,213800.0,Maison,94.0,4.0,54100.0,6.141676,48.701459,2274.468085106383
2021-895223,2021-02-04,2021,71000.0,Appartement,65.0,3.0,54000.0,6.181427,48.680649,1092.3076923076924
2021-895225,2021-02-04,2021,74250.0,Appartement,35.0,1.0,54000.0,6.184157,48.687085,2121.4285714285716
2021-895228,2021-02-04,2021,49150.0,Appartement,25.0,1.0,54000.0,6.184157,48.687085,1966.0
2021-895234,2021-01-18,2021,100000.0,Appartement,56.0,2.0,54000.0,6.198513,48.677387,1785.7142857142858
2021-895236,2021-01-20,2021,106000.0,Appartement,90.0,3.0,54000.0,6.172866,48.686997,1177.7777777777778
2021-895241,2021-02-05,2021,93060.0,Appartement,67.0,3.0,54000.0,6.168821,48.681694,1388.955223880597
2021-895242,2021-02-04,2021,130000.0,Appartement,65.0,3.0,54000.0,6.155874,48.690682,2000.0
2021-895256,2021-02-08,2021,95000.0,Appartement,34.0,1.0,54000.0,6.17048,48.704258,2794.1176470588234
2021-895259,2021-01-12,2021,200000.0,Appartement,69.0,3.0,54000.0,6.185584,48.680482,2898.550724637681
2021-895260,2021-02-08,2021,81000.0,Appartement,47.0,2.0,54000.0,6.196048,48.676783,1723.404255319149
2021-895262,2021-01-28,2021,41000.0,Appartement,20.0,1.0,54000.0,6.169895,48.687621,2050.0
2021-895266,2021-01-26,2021,237500.0,Appartement,46.0,2.0,54000.0,6.174861,48.698448,5163.04347826087
2021-895273,2021-01-21,2021,100000.0,Appartement,82.0,4.0,54000.0,6.1966,48.676768,1219.5121951219512
2021-895279,2021-01-22,2021,81936.0,Appartement,41.0,2.0,54000.0,6.185409,48.68003,1998.439024390244
2021-895292,2021-01-22,2021,67300.0,Appartement,34.0,1.0,54000.0,6.196614,48.698909,1979.4117647058824
2021-895304,2021-01-23,2021,145000.0,Appartement,39.0,2.0,54000.0,6.194835,48.698054,3717.948717948718
2021-895310,2021-01-22,2021,465000.0,Appartement,126.0,4.0,54000.0,6.184288,48.692551,3690.4761904761904
2021-895313,2021-02-05,2021,200000.0,Appartement,119.0,5.0,54000.0,6.171836,48.694647,1680.672268907563
2021-895314,2021-02-04,2021,117000.0,Appartement,54.0,3.0,54000.0,6.180469,48.691207,2166.6666666666665
2021-895317,2021-01-26,2021,67000.0,Appartement,97.0,4.0,54000.0,6.179182,48.687711,690.7216494845361
2021-895319,2021-01-27,2021,125000.0,Appartement,65.0,3.0,54000.0,6.180889,48.701934,1923.076923076923
2021-895321,2021-02-01,2021,140000.0,Appartement,130.0,6.0,54000.0,6.170767,48.697551,1076.923076923077
2021-895325,2021-02-10,2021,375250.0,Appartement,99.0,3.0,54000.0,6.178857,48.69504,3790.40404040404
2021-895331,2021-01-27,2021,77000.0,Appartement,65.0,3.0,54000.0,6.181427,48.680649,1184.6153846153845
2021-895332,2021-02-08,2021,165000.0,Appartement,82.0,3.0,54000.0,6.161335,48.686623,2012.1951219512196
2021-895336,2021-02-05,2021,45000.0,Appartement,33.0,1.0,54000.0,6.173787,48.701137,1363.6363636363637
2021-895342,2021-02-01,2021,400000.0,Appartement,124.0,2.0,54000.0,6.178443,48.697538,3225.8064516129034
2021-895343,2021-02-03,2021,159000.0,Appartement,64.0,4.0,54000.0,6.162544,48.687534,2484.375
2021-895344,2021-01-29,2021,288000.0,Maison,88.0,3.0,54000.0,6.181922,48.70193,3272.7272727272725
2021-895345,2021-02-04,2021,64700.0,Appartement,25.0,1.0,54000.0,6.183931,48.690449,2588.0
2021-895351,2021-02-09,2021,106000.0,Appartement,66.0,3.0,54000.0,6.18068,48.681556,1606.060606060606
2021-895352,2021-02-03,2021,296500.0,Maison,109.0,7.0,54000.0,6.168282,48.684534,2720.183486238532
2021-895354,2021-02-04,2021,95000.0,Appartement,58.0,3.0,54000.0,6.185557,48.687124,1637.9310344827586
2021-895356,2021-02-09,2021,79000.0,Appartement,43.0,2.0,54000.0,6.18128,48.70234,1837.2093023255813
2021-895360,2021-02-18,2021,112000.0,Appartement,47.0,2.0,54000.0,6.185228,48.679309,2382.978723404255
2021-895361,2021-02-11,2021,123000.0,Appartement,55.0,3.0,54000.0,6.16035,48.696236,2236.3636363636365
2021-895367,2021-02-11,2021,90000.0,Appartement,35.0,1.0,54000.0,6.179269,48.689175,2571.4285714285716
2021-895368,2021-02-12,2021,168000.0,Maison,75.0,3.0,54000.0,6.16219,48.699756,2240.0
2021-895370,2021-02-11,2021,113000.0,Appartement,50.0,2.0,54000.0,6.184881,48.690238,2260.0
2021-895375,2021-02-16,2021,112000.0,Appartement,46.0,3.0,54000.0,6.185559,48.690461,2434.782608695652
2021-895376,2021-01-27,2021,217000.0,Appartement,112.0,4.0,54000.0,6.166644,48.687182,1937.5
2021-895379,2021-02-10,2021,90000.0,Appartement,73.0,3.0,54000.0,6.172506,48.684442,1232.876712328767
2021-895386,2021-01-26,2021,120000.0,Appartement,83.0,4.0,54000.0,6.175638,48.675925,1445.7831325301204
2021-895405,2021-02-04,2021,579500.0,Appartement,234.0,7.0,54000.0,6.177723,48.694684,2476.4957264957266
2021-895407,2021-01-29,2021,207900.0,Appartement,57.0,3.0,54000.0,6.190112,48.69401,3647.3684210526317
2021-895411,2021-02-01,2021,87400.0,Appartement,35.0,1.0,54000.0,6.16818,48.685354,2497.1428571428573
2021-895413,2021-02-02,2021,334000.0,Appartement,185.0,6.0,54000.0,6.166749,48.69726,1805.4054054054054
2021-895417,2021-02-15,2021,130000.0,Appartement,73.0,3.0,54000.0,6.173344,48.68305,1780.8219178082193
2021-895419,2021-02-19,2021,293000.0,Appartement,128.0,5.0,54000.0,6.184142,48.692116,2289.0625
2021-895428,2021-02-16,2021,570000.0,Appartement,259.0,9.0,54000.0,6.187472,48.694612,2200.772200772201
2021-895435,2021-02-15,2021,135700.0,Appartement,82.0,3.0,54000.0,6.191696,48.688722,1654.878048780488
2021-895436,2021-01-29,2021,100000.0,Maison,75.0,4.0,54000.0,6.164216,48.691714,1333.3333333333333
2021-895440,2021-02-15,2021,230850.0,Appartement,95.0,3.0,54000.0,6.178569,48.698678,2430.0
2021-895442,2021-02-15,2021,124000.0,Appartement,52.0,2.0,54000.0,6.180364,48.701173,2384.6153846153848
2021-895443,2021-02-17,2021,110000.0,Appartement,70.0,4.0,54000.0,6.165138,48.699354,1571.4285714285713
2021-895444,2021-02-19,2021,81250.0,Appartement,39.0,1.0,54000.0,6.185519,48.684065,2083.3333333333335
2021-895450,2021-02-15,2021,156500.0,Appartement,88.0,4.0,54000.0,6.187193,48.677363,1778.409090909091
2021-895451,2021-02-11,2021,217000.0,Maison,95.0,4.0,54000.0,6.145428,48.696233,2284.2105263157896
2021-895452,2021-02-15,2021,195000.0,Appartement,40.0,1.0,54000.0,6.185268,48.690387,4875.0
2021-895453,2021-02-10,2021,180000.0,Appartement,90.0,5.0,54000.0,6.169651,48.694474,2000.0
2021-895456,2021-02-01,2021,67800.0,Appartement,43.0,2.0,54000.0,6.179992,48.702732,1576.7441860465117
2021-895457,2021-02-02,2021,65000.0,Appartement,42.0,2.0,54000.0,6.198774,48.678259,1547.6190476190477
2021-895458,2021-02-04,2021,182000.0,Appartement,72.0,3.0,54000.0,6.200101,48.699314,2527.777777777778
2021-895468,2021-02-03,2021,124640.0,Maison,90.0,4.0,54000.0,6.195566,48.67825,1384.888888888889
2021-895473,2021-02-15,2021,175750.0,Maison,67.0,5.0,54000.0,6.139148,48.691727,2623.134328358209
2021-895475,2021-02-18,2021,86500.0,Appartement,48.0,2.0,54000.0,6.168243,48.697225,1802.0833333333333
2021-895476,2021-02-15,2021,107000.0,Appartement,62.0,3.0,54000.0,6.194044,48.690495,1725.8064516129032
2021-895482,2021-02-04,2021,86500.0,Appartement,41.0,2.0,54000.0,6.192652,48.698882,2109.756097560976
2021-895497,2021-02-05,2021,183000.0,Appartement,34.0,1.0,54000.0,6.170909,48.701311,5382.35294117647
2021-895499,2021-02-03,2021,121300.0,Appartement,63.0,3.0,54000.0,6.180622,48.702258,1925.3968253968253
2021-895503,2021-02-19,2021,52000.0,Appartement,25.0,1.0,54000.0,6.196348,48.68387,2080.0
2021-895506,2021-02-15,2021,106350.0,Appartement,44.0,2.0,54000.0,6.167274,48.695337,2417.0454545454545
2021-895510,2021-01-23,2021,45000.0,Appartement,32.0,1.0,54000.0,6.190111,48.682944,1406.25
2021-895514,2021-02-04,2021,85000.0,Appartement,36.0,1.0,54000.0,6.179564,48.694656,2361.1111111111113
2021-895519,2021-02-17,2021,95000.0,Appartement,68.0,3.0,54000.0,6.163659,48.682094,1397.0588235294117
2021-895522,2021-02-09,2021,96000.0,Appartement,46.0,2.0,54000.0,6.165777,48.700006,2086.9565217391305
2021-895525,2021-02-05,2021,80000.0,Appartement,39.0,2.0,54000.0,6.189259,48.688227,2051.2820512820513
2021-895527,2021-02-08,2021,122000.0,Appartement,58.0,2.0,54000.0,6.185228,48.679309,2103.448275862069
2021-895529,2021-01-29,2021,120650.0,Maison,70.0,5.0,54100.0,6.156137,48.703641,1723.5714285714287
2021-895535,2021-02-11,2021,355780.0,Appartement,115.0,4.0,54000.0,6.178733,48.692327,3093.7391304347825
2021-895538,2021-02-16,2021,78500.0,Appartement,35.0,1.0,54000.0,6.161448,48.683616,2242.8571428571427
2021-895545,2021-01-29,2021,149000.0,Appartement,70.0,3.0,54000.0,6.167939,48.689465,2128.5714285714284
2021-895556,2021-02-19,2021,142000.0,Appartement,62.0,3.0,54000.0,6.174116,48.677701,2290.3225806451615
2021-895561,2021-02-05,2021,205000.0,Appartement,91.0,4.0,54000.0,6.189892,48.691189,2252.747252747253
2021-895562,2021-02-18,2021,96000.0,Appartement,50.0,2.0,54000.0,6.180062,48.706566,1920.0
2021-895566,2021-02-03,2021,70000.0,Appartement,25.0,1.0,54000.0,6.185584,48.680482,2800.0
2021-895575,2021-02-04,2021,287384.8,Appartement,46.0,2.0,54000.0,6.174861,48.698448,6247.495652173913
2021-895580,2021-02-04,2021,155000.0,Appartement,58.0,3.0,54000.0,6.177244,48.684536,2672.4137931034484
2021-895584,2021-02-19,2021,130382.0,Appartement,49.0,2.0,54000.0,6.197236,48.698267,2660.8571428571427
2021-895602,2021-02-19,2021,70500.0,Appartement,44.0,3.0,54000.0,6.139409,48.692351,1602.2727272727273
2021-895604,2021-02-17,2021,98900.0,Appartement,53.0,3.0,54000.0,6.142502,48.693498,1866.0377358490566
2021-895607,2021-02-25,2021,1200000.0,Appartement,151.0,4.0,54000.0,6.188179,48.691379,7947.019867549669
2021-895614,2021-02-15,2021,101000.0,Appartement,67.0,3.0,54000.0,6.195075,48.697317,1507.4626865671642
2021-895633,2021-02-24,2021,81430.0,Appartement,38.0,1.0,54000.0,6.196489,48.67866,2142.8947368421054
2021-895635,2021-02-09,2021,101750.0,Appartement,67.0,4.0,54000.0,6.1488,48.691485,1518.6567164179105
2021-895636,2021-02-10,2021,22000.0,Appartement,22.0,1.0,54000.0,6.16818,48.687006,1000.0
2021-895641,2021-02-26,2021,223584.9,Appartement,93.0,4.0,54000.0,6.195532,48.694835,2404.1387096774192
2021-895644,2021-02-15,2021,237900.0,Appartement,94.0,3.0,54000.0,6.167619,48.687894,2530.851063829787
2021-895649,2021-02-24,2021,233500.0,Maison,80.0,4.0,54000.0,6.145298,48.696234,2918.75
2021-895650,2021-02-25,2021,109250.0,Appartement,66.0,3.0,54000.0,6.164151,48.703724,1655.3030303030303
2021-895653,2021-02-24,2021,250000.0,Appartement,148.0,5.0,54000.0,6.169141,48.686312,1689.1891891891892
2021-895657,2021-02-11,2021,149000.0,Appartement,78.0,4.0,54000.0,6.165777,48.700006,1910.2564102564102
2021-895684,2021-02-08,2021,109250.0,Appartement,48.0,2.0,54000.0,6.180034,48.687951,2276.0416666666665
2021-895686,2021-02-18,2021,110000.0,Appartement,85.0,4.0,54000.0,6.153475,48.690674,1294.1176470588234
2021-895687,2021-02-08,2021,33250.0,Appartement,20.0,1.0,54000.0,6.162146,48.688649,1662.5
2021-895688,2021-02-12,2021,168000.0,Appartement,80.0,3.0,54000.0,6.178781,48.705936,2100.0
2021-895691,2021-02-22,2021,90000.0,Appartement,20.0,1.0,54000.0,6.179269,48.689175,4500.0
2021-895693,2021-02-12,2021,38000.0,Appartement,15.0,1.0,54000.0,6.174069,48.700598,2533.3333333333335
2021-895697,2021-03-02,2021,260270.0,Maison,101.0,4.0,54000.0,6.17093,48.704877,2576.930693069307
2021-895698,2021-02-26,2021,88605.0,Appartement,79.0,4.0,54000.0,6.190472,48.692766,1121.5822784810127
2021-895701,2021-02-17,2021,287000.0,Appartement,101.0,3.0,54000.0,6.168305,48.70396,2841.5841584158416
2021-895706,2021-02-12,2021,181000.0,Appartement,81.0,3.0,54000.0,6.185504,48.700861,2234.567901234568
2021-895726,2021-02-18,2021,108000.0,Appartement,78.0,4.0,54000.0,6.194958,48.686779,1384.6153846153845
2021-895730,2021-03-01,2021,154000.0,Appartement,61.0,3.0,54000.0,6.176693,48.68015,2524.590163934426
2021-895733,2021-02-08,2021,70000.0,Appartement,27.0,2.0,54000.0,6.178404,48.697808,2592.5925925925926
2021-895734,2021-02-04,2021,336500.0,Appartement,130.0,4.0,54000.0,6.175217,48.694426,2588.4615384615386
2021-895736,2021-02-10,2021,76900.0,Appartement,46.0,2.0,54000.0,6.169389,48.703308,1671.7391304347825
2021-895754,2021-03-02,2021,121545.0,Appartement,47.0,2.0,54000.0,6.181428,48.687036,2586.063829787234
2021-895755,2021-03-02,2021,182400.0,Appartement,63.0,3.0,54000.0,6.189331,48.689188,2895.2380952380954
2021-895773,2021-02-23,2021,192000.0,Appartement,104.0,6.0,54000.0,6.172889,48.676369,1846.1538461538462
2021-895777,2021-02-05,2021,157400.0,Appartement,83.0,3.0,54000.0,6.180553,48.674472,1896.3855421686746
2021-895790,2021-03-02,2021,135000.0,Appartement,70.0,3.0,54000.0,6.191025,48.687512,1928.5714285714287
2021-895797,2021-03-03,2021,205000.0,Maison,90.0,4.0,54000.0,6.178096,48.685327,2277.777777777778
2021-895799,2021-02-22,2021,113000.0,Maison,56.0,4.0,54000.0,6.166179,48.691115,2017.857142857143
2021-895805,2021-02-12,2021,63000.0,Appartement,72.0,4.0,54000.0,6.161941,48.692737,875.0
2021-895808,2021-02-17,2021,135000.0,Maison,76.0,5.0,54000.0,6.164619,48.670593,1776.3157894736842
2021-895821,2021-02-22,2021,175000.0,Maison,70.0,2.0,54000.0,,,2500.0
2021-895851,2021-02-26,2021,109300.0,Appartement,53.0,2.0,54000.0,6.181428,48.687036,2062.264150943396
2021-895857,2021-02-19,2021,300000.0,Appartement,88.0,4.0,54000.0,6.182379,48.684821,3409.090909090909
2021-895862,2021-02-24,2021,84250.0,Appartement,28.0,2.0,54000.0,6.177004,48.682349,3008.9285714285716
2021-895863,2021-03-02,2021,85500.0,Appartement,49.0,2.0,54000.0,6.185409,48.68003,1744.8979591836735
2021-895869,2021-02-19,2021,1200000.0,Appartement,148.0,5.0,54000.0,6.169253,48.689698,8108.108108108108
2021-895874,2021-02-26,2021,66000.0,Appartement,28.0,1.0,54000.0,6.183777,48.688178,2357.1428571428573
2021-895882,2021-02-26,2021,77000.0,Appartement,35.0,1.0,54000.0,6.183798,48.690226,2200.0
2021-895886,2021-02-23,2021,83500.0,Appartement,39.0,2.0,54000.0,6.180973,48.6841,2141.025641025641
2021-895895,2021-02-24,2021,72000.0,Appartement,43.0,2.0,54000.0,6.169802,48.694516,1674.4186046511627
2021-895900,2021-02-26,2021,240000.0,Appartement,81.0,4.0,54000.0,6.162094,48.697793,2962.962962962963
2021-895906,2021-02-26,2021,225000.0,Maison,85.0,5.0,54000.0,6.146828,48.693444,2647.0588235294117
2021-895910,2021-02-11,2021,149000.0,Appartement,68.0,4.0,54000.0,6.170934,48.671006,2191.176470588235
2021-895911,2021-02-18,2021,296000.0,Appartement,145.0,4.0,54000.0,6.166878,48.685382,2041.3793103448277
2021-895914,2021-02-17,2021,104500.0,Appartement,46.0,2.0,54000.0,6.1951,48.681512,2271.7391304347825
2021-895917,2021-02-12,2021,57500.0,Appartement,32.0,1.0,54000.0,6.198264,48.697442,1796.875
2021-895920,2021-02-19,2021,80000.0,Appartement,31.0,1.0,54000.0,6.177869,48.697333,2580.6451612903224
2021-895926,2021-02-19,2021,204907.4,Appartement,78.0,4.0,54000.0,6.168759,48.682023,2627.0179487179485
2021-895937,2021-03-10,2021,115500.0,Appartement,47.0,2.0,54000.0,6.174116,48.677701,2457.446808510638
2021-895939,2021-03-01,2021,112000.0,Appartement,49.0,2.0,54000.0,6.166183,48.686916,2285.714285714286
2021-895942,2021-02-19,2021,238000.0,Appartement,25.0,1.0,54000.0,6.169399,48.688292,9520.0
2021-895956,2021-03-09,2021,103000.0,Appartement,58.0,2.0,54000.0,6.171086,48.669837,1775.8620689655172
2021-895961,2021-03-11,2021,120000.0,Appartement,48.0,2.0,54000.0,6.166868,48.688156,2500.0
2021-895963,2021-02-22,2021,155050.0,Appartement,75.0,3.0,54000.0,6.190472,48.692766,2067.3333333333335
2021-895967,2021-03-09,2021,256500.0,Appartement,115.0,4.0,54000.0,6.169449,48.695976,2230.4347826086955
2021-895973,2021-03-03,2021,63000.0,Appartement,23.0,1.0,54000.0,6.145376,48.692202,2739.1304347826085
2021-895974,2021-02-26,2021,50000.0,Appartement,19.0,2.0,54000.0,6.183924,48.682589,2631.5789473684213
2021-895975,2021-03-10,2021,741000.0,Appartement,100.0,4.0,54000.0,6.179954,48.694064,7410.0
2021-895980,2021-02-19,2021,206400.0,Appartement,73.0,4.0,54000.0,6.163545,48.686553,2827.3972602739727
2021-895997,2021-02-19,2021,150000.0,Appartement,61.0,2.0,54000.0,6.151272,48.694788,2459.0163934426228
2021-895998,2021-03-09,2021,180000.0,Maison,120.0,5.0,54000.0,6.197991,48.677704,1500.0
2021-896006,2021-02-24,2021,190000.0,Maison,116.0,7.0,54000.0,6.18273,48.675249,1637.9310344827586
2021-896012,2021-02-26,2021,59700.0,Appartement,29.0,1.0,54000.0,6.168659,48.68255,2058.6206896551726
2021-896024,2021-02-26,2021,65000.0,Appartement,31.0,1.0,54000.0,6.173782,48.701992,2096.7741935483873
2021-896030,2021-02-26,2021,235000.0,Appartement,80.0,4.0,54000.0,6.170227,48.681987,2937.5
2021-896031,2021-02-26,2021,93847.0,Appartement,49.0,3.0,54000.0,6.191562,48.688157,1915.2448979591836
2021-896038,2021-03-12,2021,96000.0,Appartement,49.0,2.0,54000.0,6.185409,48.68003,1959.1836734693877
2021-896040,2021-02-25,2021,99000.0,Appartement,61.0,3.0,54000.0,6.161941,48.692737,1622.950819672131
2021-896054,2021-02-18,2021,403000.0,Maison,152.0,5.0,54000.0,6.191174,48.679566,2651.315789473684
2021-896056,2021-02-18,2021,155000.0,Appartement,114.0,5.0,54000.0,6.1951,48.681512,1359.6491228070176
2021-896060,2021-03-12,2021,370000.0,Maison,150.0,6.0,54000.0,6.169851,48.703719,2466.6666666666665
2021-896069,2021-03-09,2021,70000.0,Maison,78.0,3.0,54000.0,6.190736,48.686731,897.4358974358975
2021-896070,2021-03-03,2021,52000.0,Appartement,18.0,1.0,54000.0,6.188382,48.684669,2888.8888888888887
2021-896074,2021-02-19,2021,144200.0,Appartement,59.0,2.0,54000.0,6.182491,48.700015,2444.0677966101694
2021-896080,2021-03-12,2021,230250.0,Appartement,92.0,5.0,54000.0,6.198563,48.692884,2502.717391304348
2021-896081,2021-03-01,2021,115000.0,Appartement,62.0,3.0,54000.0,6.196935,48.694688,1854.8387096774193
2021-896084,2021-03-08,2021,246000.0,Appartement,137.0,5.0,54000.0,6.174352,48.698796,1795.6204379562043
2021-896091,2021-03-04,2021,145400.0,Appartement,60.0,2.0,54000.0,6.174991,48.680245,2423.3333333333335
2021-896092,2021-02-23,2021,111000.0,Appartement,60.0,3.0,54000.0,6.171333,48.683895,1850.0
2021-896094,2021-02-24,2021,68000.0,Appartement,28.0,1.0,54000.0,6.181428,48.687036,2428.5714285714284
2021-896097,2021-02-25,2021,149000.0,Appartement,81.0,4.0,54000.0,6.173686,48.677579,1839.5061728395062
2021-896098,2021-02-26,2021,114900.0,Appartement,51.0,2.0,54000.0,6.170922,48.698058,2252.9411764705883
2021-896099,2021-03-08,2021,328700.0,Appartement,118.0,4.0,54000.0,6.166832,48.688708,2785.593220338983
2021-896100,2021-02-25,2021,264100.0,Appartement,84.0,3.0,54000.0,6.189288,48.69055,3144.0476190476193
2021-896101,2021-03-03,2021,229000.0,Appartement,25.0,1.0,54000.0,6.169399,48.688292,9160.0
2021-896104,2021-02-26,2021,80000.0,Appartement,42.0,2.0,54000.0,6.198774,48.678259,1904.7619047619048
2021-896109,2021-03-04,2021,690000.0,Appartement,55.0,3.0,54000.0,6.170661,48.702506,12545.454545454546
2021-896115,2021-03-03,2021,312979.0,Appartement,115.0,5.0,54000.0,6.158968,48.685858,2721.5565217391304
2021-896116,2021-02-19,2021,64410.0,Appartement,27.0,1.0,54000.0,6.188737,48.690096,2385.5555555555557
2021-896120,2021-03-04,2021,306000.0,Maison,93.0,5.0,54000.0,6.182531,48.676127,3290.3225806451615
2021-896123,2021-03-15,2021,197000.0,Maison,73.0,4.0,54000.0,6.196784,48.682645,2698.6301369863013
2021-896124,2021-02-24,2021,198000.0,Appartement,93.0,4.0,54000.0,6.189892,48.691189,2129.032258064516
2021-896130,2021-03-10,2021,149856.94,Appartement,67.0,3.0,54000.0,6.168882,48.669267,2236.670746268657
2021-896133,2021-03-04,2021,93847.0,Appartement,55.0,3.0,54000.0,6.191562,48.688157,1706.3090909090909
2021-896141,2021-03-15,2021,125000.0,Appartement,66.0,3.0,54000.0,6.1692,48.68406,1893.939393939394
2021-896144,2021-03-08,2021,82000.0,Appartement,52.0,3.0,54000.0,6.139703,48.692985,1576.923076923077
2021-896147,2021-03-10,2021,54500.0,Appartement,30.0,2.0,54000.0,6.189148,48.683586,1816.6666666666667
2021-896149,2021-03-17,2021,118000.0,Appartement,54.0,2.0,54000.0,6.174004,48.67746,2185.185185185185
2021-896150,2021-03-02,2021,123000.0,Appartement,76.0,4.0,54000.0,6.17489,48.703687,1618.421052631579
2021-896154,2021-03-01,2021,57000.0,Appartement,25.0,2.0,54000.0,6.184299,48.676777,2280.0
2021-896157,2021-02-24,2021,120000.0,Appartement,68.0,4.0,54000.0,6.172489,48.674344,1764.7058823529412
2021-896158,2021-03-05,2021,76000.0,Appartement,31.0,1.0,54000.0,6.182141,48.676146,2451.6129032258063
2021-896159,2021-02-25,2021,65000.0,Appartement,66.0,3.0,54000.0,6.164995,48.668193,984.8484848484849
2021-896164,2021-03-08,2021,244000.0,Appartement,77.0,3.0,54000.0,6.171897,48.699145,3168.8311688311687
2021-896166,2021-03-09,2021,90000.0,Appartement,47.0,2.0,54000.0,6.161448,48.683616,1914.8936170212767
2021-896167,2021-03-08,2021,93990.0,Appartement,44.0,3.0,54000.0,6.172542,48.699444,2136.1363636363635
2021-896171,2021-02-22,2021,92150.0,Appartement,47.0,2.0,54000.0,6.179727,48.683306,1960.6382978723404
2021-896178,2021-02-26,2021,176400.0,Appartement,59.0,3.0,54000.0,6.199255,48.692269,2989.830508474576
2021-896179,2021-02-26,2021,147600.0,Appartement,41.0,2.0,54000.0,6.199255,48.692269,3600.0
2021-896180,2021-02-26,2021,127800.0,Appartement,40.0,2.0,54000.0,6.199255,48.692269,3195.0
2021-896185,2021-03-01,2021,146700.0,Appartement,61.0,2.0,54000.0,6.189724,48.697071,2404.9180327868853
2021-896186,2021-03-01,2021,85000.0,Appartement,59.0,3.0,54000.0,6.180598,48.693907,1440.677966101695
2021-896187,2021-03-05,2021,70200.0,Appartement,87.0,4.0,54000.0,6.180247,48.686793,806.8965517241379
2021-896188,2021-03-02,2021,60000.0,Appartement,53.0,3.0,54000.0,6.18922,48.687821,1132.0754716981132
2021-896189,2021-03-16,2021,50000.0,Appartement,20.0,1.0,54000.0,6.194026,48.694574,2500.0
2021-896190,2021-03-11,2021,130000.0,Appartement,59.0,2.0,54000.0,6.173553,48.695588,2203.3898305084745
2021-896192,2021-03-08,2021,158650.0,Appartement,59.0,3.0,54000.0,6.18922,48.687821,2688.9830508474574
2021-896202,2021-03-12,2021,85000.0,Appartement,17.0,1.0,54000.0,6.180286,48.694461,5000.0
2021-896204,2021-03-15,2021,228000.0,Maison,80.0,3.0,54000.0,6.201152,48.684906,2850.0
2021-896205,2021-03-12,2021,190000.0,Appartement,106.0,3.0,54000.0,6.167702,48.689022,1792.4528301886792
2021-896206,2021-03-11,2021,107500.0,Appartement,50.0,2.0,54000.0,6.180034,48.687951,2150.0
2021-896220,2021-03-02,2021,148000.0,Appartement,66.0,3.0,54000.0,6.163998,48.682543,2242.4242424242425
2021-896226,2021-03-19,2021,70000.0,Appartement,62.0,3.0,54000.0,6.179972,48.682898,1129.032258064516
2021-896230,2021-03-09,2021,167850.0,Appartement,60.0,4.0,54000.0,6.176014,48.672616,2797.5
2021-896233,2021-03-04,2021,300000.0,Maison,120.0,4.0,54000.0,6.179129,48.703094,2500.0
2021-896234,2021-02-26,2021,95000.0,Appartement,50.0,2.0,54000.0,6.17768,48.679427,1900.0
2021-896240,2021-03-17,2021,169950.0,Appartement,75.0,3.0,54000.0,6.146791,48.695624,2266.0
2021-896243,2021-03-08,2021,310000.0,Appartement,65.0,3.0,54000.0,6.171671,48.682871,4769.2307692307695
2021-896245,2021-03-09,2021,158950.0,Appartement,88.0,3.0,54000.0,6.165785,48.687077,1806.25
2021-896249,2021-03-08,2021,243000.0,Appartement,99.0,4.0,54000.0,6.167878,48.700289,2454.5454545454545
2021-896251,2021-03-15,2021,161620.0,Appartement,61.0,2.0,54000.0,6.196976,48.681397,2649.5081967213114
2021-896255,2021-03-17,2021,40000.0,Appartement,11.0,2.0,54000.0,6.180469,48.691207,3636.3636363636365
2021-896256,2021-03-08,2021,138000.0,Appartement,72.0,3.0,54000.0,6.162692,48.694747,1916.6666666666667
2021-896257,2021-03-10,2021,543100.0,Appartement,180.0,4.0,54000.0,6.17688,48.698167,3017.222222222222
2021-896258,2021-02-24,2021,80000.0,Appartement,45.0,2.0,54000.0,6.172507,48.690465,1777.7777777777778
2021-896265,2021-03-11,2021,86000.0,Appartement,34.0,2.0,54000.0,6.194058,48.678486,2529.4117647058824
2021-896280,2021-03-22,2021,76050.0,Appartement,62.0,3.0,54000.0,6.165251,48.667889,1226.6129032258063
2021-896281,2021-03-01,2021,123000.0,Appartement,47.0,3.0,54000.0,6.174922,48.70358,2617.021276595745
2021-896291,2021-03-16,2021,358400.0,Appartement,132.0,5.0,54000.0,6.176777,48.698685,2715.151515151515
2021-896292,2021-03-18,2021,116000.0,Appartement,54.0,2.0,54000.0,6.173917,48.701632,2148.1481481481483
2021-896294,2021-03-17,2021,68000.0,Appartement,42.0,2.0,54000.0,6.178022,48.683682,1619.047619047619
2021-896296,2021-02-26,2021,104500.0,Appartement,46.0,2.0,54000.0,6.186963,48.683864,2271.7391304347825
2021-896301,2021-03-18,2021,400000.0,Appartement,64.0,3.0,54000.0,6.17751,48.695885,6250.0
2021-896305,2021-02-22,2021,415000.0,Maison,155.0,4.0,54000.0,,,2677.4193548387098
2021-896307,2021-03-23,2021,189500.0,Appartement,65.0,3.0,54000.0,6.197236,48.698267,2915.3846153846152
2021-896309,2021-03-05,2021,72000.0,Appartement,31.0,1.0,54000.0,6.194318,48.677892,2322.5806451612902
2021-896317,2021-03-05,2021,128000.0,Appartement,66.0,3.0,54000.0,6.171086,48.669837,1939.3939393939395
2021-896318,2021-03-05,2021,82000.0,Appartement,31.0,1.0,54000.0,6.172631,48.685992,2645.1612903225805
2021-896320,2021-03-24,2021,86000.0,Appartement,31.0,2.0,54000.0,6.172489,48.674344,2774.1935483870966
2021-896323,2021-03-11,2021,115000.0,Appartement,54.0,3.0,54000.0,6.163303,48.685055,2129.6296296296296
2021-896326,2021-03-12,2021,140000.0,Maison,74.0,4.0,54100.0,6.13917,48.700272,1891.8918918918919
2021-896327,2021-03-18,2021,275000.0,Maison,94.0,4.0,54000.0,6.146,48.696349,2925.531914893617
2021-896328,2021-03-24,2021,160000.0,Appartement,62.0,2.0,54000.0,6.185603,48.689335,2580.6451612903224
2021-896333,2021-03-19,2021,71000.0,Appartement,27.0,1.0,54000.0,6.19175,48.686395,2629.6296296296296
2021-896334,2021-03-19,2021,536750.0,Appartement,205.0,7.0,54000.0,6.187521,48.694226,2618.2926829268295
2021-896338,2021-03-22,2021,70000.0,Appartement,38.0,2.0,54000.0,6.198025,48.680738,1842.1052631578948
2021-896347,2021-03-01,2021,97000.0,Appartement,48.0,3.0,54000.0,6.181744,48.67575,2020.8333333333333
2021-896350,2021-03-11,2021,143600.0,Appartement,43.0,2.0,54000.0,6.175226,48.680261,3339.5348837209303
2021-896354,2021-03-12,2021,150000.0,Appartement,69.0,4.0,54000.0,6.181428,48.687036,2173.913043478261
2021-896363,2021-03-11,2021,273350.0,Appartement,172.0,6.0,54000.0,6.170553,48.695535,1589.2441860465117
2021-896366,2021-03-19,2021,113000.0,Appartement,55.0,2.0,54000.0,6.181511,48.675893,2054.5454545454545
2021-896369,2021-03-26,2021,85000.0,Appartement,50.0,2.0,54000.0,6.180034,48.687951,1700.0
2021-896372,2021-03-23,2021,53000.0,Appartement,19.0,1.0,54000.0,6.194026,48.694574,2789.4736842105262
2021-896373,2021-03-17,2021,78000.0,Appartement,35.0,2.0,54000.0,6.196614,48.698909,2228.5714285714284
2021-896381,2021-03-19,2021,75000.0,Appartement,50.0,3.0,54000.0,6.173052,48.683228,1500.0
2021-896383,2021-02-11,2021,50000.0,Appartement,17.0,1.0,54000.0,6.176988,48.676916,2941.176470588235
2021-896386,2021-03-12,2021,65000.0,Appartement,48.0,2.0,54000.0,6.163998,48.682543,1354.1666666666667
2021-896387,2021-03-26,2021,113800.0,Appartement,68.0,3.0,54000.0,6.163376,48.682369,1673.5294117647059
2021-896396,2021-03-23,2021,57210.0,Appartement,20.0,1.0,54000.0,6.180512,48.682182,2860.5
2021-896398,2021-03-19,2021,109000.0,Appartement,58.0,3.0,54000.0,6.16628,48.70217,1879.3103448275863
2021-896399,2021-03-23,2021,121000.0,Appartement,76.0,3.0,54000.0,6.170191,48.704318,1592.1052631578948
2021-896401,2021-03-26,2021,142000.0,Appartement,102.0,5.0,54000.0,6.150064,48.691307,1392.1568627450981
2021-896407,2021-03-10,2021,110600.0,Appartement,63.0,2.0,54000.0,6.179992,48.702732,1755.5555555555557
2021-896409,2021-03-18,2021,170050.0,Appartement,56.0,3.0,54000.0,6.17463,48.683838,3036.6071428571427
2021-896411,2021-03-24,2021,75750.0,Appartement,30.0,1.0,54000.0,6.167687,48.6985,2525.0
2021-896413,2021-03-17,2021,150000.0,Maison,73.0,3.0,54000.0,6.177016,48.70708,2054.794520547945
2021-896418,2021-03-10,2021,211500.0,Appartement,120.0,5.0,54000.0,6.162692,48.694747,1762.5
2021-896421,2021-03-08,2021,122000.0,Appartement,50.0,2.0,54000.0,6.194359,48.678263,2440.0
2021-896426,2021-03-10,2021,59000.0,Appartement,27.0,1.0,54000.0,6.165777,48.700006,2185.185185185185
2021-896427,2021-03-05,2021,312000.0,Appartement,156.0,4.0,54000.0,6.178443,48.697538,2000.0
2021-896428,2021-03-25,2021,210000.0,Appartement,76.0,3.0,54000.0,6.197383,48.684941,2763.157894736842
2021-896432,2021-03-16,2021,54000.0,Appartement,22.0,1.0,54000.0,6.187697,48.689882,2454.5454545454545
2021-896444,2021-03-29,2021,75000.0,Appartement,41.0,2.0,54000.0,6.191414,48.698972,1829.2682926829268
2021-896455,2021-03-25,2021,340000.0,Appartement,22.0,1.0,54000.0,6.198131,48.697575,15454.545454545454
2021-896458,2021-03-03,2021,150000.0,Appartement,60.0,2.0,54000.0,6.181389,48.701793,2500.0
2021-896465,2021-03-12,2021,89000.0,Appartement,72.0,3.0,54000.0,6.168844,48.669679,1236.111111111111
2021-896466,2021-03-24,2021,84000.0,Appartement,36.0,2.0,54000.0,6.19121,48.686081,2333.3333333333335
2021-896470,2021-03-26,2021,171000.0,Appartement,74.0,2.0,54000.0,6.184213,48.687183,2310.810810810811
2021-896471,2021-03-24,2021,218000.0,Appartement,27.0,2.0,54000.0,,,8074.074074074074
2021-896472,2021-03-08,2021,241300.0,Maison,71.0,4.0,54000.0,6.167883,48.671218,3398.5915492957747
2021-896475,2021-03-03,2021,215000.0,Appartement,63.0,3.0,54000.0,6.197646,48.676219,3412.6984126984125
2021-896476,2021-03-25,2021,85000.0,Appartement,38.0,2.0,54000.0,6.160561,48.690477,2236.842105263158
2021-896486,2021-03-25,2021,147500.0,Appartement,103.0,4.0,54000.0,6.196376,48.679024,1432.0388349514562
2021-896487,2021-03-31,2021,130000.0,Appartement,56.0,3.0,54000.0,6.194418,48.680196,2321.4285714285716
2021-896489,2021-03-18,2021,119900.0,Appartement,63.0,4.0,54000.0,6.191562,48.688157,1903.1746031746031
2021-896494,2021-03-25,2021,61750.0,Appartement,20.0,1.0,54000.0,6.165951,48.692658,3087.5
2021-896496,2021-03-19,2021,99000.0,Appartement,37.0,2.0,54000.0,6.179086,48.702249,2675.675675675676
2021-896498,2021-03-24,2021,56000.0,Appartement,66.0,4.0,54000.0,6.1488,48.691485,848.4848484848485
2021-896499,2021-03-26,2021,97200.0,Appartement,45.0,2.0,54000.0,6.190896,48.692456,2160.0
2021-896503,2021-03-29,2021,64000.0,Appartement,19.0,1.0,54000.0,6.196614,48.698909,3368.4210526315787
2021-896518,2021-03-15,2021,55000.0,Appartement,30.0,1.0,54000.0,6.180364,48.701173,1833.3333333333333
2021-896525,2021-03-11,2021,53800.0,Appartement,23.0,1.0,54000.0,6.167096,48.699082,2339.1304347826085
2021-896541,2021-04-01,2021,550000.0,Appartement,52.0,1.0,54000.0,6.182275,48.688164,10576.923076923076
2021-896546,2021-04-02,2021,67600.0,Appartement,34.0,1.0,54000.0,6.175249,48.67664,1988.235294117647
2021-896549,2021-03-22,2021,102000.0,Appartement,51.0,2.0,54000.0,6.17137,48.685813,2000.0
2021-896552,2021-04-02,2021,230000.0,Appartement,92.0,4.0,54000.0,6.177041,48.682777,2500.0
2021-896556,2021-03-25,2021,123845.0,Appartement,52.0,3.0,54000.0,6.192017,48.691748,2381.6346153846152
2021-896559,2021-03-24,2021,68000.0,Appartement,33.0,1.0,54000.0,6.167939,48.689465,2060.6060606060605
2021-896561,2021-03-30,2021,250000.0,Appartement,35.0,1.0,54000.0,6.186248,48.683204,7142.857142857143
2021-896565,2021-03-26,2021,158000.0,Appartement,79.0,4.0,54000.0,6.190472,48.692766,2000.0
2021-896570,2021-04-01,2021,652000.0,Appartement,58.0,1.0,54000.0,6.183559,48.692283,11241.379310344828
2021-896577,2021-03-30,2021,107689.0,Appartement,92.0,3.0,54000.0,6.1951,48.681512,1170.5326086956522
2021-896579,2021-03-26,2021,103800.0,Appartement,27.0,2.0,54000.0,6.193639,48.689362,3844.4444444444443
2021-896581,2021-04-01,2021,165000.0,Appartement,66.0,2.0,54000.0,6.178606,48.698384,2500.0
2021-896582,2021-04-02,2021,225000.0,Appartement,91.0,4.0,54000.0,6.168456,48.698412,2472.5274725274726
2021-896589,2021-03-25,2021,159900.0,Maison,54.0,3.0,54000.0,6.151757,48.697528,2961.1111111111113
2021-896594,2021-03-30,2021,230000.0,Maison,144.0,4.0,54000.0,6.178653,48.67868,1597.2222222222222
2021-896596,2021-03-31,2021,62000.0,Appartement,20.0,1.0,54000.0,6.192078,48.691633,3100.0
2021-896598,2021-03-26,2021,119900.0,Appartement,64.0,4.0,54000.0,6.191562,48.688157,1873.4375
2021-896599,2021-03-24,2021,169000.0,Appartement,112.0,5.0,54000.0,6.178957,48.701496,1508.9285714285713
2021-896601,2021-04-02,2021,56400.0,Appartement,23.0,2.0,54000.0,6.18471,48.700903,2452.1739130434785
2021-896602,2021-03-16,2021,86500.0,Appartement,43.0,2.0,54000.0,6.190896,48.692456,2011.6279069767443
2021-896605,2021-04-02,2021,130000.0,Appartement,58.0,4.0,54000.0,6.172489,48.674344,2241.3793103448274
2021-896635,2021-03-31,2021,148000.0,Appartement,91.0,4.0,54000.0,6.145249,48.693045,1626.3736263736264
2021-896638,2021-04-06,2021,77900.0,Appartement,44.0,2.0,54000.0,6.167247,48.691696,1770.4545454545455
2021-896642,2021-03-26,2021,121950.0,Appartement,39.0,2.0,54000.0,6.185532,48.69025,3126.923076923077
2021-896645,2021-03-29,2021,100000.0,Appartement,48.0,2.0,54000.0,6.174116,48.677701,2083.3333333333335
2021-896650,2021-03-20,2021,59350.0,Appartement,40.0,2.0,54000.0,6.164151,48.703724,1483.75
2021-896653,2021-03-30,2021,255000.0,Appartement,102.0,4.0,54000.0,6.191489,48.698577,2500.0
2021-896668,2021-03-15,2021,57675.0,Appartement,20.0,1.0,54000.0,6.180512,48.682182,2883.75
2021-896669,2021-04-02,2021,134000.0,Appartement,57.0,2.0,54000.0,6.177873,48.6806,2350.877192982456
2021-896670,2021-04-06,2021,156770.0,Appartement,68.0,3.0,54000.0,6.168506,48.686072,2305.4411764705883
2021-896672,2021-03-30,2021,115500.0,Appartement,45.0,2.0,54000.0,6.184536,48.690579,2566.6666666666665
2021-896674,2021-04-02,2021,45000.0,Appartement,17.0,1.0,54000.0,6.173202,48.6974,2647.0588235294117
2021-896682,2021-03-30,2021,115500.0,Appartement,83.0,4.0,54000.0,6.165719,48.674499,1391.566265060241
2021-896688,2021-03-30,2021,393650.0,Appartement,184.0,6.0,54000.0,6.185619,48.685993,2139.4021739130435
2021-896698,2021-03-25,2021,60000.0,Appartement,27.0,1.0,54000.0,6.172555,48.690051,2222.222222222222
2021-896710,2021-04-06,2021,86000.0,Appartement,28.0,2.0,54000.0,6.171799,48.683295,3071.4285714285716
2021-896714,2021-03-23,2021,175000.0,Appartement,97.0,4.0,54000.0,6.166523,48.698223,1804.1237113402062
2021-896715,2021-03-30,2021,130000.0,Appartement,62.0,3.0,54000.0,6.174665,48.702894,2096.7741935483873
2021-896725,2021-03-15,2021,323000.0,Maison,110.0,4.0,54000.0,6.166427,48.675839,2936.3636363636365
2021-896730,2021-03-18,2021,202000.0,Appartement,14.0,0.0,54000.0,6.187977,48.684141,14428.57142857143
2021-896749,2021-04-06,2021,80000.0,Appartement,33.0,1.0,54000.0,6.177869,48.697333,2424.242424242424
2021-896750,2021-04-02,2021,69000.0,Appartement,26.0,1.0,54000.0,6.177869,48.697333,2653.846153846154
2021-896753,2021-04-08,2021,153000.0,Appartement,114.0,4.0,54000.0,6.187628,48.688307,1342.1052631578948
2021-896757,2021-03-31,2021,295000.0,Appartement,174.0,6.0,54000.0,6.185032,48.689041,1695.4022988505747
2021-896766,2021-03-29,2021,192000.0,Appartement,83.0,4.0,54000.0,6.197646,48.676219,2313.253012048193
2021-896776,2021-04-12,2021,127000.0,Appartement,74.0,3.0,54000.0,6.166106,48.703407,1716.2162162162163
2021-896783,2021-03-30,2021,58000.0,Appartement,30.0,2.0,54000.0,6.194044,48.690495,1933.3333333333333
2021-896784,2021-04-08,2021,164000.0,Appartement,115.0,4.0,54000.0,6.181427,48.680649,1426.0869565217392
2021-896786,2021-04-09,2021,102000.0,Appartement,39.0,2.0,54000.0,6.174922,48.70358,2615.3846153846152
2021-896794,2021-04-06,2021,120000.0,Appartement,78.0,5.0,54000.0,6.161941,48.692737,1538.4615384615386
2021-896796,2021-03-18,2021,60000.0,Appartement,30.0,2.0,54000.0,6.180772,48.683644,2000.0
2021-896798,2021-03-22,2021,80750.0,Appartement,50.0,3.0,54000.0,6.1488,48.691485,1615.0
2021-896800,2021-03-22,2021,115000.0,Appartement,72.0,3.0,54000.0,6.17957,48.675973,1597.2222222222222
2021-896808,2021-04-15,2021,77280.0,Appartement,35.0,1.0,54000.0,6.186389,48.689681,2208.0
2021-896817,2021-04-12,2021,98500.0,Appartement,50.0,3.0,54000.0,6.171725,48.690593,1970.0
2021-896823,2021-04-12,2021,85600.0,Appartement,46.0,2.0,54000.0,6.194044,48.690495,1860.8695652173913
2021-896824,2021-04-12,2021,98800.0,Appartement,102.0,4.0,54000.0,6.173986,48.688168,968.6274509803922
2021-896832,2021-03-25,2021,54000.0,Appartement,22.0,2.0,54000.0,6.180131,48.683783,2454.5454545454545
2021-896834,2021-03-31,2021,168000.0,Appartement,83.0,4.0,54000.0,6.184856,48.686874,2024.0963855421687
2021-896836,2021-04-12,2021,117500.0,Appartement,75.0,3.0,54000.0,6.179705,48.675058,1566.6666666666667
2021-896843,2021-03-19,2021,117193.5,Appartement,39.0,2.0,54000.0,6.199255,48.692269,3004.9615384615386
2021-896844,2021-04-13,2021,304000.0,Appartement,100.0,4.0,54000.0,6.17824,48.69391,3040.0
2021-896845,2021-04-14,2021,213750.0,Appartement,107.0,3.0,54000.0,6.187977,48.684141,1997.6635514018692
2021-896846,2021-04-15,2021,225000.0,Appartement,98.0,4.0,54000.0,6.190043,48.696477,2295.918367346939
2021-896852,2021-03-24,2021,206250.0,Appartement,97.0,4.0,54000.0,6.167246,48.694755,2126.2886597938145
2021-896853,2021-03-31,2021,154000.0,Appartement,72.0,3.0,54000.0,6.185305,48.685949,2138.8888888888887
2021-896855,2021-03-29,2021,162500.0,Appartement,66.0,4.0,54000.0,6.191308,48.686154,2462.121212121212
2021-896858,2021-04-06,2021,187200.0,Appartement,66.0,3.0,54000.0,6.173686,48.677579,2836.3636363636365
2021-896860,2021-04-08,2021,70850.0,Appartement,31.0,1.0,54000.0,6.194359,48.678263,2285.483870967742
2021-896869,2021-03-31,2021,142330.0,Appartement,70.0,2.0,54000.0,6.191588,48.688442,2033.2857142857142
2021-896870,2021-03-31,2021,73200.0,Appartement,28.0,1.0,54000.0,6.196614,48.698909,2614.285714285714
2021-896877,2021-03-29,2021,250000.0,Appartement,192.0,6.0,54000.0,6.178443,48.697538,1302.0833333333333
2021-896886,2021-04-14,2021,700000.0,Appartement,180.0,6.0,54000.0,6.179643,48.692867,3888.8888888888887
2021-896893,2021-03-30,2021,141550.0,Appartement,88.0,4.0,54000.0,6.158365,48.696716,1608.5227272727273
2021-896894,2021-03-24,2021,396130.0,Appartement,46.0,3.0,54000.0,6.173924,48.679543,8611.521739130434
2021-896895,2021-03-30,2021,126500.0,Appartement,53.0,3.0,54000.0,6.168946,48.683048,2386.7924528301887
2021-896901,2021-04-14,2021,69350.0,Appartement,40.0,2.0,54000.0,6.190812,48.686231,1733.75
2021-896905,2021-04-14,2021,77500.0,Appartement,28.0,1.0,54000.0,6.187208,48.694539,2767.8571428571427
2021-896907,2021-04-13,2021,325900.0,Appartement,40.0,2.0,54000.0,6.191089,48.700389,8147.5
2021-896909,2021-04-14,2021,166500.0,Appartement,73.0,3.0,54000.0,6.168347,48.686567,2280.821917808219
2021-896916,2021-04-20,2021,100000.0,Appartement,50.0,2.0,54000.0,6.171494,48.683598,2000.0
2021-896923,2021-04-13,2021,190200.0,Appartement,80.0,5.0,54000.0,6.17012,48.67591,2377.5
2021-896924,2021-04-12,2021,124400.0,Appartement,68.0,3.0,54000.0,6.175249,48.67664,1829.4117647058824
2021-896927,2021-04-09,2021,110000.0,Appartement,48.0,2.0,54000.0,6.163998,48.682543,2291.6666666666665
2021-896934,2021-04-15,2021,136700.0,Appartement,57.0,2.0,54000.0,6.195532,48.694835,2398.245614035088
2021-896938,2021-03-25,2021,37200.0,Appartement,19.0,1.0,54000.0,6.179447,48.702447,1957.8947368421052
2021-896941,2021-04-07,2021,130050.0,Appartement,78.0,3.0,54000.0,6.160249,48.684336,1667.3076923076924
2021-896944,2021-03-26,2021,183000.0,Appartement,98.0,4.0,54000.0,6.168948,48.70147,1867.3469387755101
2021-896945,2021-04-12,2021,68000.0,Appartement,72.0,4.0,54000.0,6.161941,48.692737,944.4444444444445
2021-896950,2021-04-01,2021,63000.0,Appartement,55.0,3.0,54000.0,6.1488,48.691485,1145.4545454545455
2021-896953,2021-04-14,2021,256800.0,Maison,72.0,4.0,54000.0,6.175596,48.701184,3566.6666666666665
2021-896963,2021-04-16,2021,147850.0,Appartement,114.0,5.0,54000.0,6.177354,48.677382,1296.9298245614036
2021-896969,2021-04-07,2021,129000.0,Appartement,65.0,3.0,54000.0,6.174181,48.702971,1984.6153846153845
2021-896972,2021-03-29,2021,236750.0,Appartement,96.0,3.0,54000.0,6.188151,48.6885,2466.1458333333335
2021-896974,2021-04-15,2021,178480.0,Appartement,75.0,3.0,54000.0,6.185741,48.687124,2379.733333333333
2021-896977,2021-03-24,2021,80000.0,Appartement,45.0,3.0,54000.0,6.18239,48.688328,1777.7777777777778
2021-896978,2021-04-06,2021,338000.0,Appartement,33.0,2.0,54000.0,6.170202,48.689404,10242.424242424242
2021-896983,2021-04-19,2021,152000.0,Appartement,78.0,3.0,54000.0,6.160249,48.684336,1948.7179487179487
2021-896984,2021-04-19,2021,157100.0,Appartement,93.0,3.0,54000.0,6.18411,48.689907,1689.247311827957
2021-896985,2021-04-19,2021,232500.0,Appartement,75.0,3.0,54000.0,6.173499,48.682312,3100.0
2021-896986,2021-04-06,2021,182750.0,Appartement,89.0,3.0,54000.0,6.195532,48.694835,2053.370786516854
2021-896992,2021-04-12,2021,114000.0,Appartement,66.0,4.0,54000.0,6.1488,48.691485,1727.2727272727273
2021-896993,2021-04-16,2021,101000.0,Appartement,66.0,3.0,54000.0,6.164151,48.703724,1530.3030303030303
2021-896997,2021-03-31,2021,44650.0,Appartement,23.0,1.0,54000.0,6.167096,48.699082,1941.304347826087
2021-897002,2021-04-07,2021,187700.0,Appartement,40.0,2.0,54000.0,6.184801,48.688504,4692.5
2021-897006,2021-04-01,2021,50000.0,Appartement,27.0,1.0,54000.0,6.183988,48.68795,1851.851851851852
2021-897010,2021-04-07,2021,128020.0,Appartement,72.0,4.0,54000.0,6.170787,48.691,1778.0555555555557
2021-897012,2021-04-22,2021,90000.0,Appartement,47.0,2.0,54000.0,6.17983,48.704407,1914.8936170212767
2021-897018,2021-04-20,2021,78000.0,Appartement,32.0,1.0,54000.0,6.194044,48.690495,2437.5
2021-897024,2021-04-15,2021,60000.0,Appartement,57.0,3.0,54000.0,6.163032,48.6761,1052.6315789473683
2021-897030,2021-04-14,2021,568100.0,Appartement,196.0,7.0,54000.0,6.162034,48.687398,2898.469387755102
2021-897043,2021-04-16,2021,221890.0,Appartement,90.0,3.0,54000.0,6.175038,48.691239,2465.4444444444443
2021-897048,2021-04-22,2021,76000.0,Appartement,68.0,3.0,54000.0,6.191253,48.683272,1117.6470588235295
2021-897050,2021-04-16,2021,145000.0,Appartement,65.0,3.0,54000.0,6.194058,48.678486,2230.769230769231
2021-897052,2021-04-07,2021,181350.0,Appartement,96.0,2.0,54000.0,6.188281,48.691693,1889.0625
2021-897063,2021-04-22,2021,87000.0,Appartement,64.0,3.0,54000.0,6.172019,48.682633,1359.375
2021-897068,2021-04-21,2021,153700.0,Appartement,58.0,2.0,54000.0,6.177869,48.697333,2650.0
2021-897071,2021-04-22,2021,212050.0,Appartement,87.0,3.0,54000.0,6.17856,48.694203,2437.3563218390805
2021-897074,2021-04-21,2021,105000.0,Appartement,37.0,2.0,54000.0,6.181507,48.695211,2837.837837837838
2021-897076,2021-04-23,2021,123000.0,Appartement,74.0,3.0,54000.0,6.189369,48.688003,1662.162162162162
2021-897077,2021-04-16,2021,74000.0,Appartement,54.0,3.0,54000.0,6.158927,48.690216,1370.3703703703704
2021-897079,2021-03-29,2021,63000.0,Appartement,21.0,1.0,54000.0,6.187423,48.688655,3000.0
2021-897080,2021-04-21,2021,172653.0,Appartement,89.0,5.0,54000.0,6.191562,48.688157,1939.9213483146068
2021-897084,2021-04-15,2021,70300.0,Appartement,30.0,2.0,54000.0,6.194044,48.690495,2343.3333333333335
2021-897086,2021-04-02,2021,50000.0,Appartement,57.0,3.0,54000.0,6.163032,48.6761,877.1929824561404
2021-897090,2021-04-07,2021,159030.0,Appartement,39.0,1.0,54000.0,6.178733,48.692327,4077.6923076923076
2021-897092,2021-04-13,2021,107000.0,Appartement,55.0,3.0,54000.0,6.172012,48.702146,1945.4545454545455
2021-897095,2021-03-31,2021,84000.0,Appartement,66.0,3.0,54000.0,6.172842,48.685197,1272.7272727272727
2021-897100,2021-04-23,2021,150000.0,Appartement,64.0,3.0,54000.0,6.177098,48.695696,2343.75
2021-897102,2021-04-08,2021,154000.0,Appartement,71.0,3.0,54000.0,6.189331,48.689188,2169.0140845070423
2021-897106,2021-04-02,2021,145000.0,Appartement,67.0,4.0,54000.0,,,2164.179104477612
2021-897107,2021-04-26,2021,230000.0,Appartement,102.0,4.0,54000.0,6.166883,48.702813,2254.901960784314
2021-897112,2021-04-27,2021,430000.0,Appartement,53.0,3.0,54000.0,6.177027,48.68174,8113.207547169812
2021-897114,2021-04-14,2021,710000.0,Maison,280.0,9.0,54000.0,6.166008,48.684965,2535.714285714286
2021-897117,2021-04-26,2021,159000.0,Appartement,52.0,3.0,54000.0,6.174922,48.70358,3057.6923076923076
2021-897133,2021-04-12,2021,90000.0,Maison,90.0,4.0,54000.0,6.156972,48.692754,1000.0
2021-897138,2021-04-15,2021,185000.0,Appartement,77.0,4.0,54000.0,6.176386,48.691802,2402.5974025974024
2021-897144,2021-03-26,2021,571570.0,Appartement,37.0,2.0,54000.0,6.171057,48.674749,15447.837837837838
2021-897149,2021-04-26,2021,92000.0,Appartement,54.0,3.0,54000.0,6.17074,48.686691,1703.7037037037037
2021-897158,2021-04-29,2021,163000.0,Appartement,62.0,3.0,54000.0,6.196935,48.694688,2629.032258064516
2021-897162,2021-04-12,2021,56500.0,Appartement,30.0,1.0,54000.0,6.161448,48.683616,1883.3333333333333
2021-897163,2021-04-28,2021,257600.0,Appartement,69.0,3.0,54000.0,6.164787,48.696373,3733.3333333333335
2021-897164,2021-04-12,2021,193300.0,Appartement,91.0,4.0,54000.0,6.162895,48.676397,2124.1758241758243
2021-897170,2021-04-23,2021,190350.0,Appartement,69.0,2.0,54000.0,6.181878,48.693227,2758.695652173913
2021-897171,2021-04-26,2021,105000.0,Appartement,38.0,2.0,54000.0,6.182914,48.688895,2763.157894736842
2021-897179,2021-04-24,2021,348700.0,Appartement,74.0,3.0,54000.0,6.163844,48.676632,4712.1621621621625
2021-897180,2021-04-26,2021,103500.0,Appartement,54.0,2.0,54000.0,6.163562,48.684432,1916.6666666666667
2021-897191,2021-04-23,2021,75000.0,Appartement,30.0,1.0,54000.0,6.183055,48.691301,2500.0
2021-897193,2021-04-07,2021,77000.0,Appartement,54.0,2.0,54000.0,6.170173,48.687625,1425.9259259259259
2021-897201,2021-04-15,2021,332500.0,Appartement,119.0,4.0,54000.0,6.163351,48.684104,2794.1176470588234
2021-897204,2021-04-16,2021,200000.0,Appartement,66.0,2.0,54000.0,6.183003,48.690455,3030.3030303030305
2021-897206,2021-04-19,2021,395000.0,Appartement,141.0,6.0,54000.0,6.161518,48.694501,2801.418439716312
2021-897207,2021-04-16,2021,143000.0,Appartement,16.0,1.0,54000.0,6.175988,48.701471,8937.5
2021-897208,2021-04-13,2021,101720.0,Appartement,46.0,2.0,54000.0,6.172631,48.685992,2211.304347826087
2021-897210,2021-04-15,2021,150600.0,Appartement,83.0,3.0,54000.0,6.168021,48.668771,1814.4578313253012
2021-897214,2021-04-07,2021,163600.0,Appartement,86.0,3.0,54000.0,6.191442,48.686857,1902.3255813953488
2021-897218,2021-04-21,2021,120000.0,Appartement,70.0,4.0,54000.0,6.144916,48.691678,1714.2857142857142
2021-897219,2021-04-13,2021,266050.0,Appartement,41.0,2.0,54000.0,6.16787,48.677866,6489.024390243902
2021-897221,2021-04-15,2021,395500.0,Appartement,163.0,4.0,54000.0,6.178443,48.697538,2426.3803680981596
2021-897230,2021-04-19,2021,182000.0,Appartement,53.0,3.0,54000.0,6.191308,48.686154,3433.9622641509436
2021-897234,2021-04-27,2021,185500.0,Appartement,85.0,3.0,54000.0,6.180749,48.695608,2182.3529411764707
2021-897236,2021-04-30,2021,59000.0,Appartement,26.0,1.0,54000.0,6.167096,48.699082,2269.230769230769
2021-897243,2021-04-29,2021,60000.0,Appartement,24.0,1.0,54000.0,6.154839,48.697026,2500.0
2021-897247,2021-04-09,2021,55800.0,Appartement,38.0,2.0,54000.0,6.191804,48.698838,1468.421052631579
2021-897248,2021-04-21,2021,230000.0,Appartement,110.0,4.0,54000.0,6.175578,48.681593,2090.909090909091
2021-897249,2021-04-08,2021,255000.0,Appartement,130.0,4.0,54000.0,6.188828,48.68951,1961.5384615384614
2021-897260,2021-04-19,2021,134850.0,Appartement,32.0,2.0,54000.0,6.185386,48.690729,4214.0625
2021-897266,2021-04-19,2021,300000.0,Appartement,58.0,3.0,54000.0,6.193895,48.695879,5172.413793103448
2021-897273,2021-04-30,2021,500000.0,Appartement,50.0,2.0,54000.0,6.182368,48.689996,10000.0
2021-897283,2021-04-30,2021,77657.0,Appartement,38.0,2.0,54000.0,6.166421,48.689586,2043.6052631578948
2021-897284,2021-04-29,2021,129000.0,Appartement,57.0,2.0,54000.0,6.200561,48.698742,2263.157894736842
2021-897286,2021-04-19,2021,179800.0,Appartement,94.0,5.0,54000.0,6.179241,48.675375,1912.7659574468084
2021-897295,2021-04-28,2021,107573.0,Appartement,33.0,2.0,54000.0,6.176398,48.683896,3259.787878787879
2021-897298,2021-04-12,2021,274000.0,Appartement,126.0,6.0,54000.0,6.160249,48.684336,2174.6031746031745
2021-897300,2021-04-30,2021,111000.0,Appartement,64.0,3.0,54000.0,6.198025,48.680738,1734.375
2021-897301,2021-04-16,2021,116800.0,Appartement,40.0,2.0,54000.0,6.184325,48.687075,2920.0
2021-897303,2021-04-14,2021,65000.0,Appartement,35.0,2.0,54000.0,6.166775,48.702017,1857.142857142857
2021-897310,2021-04-17,2021,120000.0,Appartement,31.0,1.0,54000.0,6.171209,48.68615,3870.967741935484
2021-897316,2021-04-23,2021,114050.0,Appartement,80.0,4.0,54000.0,6.166651,48.701563,1425.625
2021-897319,2021-04-07,2021,149100.0,Appartement,59.0,3.0,54000.0,6.193639,48.689362,2527.1186440677966
2021-897320,2021-04-15,2021,200000.0,Appartement,62.0,3.0,54000.0,6.198411,48.698653,3225.8064516129034
2021-897321,2021-04-28,2021,104000.0,Appartement,38.0,2.0,54000.0,6.193639,48.689362,2736.842105263158
2021-897323,2021-04-30,2021,190000.0,Appartement,105.0,4.0,54000.0,6.155515,48.689048,1809.5238095238096
2021-897324,2021-05-06,2021,215000.0,Appartement,110.0,5.0,54000.0,6.185305,48.685949,1954.5454545454545
2021-897326,2021-04-30,2021,137500.0,Appartement,73.0,3.0,54000.0,6.191442,48.686857,1883.5616438356165
2021-897327,2021-04-13,2021,62000.0,Appartement,19.0,1.0,54000.0,6.19121,48.686081,3263.157894736842
2021-897329,2021-05-03,2021,55000.0,Appartement,23.0,1.0,54000.0,6.167096,48.699082,2391.304347826087
2021-897333,2021-04-16,2021,381200.0,Maison,103.0,5.0,54000.0,6.172891,48.70591,3700.970873786408
2021-897344,2021-04-23,2021,170000.0,Appartement,77.0,3.0,54000.0,6.16703,48.686271,2207.7922077922076
2021-897348,2021-04-23,2021,149650.0,Appartement,70.0,3.0,54000.0,6.178512,48.681809,2137.8571428571427
2021-897353,2021-05-05,2021,124970.0,Appartement,64.0,3.0,54000.0,6.194618,48.673778,1952.65625
2021-897360,2021-05-05,2021,335500.0,Maison,90.0,3.0,54000.0,6.165534,48.673815,3727.777777777778
2021-897365,2021-05-03,2021,91400.0,Appartement,25.0,1.0,54000.0,6.197945,48.677852,3656.0
2021-897369,2021-05-05,2021,142000.0,Appartement,65.0,3.0,54000.0,6.182294,48.682493,2184.6153846153848
2021-897370,2021-05-04,2021,324000.0,Appartement,143.0,6.0,54000.0,6.185632,48.689459,2265.7342657342656
2021-897372,2021-05-04,2021,80000.0,Appartement,110.0,4.0,54000.0,6.179182,48.687711,727.2727272727273
2021-897379,2021-04-27,2021,180510.0,Appartement,93.0,3.0,54000.0,6.163562,48.701524,1940.967741935484
2021-897383,2021-04-30,2021,281000.0,Appartement,88.0,4.0,54000.0,6.192456,48.689562,3193.181818181818
2021-897384,2021-04-29,2021,109000.0,Appartement,55.0,2.0,54000.0,6.178379,48.701854,1981.8181818181818
2021-897390,2021-04-28,2021,355000.0,Maison,95.0,5.0,54000.0,6.16663,48.674029,3736.842105263158
2021-897398,2021-05-05,2021,83500.0,Maison,40.0,2.0,54000.0,6.190687,48.686761,2087.5
2021-897401,2021-04-12,2021,75675.0,Appartement,33.0,2.0,54000.0,6.166651,48.701563,2293.181818181818
2021-897403,2021-04-29,2021,303000.0,Appartement,86.0,3.0,54000.0,6.199346,48.698101,3523.2558139534885
2021-897405,2021-04-30,2021,66500.0,Appartement,88.0,4.0,54000.0,6.169696,48.684046,755.6818181818181
2021-897407,2021-04-30,2021,62000.0,Appartement,46.0,1.0,54000.0,6.188737,48.690096,1347.8260869565217
2021-897411,2021-04-16,2021,125450.0,Appartement,76.0,4.0,54000.0,6.190472,48.692766,1650.657894736842
2021-897412,2021-04-30,2021,349000.0,Appartement,63.0,3.0,54000.0,6.160383,48.690764,5539.68253968254
2021-897420,2021-05-05,2021,87000.0,Appartement,44.0,2.0,54000.0,6.194246,48.690129,1977.2727272727273
2021-897427,2021-04-16,2021,207650.0,Appartement,87.0,4.0,54000.0,6.168014,48.687216,2386.7816091954023
2021-897430,2021-04-21,2021,189100.0,Appartement,87.0,3.0,54000.0,6.166573,48.698023,2173.5632183908046
2021-897439,2021-04-21,2021,184300.0,Appartement,85.0,4.0,54000.0,6.147045,48.692068,2168.235294117647
2021-897441,2021-04-26,2021,93350.0,Appartement,85.0,5.0,54000.0,6.161941,48.692737,1098.235294117647
2021-897444,2021-04-26,2021,159250.0,Appartement,79.0,4.0,54000.0,6.165218,48.681719,2015.8227848101267
2021-897446,2021-04-30,2021,62000.0,Appartement,40.0,2.0,54000.0,6.174665,48.702894,1550.0
2021-897448,2021-04-14,2021,100000.0,Appartement,35.0,1.0,54000.0,6.181507,48.695211,2857.1428571428573
2021-897457,2021-04-20,2021,144000.0,Appartement,68.0,3.0,54000.0,6.192105,48.688688,2117.6470588235293
2021-897459,2021-04-22,2021,101000.0,Appartement,46.0,2.0,54000.0,6.165777,48.700006,2195.6521739130435
2021-897468,2021-04-22,2021,69350.0,Appartement,25.0,1.0,54000.0,,,2774.0
2021-897476,2021-04-16,2021,340000.0,Maison,167.0,5.0,54000.0,6.161798,48.688126,2035.9281437125749
2021-897477,2021-04-15,2021,107000.0,Appartement,59.0,3.0,54000.0,6.179241,48.675375,1813.5593220338983
2021-897482,2021-04-30,2021,99000.0,Appartement,43.0,2.0,54000.0,6.196023,48.677095,2302.3255813953488
2021-897485,2021-04-28,2021,580000.0,Appartement,145.0,3.0,54000.0,6.179275,48.695029,4000.0
2021-897500,2021-04-29,2021,180000.0,Appartement,86.0,4.0,54000.0,6.180034,48.687951,2093.0232558139537
2021-897505,2021-05-11,2021,331500.0,Appartement,120.0,4.0,54000.0,6.169816,48.684445,2762.5
2021-897506,2021-05-04,2021,99900.0,Appartement,47.0,2.0,54000.0,6.169389,48.703308,2125.531914893617
2021-897508,2021-05-07,2021,215000.0,Appartement,48.0,2.0,54000.0,6.174227,48.703445,4479.166666666667
2021-897516,2021-05-11,2021,126000.0,Appartement,80.0,3.0,54000.0,6.17441,48.706006,1575.0
2021-897517,2021-05-05,2021,381000.0,Maison,112.0,5.0,54000.0,6.143271,48.693688,3401.785714285714
2021-897518,2021-05-04,2021,88800.0,Appartement,32.0,3.0,54000.0,6.184951,48.690255,2775.0
2021-897519,2021-05-06,2021,122800.0,Appartement,46.0,2.0,54000.0,6.161468,48.685409,2669.5652173913045
2021-897525,2021-05-01,2021,120000.0,Appartement,77.0,3.0,54000.0,6.179602,48.693262,1558.4415584415585
2021-897526,2021-04-30,2021,66000.0,Appartement,30.0,2.0,54000.0,6.194044,48.690495,2200.0
2021-897528,2021-04-30,2021,204000.0,Appartement,91.0,3.0,54000.0,6.180145,48.691494,2241.7582417582416
2021-897531,2021-05-12,2021,101650.0,Appartement,35.0,2.0,54000.0,6.182343,48.701368,2904.285714285714
2021-897533,2021-04-29,2021,68200.0,Appartement,34.0,2.0,54000.0,6.191854,48.699492,2005.8823529411766
2021-897536,2021-04-28,2021,223000.0,Appartement,85.0,4.0,54000.0,6.169381,48.690487,2623.529411764706
2021-897540,2021-04-28,2021,103600.0,Appartement,20.0,1.0,54000.0,6.187057,48.689167,5180.0
2021-897547,2021-04-30,2021,89500.0,Appartement,40.0,2.0,54000.0,6.160597,48.690408,2237.5
2021-897555,2021-04-23,2021,254000.0,Appartement,96.0,4.0,54000.0,6.179198,48.676703,2645.8333333333335
2021-897557,2021-04-26,2021,255000.0,Appartement,113.0,5.0,54000.0,6.167186,48.690326,2256.637168141593
2021-897560,2021-04-30,2021,56000.0,Appartement,19.0,1.0,54000.0,6.194318,48.677892,2947.3684210526317
2021-897565,2021-05-06,2021,90000.0,Appartement,48.0,2.0,54000.0,6.180725,48.693589,1875.0
2021-897566,2021-04-23,2021,240500.0,Appartement,115.0,5.0,54000.0,6.169449,48.695976,2091.304347826087
2021-897572,2021-04-29,2021,62000.0,Appartement,33.0,1.0,54000.0,6.180512,48.682182,1878.7878787878788
2021-897574,2021-05-12,2021,202000.0,Maison,98.0,4.0,54000.0,6.198767,48.676214,2061.2244897959185
2021-897582,2021-05-07,2021,50200.0,Appartement,33.0,2.0,54000.0,6.186826,48.694922,1521.2121212121212
2021-897584,2021-05-14,2021,77500.0,Appartement,39.0,1.0,54000.0,6.179564,48.694656,1987.179487179487
2021-897587,2021-05-04,2021,287000.0,Maison,85.0,4.0,54000.0,6.148805,48.69661,3376.470588235294
2021-897588,2021-05-12,2021,158000.0,Appartement,82.0,4.0,54000.0,6.165972,48.701271,1926.8292682926829
2021-897589,2021-05-07,2021,135500.0,Appartement,77.0,3.0,54000.0,6.1699,48.684823,1759.7402597402597
2021-897593,2021-05-03,2021,215000.0,Appartement,111.0,5.0,54000.0,6.173476,48.69847,1936.936936936937
2021-897597,2021-04-26,2021,159710.0,Maison,50.0,3.0,54000.0,6.17597,48.673266,3194.2
2021-897598,2021-04-23,2021,450000.0,Appartement,136.0,5.0,54000.0,6.174521,48.702165,3308.823529411765
2021-897599,2021-05-12,2021,173000.0,Appartement,94.0,4.0,54000.0,6.191562,48.688157,1840.4255319148936
2021-897600,2021-05-12,2021,172653.0,Appartement,89.0,5.0,54000.0,6.191562,48.688157,1939.9213483146068
2021-897617,2021-04-23,2021,89700.0,Appartement,64.0,2.0,54000.0,6.168061,48.688703,1401.5625
2021-897620,2021-05-17,2021,439350.0,Appartement,175.0,6.0,54000.0,6.189757,48.692353,2510.5714285714284
2021-897621,2021-05-12,2021,147200.0,Appartement,59.0,3.0,54000.0,6.193639,48.689362,2494.915254237288
2021-897628,2021-05-19,2021,449350.0,Appartement,197.0,6.0,54000.0,6.167656,48.696235,2280.964467005076
2021-897631,2021-04-23,2021,74400.0,Appartement,30.0,1.0,54000.0,6.185409,48.68003,2480.0
2021-897634,2021-04-26,2021,87600.0,Appartement,67.0,4.0,54000.0,6.158927,48.690216,1307.4626865671642
2021-897636,2021-05-10,2021,155000.0,Appartement,94.0,4.0,54000.0,6.178037,48.67772,1648.936170212766
2021-897640,2021-05-10,2021,100000.0,Appartement,62.0,3.0,54000.0,6.178683,48.696472,1612.9032258064517
2021-897642,2021-04-29,2021,170150.0,Appartement,63.0,3.0,54000.0,6.169294,48.685154,2700.7936507936506
2021-897661,2021-05-03,2021,76000.0,Appartement,45.0,2.0,54000.0,6.185063,48.686491,1688.888888888889
2021-897664,2021-05-17,2021,48000.0,Appartement,19.0,1.0,54000.0,6.16297,48.683062,2526.315789473684
2021-897666,2021-04-28,2021,58000.0,Appartement,34.0,1.0,54000.0,6.194044,48.690495,1705.8823529411766
2021-897667,2021-05-10,2021,105500.0,Appartement,58.0,2.0,54000.0,6.194601,48.680847,1818.9655172413793
2021-897668,2021-05-11,2021,220000.0,Appartement,81.0,3.0,54000.0,6.181547,48.691391,2716.0493827160494
2021-897671,2021-05-06,2021,51600.0,Appartement,20.0,1.0,54000.0,6.187197,48.685477,2580.0
2021-897672,2021-05-14,2021,146400.0,Appartement,35.0,2.0,54000.0,6.186163,48.686553,4182.857142857143
2021-897675,2021-05-05,2021,129000.0,Appartement,73.0,3.0,54000.0,6.160346,48.687713,1767.123287671233
2021-897679,2021-05-18,2021,110000.0,Appartement,65.0,3.0,54000.0,6.16183,48.696571,1692.3076923076924
2021-897680,2021-04-30,2021,75000.0,Appartement,55.0,3.0,54000.0,6.1488,48.691485,1363.6363636363637
2021-897686,2021-05-10,2021,108000.0,Appartement,47.0,2.0,54000.0,6.196678,48.698292,2297.872340425532
2021-897691,2021-05-12,2021,314500.0,Appartement,54.0,3.0,54000.0,6.171706,48.682795,5824.074074074074
2021-897693,2021-05-10,2021,341600.0,Appartement,57.0,2.0,54000.0,6.172801,48.682984,5992.982456140351
2021-897694,2021-05-04,2021,184300.0,Appartement,92.0,4.0,54000.0,6.163147,48.697664,2003.2608695652175
2021-897695,2021-04-30,2021,90000.0,Appartement,56.0,3.0,54000.0,6.16484,48.673848,1607.142857142857
2021-897696,2021-05-10,2021,232000.0,Appartement,72.0,3.0,54000.0,6.175835,48.701272,3222.222222222222
2021-897701,2021-05-06,2021,392500.0,Appartement,205.0,7.0,54000.0,6.196987,48.698052,1914.6341463414635
2021-897703,2021-05-06,2021,68000.0,Appartement,30.0,1.0,54000.0,6.185048,48.68837,2266.6666666666665
2021-897704,2021-04-23,2021,190300.0,Appartement,148.0,5.0,54000.0,6.184925,48.691788,1285.8108108108108
2021-897713,2021-05-07,2021,308750.0,Maison,88.0,3.0,54000.0,6.187392,48.680566,3508.5227272727275
2021-897714,2021-04-29,2021,650000.0,Maison,100.0,6.0,54000.0,6.196031,48.680791,6500.0
2021-897717,2021-05-06,2021,125000.0,Appartement,62.0,3.0,54000.0,6.165777,48.700006,2016.1290322580646
2021-897719,2021-04-13,2021,78850.0,Appartement,45.0,2.0,54000.0,6.190812,48.686231,1752.2222222222222
2021-897720,2021-05-11,2021,334992.0,Appartement,40.0,1.0,54000.0,6.180825,48.690082,8374.8
2021-897722,2021-05-11,2021,117000.0,Appartement,85.0,4.0,54000.0,6.179435,48.682157,1376.4705882352941
2021-897725,2021-05-11,2021,70000.0,Appartement,49.0,2.0,54000.0,6.17957,48.675973,1428.5714285714287
2021-897726,2021-05-07,2021,189000.0,Maison,67.0,4.0,54100.0,6.14104,48.700205,2820.89552238806
2021-897727,2021-04-12,2021,110000.0,Appartement,86.0,4.0,54000.0,6.180034,48.687951,1279.0697674418604
2021-897736,2021-05-25,2021,132000.0,Appartement,55.0,3.0,54000.0,6.176319,48.680044,2400.0
2021-897739,2021-05-07,2021,114000.0,Appartement,46.0,2.0,54000.0,6.166127,48.700467,2478.2608695652175
2021-897750,2021-05-20,2021,67500.0,Appartement,56.0,3.0,54000.0,6.184535,48.676275,1205.357142857143
2021-897752,2021-05-18,2021,115000.0,Appartement,84.0,2.0,54000.0,6.183388,48.68712,1369.047619047619
2021-897754,2021-05-11,2021,203000.0,Appartement,47.0,2.0,54000.0,6.161195,48.704638,4319.148936170212
2021-897760,2021-05-17,2021,137000.0,Appartement,84.0,3.0,54000.0,6.179884,48.679794,1630.952380952381
2021-897765,2021-05-19,2021,208000.0,Appartement,39.0,2.0,54000.0,6.165855,48.671433,5333.333333333333
2021-897767,2021-05-14,2021,157000.0,Appartement,90.0,3.0,54000.0,6.161291,48.689125,1744.4444444444443
2021-897769,2021-05-17,2021,181000.0,Appartement,105.0,4.0,54000.0,6.19169,48.697319,1723.8095238095239
2021-897774,2021-05-20,2021,133577.0,Maison,45.0,2.0,54000.0,6.180622,48.702258,2968.3777777777777
2021-897775,2021-05-25,2021,275000.0,Appartement,50.0,3.0,54000.0,6.162978,48.699818,5500.0
2021-897781,2021-05-12,2021,75380.0,Appartement,32.0,1.0,54000.0,6.165496,48.691409,2355.625
2021-897782,2021-05-17,2021,190000.0,Appartement,71.0,2.0,54000.0,6.17826,48.692626,2676.056338028169
2021-897783,2021-04-30,2021,67000.0,Appartement,30.0,2.0,54000.0,6.164338,48.692986,2233.3333333333335
2021-897784,2021-05-18,2021,72000.0,Appartement,44.0,2.0,54000.0,6.1951,48.681512,1636.3636363636363
2021-897787,2021-05-12,2021,56500.0,Appartement,18.0,1.0,54000.0,6.189144,48.682951,3138.8888888888887
2021-897788,2021-05-19,2021,136000.0,Appartement,93.0,3.0,54000.0,6.194612,48.688532,1462.3655913978494
2021-897794,2021-05-12,2021,170000.0,Appartement,70.0,3.0,54000.0,6.196614,48.698909,2428.5714285714284
2021-897800,2021-05-11,2021,428000.0,Maison,111.0,5.0,54000.0,6.1644,48.685947,3855.8558558558557
2021-897804,2021-04-29,2021,101000.0,Appartement,47.0,2.0,54000.0,6.178827,48.696052,2148.936170212766
2021-897806,2021-05-07,2021,131000.0,Appartement,68.0,3.0,54000.0,6.16569,48.692771,1926.4705882352941
2021-897808,2021-05-05,2021,218000.0,Appartement,82.0,5.0,54000.0,6.175745,48.691,2658.5365853658536
2021-897810,2021-05-07,2021,340000.0,Appartement,155.0,4.0,54000.0,6.190316,48.676529,2193.548387096774
2021-897820,2021-04-29,2021,122500.0,Appartement,72.0,3.0,54000.0,6.180034,48.687951,1701.388888888889
2021-897824,2021-05-14,2021,124000.0,Appartement,60.0,3.0,54000.0,6.172437,48.677819,2066.6666666666665
2021-897826,2021-05-03,2021,135000.0,Appartement,74.0,3.0,54000.0,6.193971,48.689742,1824.3243243243244
2021-897835,2021-04-29,2021,110200.0,Appartement,37.0,2.0,54000.0,6.176011,48.676997,2978.3783783783783
2021-897837,2021-04-30,2021,156000.0,Maison,90.0,4.0,54000.0,6.191454,48.700198,1733.3333333333333
2021-897839,2021-05-17,2021,131000.0,Appartement,49.0,2.0,54000.0,6.178732,48.679266,2673.469387755102
2021-897840,2021-05-10,2021,100000.0,Appartement,47.0,2.0,54000.0,6.163998,48.682543,2127.659574468085
2021-897842,2021-05-20,2021,76000.0,Appartement,44.0,3.0,54000.0,6.198018,48.679006,1727.2727272727273
2021-897844,2021-05-11,2021,119000.0,Appartement,70.0,4.0,54000.0,6.165972,48.701271,1700.0
2021-897848,2021-05-21,2021,160000.0,Appartement,100.0,4.0,54000.0,6.178871,48.675725,1600.0
2021-897850,2021-05-21,2021,89000.0,Appartement,55.0,3.0,54000.0,6.1488,48.691485,1618.1818181818182
2021-897852,2021-05-10,2021,54100.0,Appartement,20.0,1.0,54000.0,6.180512,48.682182,2705.0
2021-897862,2021-04-28,2021,90000.0,Appartement,56.0,3.0,54000.0,6.185093,48.676548,1607.142857142857
2021-897863,2021-04-30,2021,70000.0,Appartement,41.0,3.0,54000.0,6.172693,48.680353,1707.3170731707316
2021-897865,2021-05-17,2021,134000.0,Appartement,63.0,3.0,54000.0,6.164129,48.685038,2126.9841269841268
2021-897878,2021-05-27,2021,195000.0,Appartement,89.0,4.0,54000.0,6.177601,48.692537,2191.0112359550562
2021-897891,2021-05-25,2021,119000.0,Appartement,45.0,2.0,54000.0,6.20129,48.687184,2644.4444444444443
2021-897893,2021-05-25,2021,137000.0,Appartement,51.0,2.0,54000.0,6.162495,48.687451,2686.274509803922
2021-897894,2021-05-12,2021,220000.0,Appartement,121.0,6.0,54000.0,6.179884,48.679794,1818.1818181818182
2021-897896,2021-05-20,2021,60000.0,Appartement,30.0,1.0,54000.0,6.180558,48.693894,2000.0
2021-897899,2021-05-12,2021,45000.0,Appartement,32.0,1.0,54000.0,6.173601,48.682701,1406.25
2021-897901,2021-05-25,2021,83000.0,Appartement,21.0,1.0,54000.0,6.177544,48.697924,3952.3809523809523
2021-897908,2021-05-27,2021,109250.0,Appartement,64.0,3.0,54000.0,6.19349,48.680975,1707.03125
2021-897913,2021-05-31,2021,30000.0,Appartement,22.0,2.0,54000.0,6.180131,48.683783,1363.6363636363637
2021-897924,2021-05-25,2021,76000.0,Appartement,35.0,1.0,54000.0,6.183055,48.691301,2171.4285714285716
2021-897925,2021-05-07,2021,81225.0,Appartement,36.0,2.0,54000.0,6.156449,48.698498,2256.25
2021-897941,2021-05-12,2021,380000.0,Maison,98.0,5.0,54000.0,6.161374,48.687911,3877.5510204081634
2021-897944,2021-05-11,2021,105000.0,Appartement,48.0,2.0,54000.0,6.171983,48.701528,2187.5
2021-897949,2021-05-03,2021,149000.0,Appartement,55.0,2.0,54000.0,6.167274,48.695337,2709.090909090909
2021-897953,2021-05-26,2021,244900.0,Appartement,105.0,5.0,54000.0,6.162488,48.688198,2332.3809523809523
2021-897954,2021-05-25,2021,236250.0,Maison,84.0,5.0,54000.0,6.163713,48.681159,2812.5
2021-897956,2021-05-04,2021,253630.0,Appartement,102.0,5.0,54000.0,6.179046,48.699064,2486.5686274509803
2021-897959,2021-05-14,2021,110425.0,Appartement,70.0,3.0,54000.0,6.15979,48.703644,1577.5
2021-897968,2021-05-11,2021,76500.0,Appartement,32.0,2.0,54000.0,6.188014,48.699071,2390.625
2021-897970,2021-05-24,2021,329100.0,Appartement,70.0,3.0,54000.0,6.177553,48.702796,4701.428571428572
2021-897973,2021-05-20,2021,149000.0,Appartement,99.0,3.0,54000.0,6.185874,48.685856,1505.050505050505
2021-897977,2021-05-26,2021,56000.0,Appartement,25.0,1.0,54000.0,,,2240.0
2021-897983,2021-05-07,2021,213900.0,Appartement,109.0,5.0,54000.0,6.160249,48.684336,1962.3853211009175
2021-897984,2021-05-31,2021,96000.0,Appartement,73.0,3.0,54000.0,6.196439,48.680481,1315.0684931506848
2021-897986,2021-05-14,2021,86030.0,Appartement,48.0,2.0,54000.0,6.170787,48.691,1792.2916666666667
2021-897987,2021-05-14,2021,112000.0,Appartement,62.0,2.0,54000.0,6.189131,48.690997,1806.4516129032259
2021-897989,2021-05-27,2021,114500.0,Appartement,50.0,2.0,54000.0,6.160339,48.686271,2290.0
2021-897990,2021-05-21,2021,57500.0,Appartement,31.0,1.0,54000.0,6.169294,48.685154,1854.8387096774193
2021-897992,2021-05-31,2021,89900.0,Appartement,29.0,1.0,54000.0,6.168953,48.682848,3100.0
2021-897999,2021-05-17,2021,110000.0,Appartement,43.0,2.0,54000.0,6.182392,48.681182,2558.139534883721
2021-898004,2021-05-06,2021,455000.0,Appartement,80.0,4.0,54000.0,6.187505,48.69333,5687.5
2021-898005,2021-05-27,2021,61500.0,Appartement,22.0,1.0,54000.0,6.187697,48.689882,2795.4545454545455
2021-898011,2021-05-31,2021,230000.0,Appartement,126.0,4.0,54000.0,6.191562,48.688157,1825.3968253968253
2021-898012,2021-05-21,2021,161500.0,Appartement,88.0,4.0,54000.0,6.180364,48.701173,1835.2272727272727
2021-898016,2021-05-11,2021,50000.0,Appartement,40.0,2.0,54000.0,6.156272,48.69857,1250.0
2021-898018,2021-05-06,2021,188300.0,Appartement,100.0,4.0,54000.0,6.183549,48.6898,1883.0
2021-898022,2021-05-12,2021,145000.0,Appartement,26.0,1.0,54000.0,6.191588,48.688442,5576.923076923077
2021-898026,2021-05-21,2021,142000.0,Appartement,114.0,5.0,54000.0,6.177354,48.677382,1245.6140350877192
2021-898028,2021-05-27,2021,175000.0,Appartement,62.0,3.0,54000.0,6.175993,48.683243,2822.5806451612902
2021-898036,2021-05-27,2021,182050.0,Appartement,94.0,3.0,54000.0,6.160249,48.684336,1936.7021276595744
2021-898037,2021-05-27,2021,209000.0,Appartement,86.0,4.0,54000.0,6.180034,48.687951,2430.232558139535
2021-898039,2021-05-19,2021,400000.0,Appartement,127.0,4.0,54000.0,6.173704,48.693701,3149.6062992125985
2021-898041,2021-05-21,2021,111000.0,Appartement,65.0,3.0,54000.0,6.155874,48.690682,1707.6923076923076
2021-898042,2021-05-26,2021,70000.0,Appartement,75.0,5.0,54100.0,,,933.3333333333334
2021-898047,2021-05-17,2021,80000.0,Appartement,39.0,2.0,54000.0,6.161121,48.691441,2051.2820512820513
2021-898057,2021-05-26,2021,415000.0,Appartement,155.0,4.0,54000.0,6.142812,48.689155,2677.4193548387098
2021-898058,2021-05-25,2021,145000.0,Appartement,62.0,2.0,54000.0,6.172116,48.701545,2338.7096774193546
2021-898066,2021-05-27,2021,109050.0,Appartement,58.0,3.0,54000.0,6.192353,48.696656,1880.1724137931035
2021-898068,2021-05-12,2021,218500.0,Appartement,88.0,4.0,54000.0,6.187146,48.684581,2482.9545454545455
2021-898070,2021-05-28,2021,110000.0,Appartement,70.0,3.0,54000.0,,,1571.4285714285713
2021-898072,2021-06-02,2021,73500.0,Appartement,61.0,3.0,54000.0,6.179182,48.687711,1204.9180327868853
2021-898074,2021-06-01,2021,118000.0,Appartement,61.0,3.0,54000.0,6.197891,48.677125,1934.4262295081967
2021-898083,2021-05-14,2021,108000.0,Appartement,45.0,2.0,54000.0,6.172437,48.677819,2400.0
2021-898090,2021-06-03,2021,74200.0,Appartement,55.0,2.0,54000.0,6.180247,48.686793,1349.090909090909
2021-898096,2021-05-31,2021,88000.0,Appartement,47.0,2.0,54000.0,6.186963,48.683864,1872.340425531915
2021-898100,2021-06-03,2021,90000.0,Appartement,46.0,2.0,54000.0,6.161448,48.683616,1956.5217391304348
2021-898101,2021-05-10,2021,122800.0,Appartement,62.0,3.0,54000.0,6.194058,48.678486,1980.6451612903227
2021-898104,2021-05-20,2021,126000.0,Appartement,67.0,3.0,54000.0,6.183023,48.687146,1880.597014925373
2021-898106,2021-06-01,2021,135000.0,Appartement,52.0,3.0,54000.0,6.167928,48.681934,2596.153846153846
2021-898108,2021-06-03,2021,55000.0,Appartement,22.0,1.0,54000.0,6.154839,48.697026,2500.0
2021-898109,2021-06-02,2021,232680.0,Appartement,59.0,3.0,54000.0,6.168023,48.689119,3943.728813559322
2021-898110,2021-05-21,2021,372000.0,Appartement,140.0,6.0,54000.0,6.160249,48.684336,2657.1428571428573
2021-898113,2021-05-11,2021,80250.0,Appartement,48.0,2.0,54000.0,6.184121,48.67622,1671.875
2021-898114,2021-05-19,2021,71250.0,Appartement,37.0,1.0,54000.0,6.162692,48.694747,1925.6756756756756
2021-898117,2021-05-10,2021,246000.0,Appartement,93.0,4.0,54000.0,6.177041,48.682777,2645.1612903225805
2021-898121,2021-06-01,2021,460000.0,Appartement,107.0,5.0,54000.0,6.182816,48.685678,4299.065420560748
2021-898122,2021-05-11,2021,87000.0,Appartement,25.0,1.0,54000.0,6.193092,48.681118,3480.0
2021-898127,2021-05-12,2021,78500.0,Appartement,30.0,2.0,54000.0,6.196614,48.698909,2616.6666666666665
2021-898129,2021-05-26,2021,240000.0,Appartement,70.0,3.0,54000.0,6.182617,48.701639,3428.5714285714284
2021-898132,2021-06-02,2021,115000.0,Appartement,86.0,4.0,54000.0,6.180034,48.687951,1337.2093023255813
2021-898139,2021-05-25,2021,223000.0,Maison,140.0,6.0,54000.0,6.155379,48.690374,1592.857142857143
2021-898142,2021-06-02,2021,116000.0,Appartement,43.0,2.0,54000.0,6.179876,48.68454,2697.6744186046512
2021-898144,2021-06-03,2021,88000.0,Appartement,49.0,2.0,54000.0,6.165197,48.682489,1795.9183673469388
2021-898147,2021-05-31,2021,120000.0,Appartement,55.0,1.0,54000.0,6.170687,48.68329,2181.818181818182
2021-898148,2021-06-04,2021,157500.0,Appartement,53.0,2.0,54000.0,6.177869,48.697333,2971.698113207547
2021-898151,2021-04-22,2021,420000.0,Appartement,164.0,6.0,54000.0,6.167939,48.689465,2560.9756097560976
2021-898153,2021-05-27,2021,86000.0,Appartement,37.0,2.0,54000.0,6.1748,48.684159,2324.324324324324
2021-898155,2021-05-19,2021,90000.0,Appartement,73.0,4.0,54000.0,6.163803,48.696371,1232.876712328767
2021-898156,2021-05-26,2021,250000.0,Appartement,131.0,5.0,54000.0,6.168109,48.695998,1908.3969465648854
2021-898157,2021-05-27,2021,207000.0,Appartement,100.0,3.0,54000.0,6.167407,48.70269,2070.0
2021-898163,2021-06-01,2021,160000.0,Appartement,82.0,4.0,54000.0,6.173686,48.677579,1951.219512195122
2021-898168,2021-05-26,2021,258880.0,Maison,130.0,4.0,54000.0,6.14177,48.693401,1991.3846153846155
2021-898169,2021-05-28,2021,125000.0,Appartement,68.0,3.0,54000.0,6.186336,48.678773,1838.235294117647
2021-898175,2021-05-27,2021,247000.0,Maison,88.0,4.0,54000.0,6.186091,48.679161,2806.818181818182
2021-898178,2021-06-04,2021,140000.0,Maison,72.0,2.0,54000.0,6.161558,48.68841,1944.4444444444443
2021-898185,2021-06-01,2021,405000.0,Appartement,41.0,2.0,54000.0,6.19525,48.685381,9878.048780487805
2021-898187,2021-05-26,2021,221000.0,Maison,93.0,4.0,54000.0,6.184076,48.700686,2376.3440860215055
2021-898188,2021-04-20,2021,85000.0,Appartement,45.0,1.0,54000.0,6.199149,48.676511,1888.888888888889
2021-898195,2021-05-20,2021,281200.0,Maison,126.0,5.0,54000.0,6.158312,48.697347,2231.746031746032
2021-898196,2021-06-04,2021,93847.0,Appartement,52.0,3.0,54000.0,6.191562,48.688157,1804.75
2021-898209,2021-05-27,2021,189000.0,Appartement,75.0,3.0,54000.0,6.183023,48.687146,2520.0
2021-898215,2021-05-18,2021,100000.0,Appartement,60.0,2.0,54000.0,6.153475,48.690674,1666.6666666666667
2021-898218,2021-06-02,2021,65000.0,Appartement,23.0,1.0,54000.0,6.187272,48.678672,2826.086956521739
2021-898222,2021-05-15,2021,67000.0,Appartement,30.0,2.0,54000.0,6.194044,48.690495,2233.3333333333335
2021-898225,2021-06-04,2021,178000.0,Appartement,35.0,1.0,54000.0,6.175638,48.675925,5085.714285714285
2021-898228,2021-05-27,2021,330000.0,Appartement,130.0,4.0,54000.0,6.16167,48.697754,2538.4615384615386
2021-898229,2021-05-31,2021,142650.0,Appartement,41.0,2.0,54000.0,6.180831,48.695452,3479.268292682927
2021-898233,2021-06-01,2021,89150.0,Appartement,34.0,1.0,54000.0,6.175249,48.67664,2622.0588235294117
2021-898234,2021-05-25,2021,92000.0,Appartement,32.0,2.0,54000.0,6.175169,48.674182,2875.0
2021-898235,2021-05-17,2021,147500.0,Appartement,65.0,3.0,54000.0,6.163874,48.683862,2269.230769230769
2021-898236,2021-05-21,2021,184200.0,Appartement,44.0,2.0,54000.0,6.202246,48.686745,4186.363636363636
2021-898241,2021-05-15,2021,112100.0,Appartement,40.0,2.0,54000.0,6.184325,48.687075,2802.5
2021-898254,2021-05-18,2021,181000.0,Appartement,77.0,3.0,54000.0,,,2350.6493506493507
2021-898257,2021-05-17,2021,168465.0,Appartement,63.0,3.0,54000.0,6.195186,48.685083,2674.0476190476193
2021-898259,2021-05-25,2021,105000.0,Appartement,47.0,2.0,54000.0,6.186624,48.683308,2234.0425531914893
2021-898260,2021-05-25,2021,98290.0,Appartement,37.0,2.0,54000.0,6.173718,48.672217,2656.4864864864867
2021-898264,2021-05-26,2021,782500.0,Appartement,130.0,2.0,54000.0,6.199988,48.686731,6019.2307692307695
2021-898268,2021-05-19,2021,97000.0,Appartement,20.0,0.0,54000.0,6.164338,48.692986,4850.0
2021-898271,2021-06-09,2021,74100.0,Appartement,31.0,2.0,54000.0,6.170748,48.691503,2390.3225806451615
2021-898285,2021-05-27,2021,149000.0,Appartement,66.0,3.0,54000.0,6.188547,48.679046,2257.5757575757575
2021-898288,2021-05-27,2021,101800.0,Appartement,42.0,2.0,54000.0,6.185232,48.688455,2423.809523809524
2021-898298,2021-06-07,2021,90000.0,Appartement,48.0,2.0,54000.0,6.163998,48.682543,1875.0
2021-898299,2021-06-04,2021,241092.0,Appartement,73.0,3.0,54000.0,6.177913,48.695215,3302.6301369863013
2021-898300,2021-05-18,2021,325000.0,Appartement,112.0,3.0,54000.0,6.184288,48.692551,2901.785714285714
2021-898306,2021-06-08,2021,55000.0,Appartement,63.0,3.0,54000.0,6.138771,48.692841,873.015873015873
2021-898309,2021-06-04,2021,88500.0,Appartement,42.0,2.0,54000.0,6.18548,48.679739,2107.1428571428573
2021-898310,2021-06-08,2021,21000.0,Appartement,19.0,1.0,54000.0,6.191072,48.679103,1105.2631578947369
2021-898314,2021-05-21,2021,78400.0,Appartement,46.0,2.0,54000.0,6.17955,48.699141,1704.3478260869565
2021-898326,2021-05-21,2021,143850.0,Appartement,56.0,3.0,54000.0,6.196201,48.681345,2568.75
2021-898329,2021-05-21,2021,266000.0,Appartement,102.0,3.0,54000.0,6.195847,48.679279,2607.843137254902
2021-898332,2021-05-21,2021,93000.0,Appartement,35.0,2.0,54000.0,6.179198,48.676703,2657.1428571428573
2021-898335,2021-06-03,2021,79000.0,Appartement,33.0,2.0,54000.0,6.167274,48.695337,2393.939393939394
2021-898337,2021-05-18,2021,166250.0,Appartement,62.0,2.0,54000.0,6.17048,48.704258,2681.451612903226
2021-898338,2021-06-07,2021,154500.0,Appartement,73.0,3.0,54000.0,6.179591,48.674687,2116.4383561643835
2021-898339,2021-06-03,2021,79000.0,Appartement,78.0,5.0,54000.0,6.161941,48.692737,1012.8205128205128
2021-898345,2021-06-09,2021,82500.0,Appartement,38.0,2.0,54000.0,6.198025,48.680738,2171.0526315789475
2021-898351,2021-06-09,2021,232750.0,Maison,100.0,4.0,54000.0,6.192155,48.680268,2327.5
2021-898352,2021-06-11,2021,97000.0,Appartement,52.0,2.0,54000.0,6.176435,48.674031,1865.3846153846155
2021-898353,2021-06-04,2021,116100.0,Appartement,72.0,3.0,54000.0,6.180034,48.687951,1612.5
2021-898358,2021-05-26,2021,141750.0,Appartement,52.0,2.0,54000.0,6.195532,48.694835,2725.9615384615386
2021-898365,2021-05-26,2021,455000.0,Appartement,100.0,4.0,54000.0,6.173514,48.69122,4550.0
2021-898367,2021-06-10,2021,113450.0,Appartement,63.0,3.0,54000.0,6.164151,48.703724,1800.7936507936508
2021-898368,2021-06-09,2021,42000.0,Appartement,30.0,1.0,54000.0,6.1859,48.694179,1400.0
2021-898369,2021-05-31,2021,84000.0,Appartement,31.0,2.0,54000.0,6.194318,48.677892,2709.6774193548385
2021-898370,2021-06-09,2021,265420.0,Maison,80.0,3.0,54000.0,6.147705,48.696869,3317.75
2021-898372,2021-06-07,2021,128500.0,Appartement,75.0,3.0,54000.0,6.180822,48.702355,1713.3333333333333
2021-898374,2021-05-20,2021,87000.0,Appartement,30.0,1.0,54000.0,6.176435,48.674031,2900.0
2021-898380,2021-06-03,2021,146000.0,Appartement,74.0,4.0,54000.0,6.173954,48.675437,1972.972972972973
2021-898383,2021-05-17,2021,58370.0,Appartement,25.0,1.0,54000.0,6.158498,48.69836,2334.8
2021-898384,2021-06-02,2021,57000.0,Appartement,17.0,1.0,54000.0,6.176435,48.674031,3352.9411764705883
2021-898388,2021-06-10,2021,145000.0,Appartement,63.0,3.0,54000.0,6.170708,48.701602,2301.5873015873017
2021-898391,2021-06-02,2021,138500.0,Appartement,55.0,3.0,54000.0,6.175629,48.705681,2518.181818181818
2021-898394,2021-06-01,2021,141000.0,Appartement,62.0,3.0,54000.0,6.182712,48.701407,2274.1935483870966
2021-898402,2021-05-31,2021,186200.0,Appartement,80.0,2.0,54000.0,6.191522,48.680484,2327.5
2021-898407,2021-05-31,2021,63500.0,Appartement,20.0,1.0,54000.0,6.17455,48.684681,3175.0
2021-898425,2021-06-02,2021,78435.0,Appartement,20.0,1.0,54000.0,6.169368,48.677055,3921.75
2021-898439,2021-06-14,2021,177300.0,Appartement,87.0,3.0,54000.0,6.189006,48.692346,2037.9310344827586
2021-898442,2021-05-18,2021,117850.0,Appartement,52.0,3.0,54000.0,6.158927,48.690216,2266.346153846154
2021-898446,2021-05-17,2021,96500.0,Appartement,65.0,4.0,54000.0,6.161941,48.692737,1484.6153846153845
2021-898447,2021-06-02,2021,65000.0,Appartement,18.0,1.0,54000.0,6.187146,48.684581,3611.1111111111113
2021-898451,2021-06-11,2021,37500.0,Appartement,18.0,1.0,54000.0,6.184713,48.690176,2083.3333333333335
2021-898457,2021-05-27,2021,229800.0,Appartement,122.0,5.0,54000.0,6.192574,48.696816,1883.6065573770493
2021-898458,2021-05-19,2021,165000.0,Appartement,88.0,5.0,54000.0,6.163803,48.696371,1875.0
2021-898466,2021-05-31,2021,115000.0,Appartement,74.0,3.0,54000.0,6.17957,48.675973,1554.054054054054
2021-898467,2021-05-31,2021,133000.0,Appartement,73.0,3.0,54000.0,6.189131,48.690997,1821.9178082191781
2021-898472,2021-05-31,2021,130000.0,Appartement,22.0,1.0,54000.0,6.177955,48.695698,5909.090909090909
2021-898474,2021-05-26,2021,69000.0,Appartement,28.0,1.0,54000.0,6.175531,48.689366,2464.285714285714
2021-898480,2021-05-26,2021,87000.0,Appartement,66.0,4.0,54000.0,6.1488,48.691485,1318.1818181818182
2021-898487,2021-05-18,2021,470000.0,Appartement,73.0,3.0,54000.0,6.167129,48.682228,6438.356164383562
2021-898488,2021-05-31,2021,146300.0,Appartement,41.0,2.0,54000.0,6.199255,48.692269,3568.2926829268295
2021-898489,2021-05-25,2021,175000.0,Appartement,91.0,4.0,54000.0,6.173718,48.683701,1923.076923076923
2021-898494,2021-06-18,2021,82960.0,Appartement,33.0,1.0,54000.0,6.187423,48.688655,2513.939393939394
2021-898497,2021-06-07,2021,235100.0,Maison,72.0,4.0,54000.0,6.161898,48.684769,3265.277777777778
2021-898500,2021-05-27,2021,70000.0,Appartement,43.0,3.0,54000.0,6.163057,48.685386,1627.906976744186
2021-898511,2021-06-02,2021,138240.0,Appartement,43.0,3.0,54000.0,6.178629,48.684146,3214.8837209302324
2021-898521,2021-06-03,2021,110000.0,Appartement,40.0,2.0,54000.0,6.17793,48.678888,2750.0
2021-898526,2021-06-03,2021,66500.0,Appartement,29.0,1.0,54000.0,6.184213,48.687183,2293.103448275862
2021-898529,2021-06-07,2021,73000.0,Appartement,31.0,1.0,54000.0,6.175562,48.684428,2354.8387096774195
2021-898530,2021-06-04,2021,122000.0,Appartement,61.0,2.0,54000.0,6.15512,48.690386,2000.0
2021-898531,2021-06-01,2021,175000.0,Appartement,92.0,4.0,54000.0,6.163147,48.697664,1902.1739130434783
2021-898535,2021-06-04,2021,106000.0,Appartement,59.0,2.0,54000.0,6.164338,48.692986,1796.6101694915253
2021-898538,2021-06-07,2021,120000.0,Appartement,84.0,4.0,54000.0,6.179241,48.675375,1428.5714285714287
2021-898540,2021-06-04,2021,26000.0,Appartement,20.0,1.0,54000.0,6.164338,48.692986,1300.0
2021-898544,2021-06-16,2021,125000.0,Appartement,55.0,3.0,54000.0,6.196614,48.698909,2272.7272727272725
2021-898545,2021-06-11,2021,59500.0,Appartement,35.0,2.0,54000.0,6.174002,48.682954,1700.0
2021-898549,2021-05-31,2021,160000.0,Appartement,69.0,3.0,54000.0,6.191508,48.701324,2318.840579710145
2021-898558,2021-06-08,2021,220800.0,Appartement,73.0,3.0,54000.0,6.167956,48.686972,3024.6575342465753
2021-898559,2021-05-27,2021,500000.0,Appartement,41.0,1.0,54000.0,6.186764,48.689389,12195.121951219513
2021-898564,2021-06-14,2021,57500.0,Appartement,73.0,4.0,54000.0,6.138771,48.692841,787.6712328767123
2021-898569,2021-06-01,2021,100000.0,Appartement,48.0,2.0,54000.0,6.165777,48.700006,2083.3333333333335
2021-898573,2021-05-31,2021,135000.0,Appartement,73.0,3.0,54000.0,6.153475,48.690674,1849.3150684931506
2021-898581,2021-06-11,2021,70000.0,Appartement,30.0,1.0,54000.0,6.186685,48.682741,2333.3333333333335
2021-898583,2021-06-04,2021,68000.0,Appartement,26.0,1.0,54000.0,6.161291,48.689125,2615.3846153846152
2021-898587,2021-06-08,2021,207000.0,Appartement,129.0,3.0,54000.0,6.165895,48.684017,1604.6511627906978
2021-898589,2021-06-04,2021,400000.0,Maison,162.0,6.0,54000.0,6.163333,48.686689,2469.135802469136
2021-898592,2021-06-11,2021,128000.0,Appartement,63.0,2.0,54000.0,6.172317,48.686379,2031.7460317460318
2021-898594,2021-06-11,2021,584500.0,Maison,170.0,5.0,54000.0,6.192978,48.697461,3438.235294117647
2021-898595,2021-06-04,2021,532600.0,Appartement,179.0,5.0,54000.0,6.171118,48.690389,2975.4189944134077
2021-898599,2021-06-16,2021,153500.0,Appartement,74.0,4.0,54000.0,6.175217,48.694426,2074.324324324324
2021-898603,2021-06-07,2021,382000.0,Appartement,193.0,5.0,54000.0,6.168041,48.694055,1979.2746113989638
2021-898606,2021-06-16,2021,155618.5,Appartement,63.0,2.0,54000.0,6.188789,48.68889,2470.1349206349205
2021-898612,2021-06-11,2021,102400.0,Appartement,50.0,2.0,54000.0,6.166127,48.700467,2048.0
2021-898614,2021-05-07,2021,154000.0,Appartement,68.0,3.0,54000.0,6.196935,48.694688,2264.705882352941
2021-898622,2021-06-21,2021,565000.0,Maison,167.0,9.0,54000.0,6.170123,48.670309,3383.2335329341317
2021-898625,2021-06-08,2021,75100.0,Appartement,69.0,3.0,54000.0,6.165251,48.667889,1088.4057971014493
2021-898628,2021-06-10,2021,123584.91,Appartement,50.0,2.0,54000.0,6.195532,48.694835,2471.6982000000003
2021-898631,2021-06-11,2021,100700.0,Appartement,57.0,3.0,54000.0,6.158365,48.696716,1766.6666666666667
2021-898636,2021-06-14,2021,408500.0,Appartement,41.0,3.0,54000.0,6.178192,48.697839,9963.414634146342
2021-898640,2021-06-18,2021,55700.0,Appartement,19.0,1.0,54000.0,6.172555,48.690051,2931.5789473684213
2021-898641,2021-06-18,2021,100000.0,Appartement,53.0,3.0,54000.0,6.201619,48.686386,1886.7924528301887
2021-898643,2021-06-16,2021,125000.0,Appartement,60.0,2.0,54000.0,6.179643,48.692867,2083.3333333333335
2021-898645,2021-05-31,2021,350000.0,Appartement,80.0,4.0,54000.0,6.163665,48.681289,4375.0
2021-898647,2021-06-14,2021,285000.0,Appartement,159.0,6.0,54000.0,6.166682,48.699009,1792.4528301886792
2021-898668,2021-06-18,2021,250000.0,Appartement,50.0,4.0,54000.0,6.191562,48.688157,5000.0
2021-898670,2021-06-04,2021,119900.0,Appartement,63.0,4.0,54000.0,6.191562,48.688157,1903.1746031746031
2021-898676,2021-05-27,2021,68900.0,Appartement,25.0,1.0,54000.0,6.179404,48.682661,2756.0
2021-898678,2021-06-16,2021,150000.0,Appartement,71.0,4.0,54000.0,6.167327,48.685467,2112.676056338028
2021-898679,2021-05-31,2021,290650.0,Appartement,113.0,4.0,54000.0,6.194482,48.684496,2572.1238938053098
2021-898680,2021-06-15,2021,81247.0,Appartement,73.0,4.0,54000.0,6.168703,48.682281,1112.972602739726
2021-898684,2021-06-18,2021,109000.0,Appartement,46.0,2.0,54000.0,6.172842,48.685197,2369.5652173913045
2021-898686,2021-06-14,2021,233000.0,Maison,70.0,5.0,54000.0,6.151591,48.694539,3328.5714285714284
2021-898689,2021-06-16,2021,87500.0,Appartement,95.0,4.0,54000.0,6.161941,48.692737,921.0526315789474
2021-898691,2021-06-14,2021,122000.0,Appartement,47.0,2.0,54000.0,6.173799,48.672279,2595.744680851064
2021-898703,2021-06-11,2021,175000.0,Appartement,67.0,2.0,54000.0,6.181295,48.693469,2611.9402985074626
2021-898707,2021-06-23,2021,197000.0,Appartement,89.0,3.0,54000.0,6.169448,48.676731,2213.483146067416
2021-898711,2021-06-10,2021,86500.0,Appartement,49.0,2.0,54000.0,6.154591,48.697545,1765.3061224489795
2021-898716,2021-06-21,2021,106400.0,Appartement,58.0,3.0,54000.0,6.162073,48.691734,1834.4827586206898
2021-898721,2021-06-21,2021,210000.0,Appartement,86.0,4.0,54000.0,6.180034,48.687951,2441.860465116279
2021-898724,2021-06-17,2021,71500.0,Appartement,29.0,2.0,54000.0,6.193632,48.689256,2465.5172413793102
2021-898727,2021-06-16,2021,325000.0,Appartement,64.0,2.0,54000.0,6.167775,48.682925,5078.125
2021-898729,2021-06-01,2021,69000.0,Appartement,78.0,4.0,54000.0,6.181427,48.680649,884.6153846153846
2021-898730,2021-06-25,2021,97200.0,Appartement,38.0,2.0,54000.0,6.192353,48.696656,2557.8947368421054
2021-898738,2021-06-18,2021,170000.0,Appartement,68.0,3.0,54000.0,6.185846,48.681541,2500.0
2021-898746,2021-06-10,2021,59000.0,Appartement,20.0,2.0,54000.0,6.167675,48.687802,2950.0
2021-898748,2021-06-10,2021,105100.0,Appartement,34.0,2.0,54000.0,6.181756,48.703591,3091.176470588235
2021-898753,2021-06-18,2021,75000.0,Appartement,36.0,2.0,54000.0,6.171421,48.703236,2083.3333333333335
2021-898762,2021-06-04,2021,210100.0,Appartement,87.0,3.0,54000.0,6.184536,48.690579,2414.942528735632
2021-898764,2021-06-08,2021,80000.0,Appartement,46.0,2.0,54000.0,6.17137,48.685813,1739.1304347826087
2021-898773,2021-06-18,2021,157000.0,Appartement,70.0,3.0,54000.0,6.168109,48.695998,2242.8571428571427
2021-898774,2021-06-16,2021,70000.0,Appartement,68.0,3.0,54000.0,6.168506,48.686072,1029.4117647058824
2021-898777,2021-06-09,2021,173000.0,Appartement,66.0,2.0,54000.0,6.181295,48.693469,2621.212121212121
2021-898778,2021-06-24,2021,79540.0,Appartement,39.0,3.0,54000.0,6.173202,48.6974,2039.4871794871794
2021-898785,2021-06-17,2021,598000.0,Maison,170.0,4.0,54000.0,6.164875,48.685589,3517.6470588235293
2021-898790,2021-06-21,2021,181200.0,Appartement,48.0,3.0,54000.0,6.169638,48.67649,3775.0
2021-898791,2021-06-11,2021,98940.0,Appartement,40.0,2.0,54000.0,6.176435,48.674031,2473.5
2021-898793,2021-06-22,2021,118000.0,Appartement,49.0,2.0,54000.0,6.185584,48.680482,2408.1632653061224
2021-898809,2021-06-21,2021,53050.0,Appartement,37.0,1.0,54000.0,6.189477,48.696678,1433.7837837837837
2021-898814,2021-06-15,2021,249000.0,Appartement,103.0,5.0,54000.0,6.15948,48.68764,2417.4757281553398
2021-898831,2021-06-01,2021,96500.0,Appartement,47.0,2.0,54000.0,6.163376,48.682369,2053.191489361702
2021-898832,2021-06-25,2021,115500.0,Appartement,47.0,2.0,54000.0,6.19637,48.698737,2457.446808510638
2021-898833,2021-06-23,2021,180000.0,Maison,89.0,4.0,54000.0,6.17484,48.683392,2022.4719101123596
2021-898837,2021-06-25,2021,66000.0,Appartement,17.0,1.0,54000.0,6.173202,48.6974,3882.3529411764707
2021-898840,2021-06-23,2021,252650.0,Appartement,126.0,5.0,54000.0,6.146039,48.689536,2005.1587301587301
2021-898851,2021-06-25,2021,350400.0,Appartement,179.0,7.0,54000.0,6.17688,48.698167,1957.5418994413408
2021-898852,2021-06-29,2021,95000.0,Appartement,47.0,2.0,54000.0,6.167364,48.688338,2021.276595744681
2021-898853,2021-06-23,2021,270000.0,Appartement,60.0,2.0,54000.0,6.18935,48.693644,4500.0
2021-898857,2021-06-25,2021,63000.0,Appartement,24.0,1.0,54000.0,6.15794,48.699285,2625.0
2021-898858,2021-06-10,2021,145000.0,Appartement,61.0,2.0,54000.0,6.181431,48.700605,2377.0491803278687
2021-898865,2021-06-21,2021,209500.0,Appartement,92.0,4.0,54000.0,6.190119,48.688538,2277.1739130434785
2021-898876,2021-06-09,2021,167000.0,Maison,68.0,3.0,54000.0,6.190579,48.702909,2455.8823529411766
2021-898877,2021-06-18,2021,153200.0,Appartement,92.0,4.0,54000.0,6.193839,48.6808,1665.2173913043478
2021-898878,2021-06-22,2021,253000.0,Appartement,88.0,3.0,54000.0,6.177034,48.691812,2875.0
2021-898881,2021-06-04,2021,286840.0,Appartement,56.0,2.0,54000.0,6.170447,48.682048,5122.142857142857
2021-898882,2021-06-22,2021,57000.0,Appartement,23.0,1.0,54000.0,6.167096,48.699082,2478.2608695652175
2021-898885,2021-05-31,2021,148000.0,Appartement,17.0,1.0,54000.0,6.181744,48.694687,8705.882352941177
2021-898889,2021-06-10,2021,280000.0,Appartement,70.0,3.0,54000.0,6.177454,48.678169,4000.0
2021-898890,2021-06-04,2021,111000.0,Appartement,50.0,2.0,54000.0,6.176871,48.684967,2220.0
2021-898897,2021-06-25,2021,415000.0,Maison,200.0,5.0,54000.0,6.150317,48.694778,2075.0
2021-898901,2021-06-16,2021,160250.0,Appartement,73.0,2.0,54000.0,6.183802,48.6878,2195.205479452055
2021-898903,2021-06-24,2021,240000.0,Appartement,97.0,4.0,54000.0,6.178184,48.680036,2474.226804123711
2021-898904,2021-06-01,2021,132000.0,Appartement,72.0,3.0,54000.0,6.191247,48.691108,1833.3333333333333
2021-898907,2021-06-17,2021,98500.0,Appartement,49.0,2.0,54000.0,6.166048,48.675777,2010.204081632653
2021-898909,2021-06-18,2021,133250.0,Appartement,60.0,2.0,54000.0,6.184121,48.67622,2220.8333333333335
2021-898911,2021-06-14,2021,67000.0,Appartement,31.0,2.0,54000.0,6.164338,48.692986,2161.2903225806454
2021-898913,2021-06-16,2021,67000.0,Appartement,30.0,2.0,54000.0,6.164338,48.692986,2233.3333333333335
2021-898914,2021-06-07,2021,119900.0,Appartement,60.0,3.0,54000.0,6.191562,48.688157,1998.3333333333333
2021-898919,2021-06-01,2021,140000.0,Appartement,49.0,2.0,54000.0,6.174116,48.677701,2857.1428571428573
2021-898921,2021-06-25,2021,247200.0,Appartement,107.0,5.0,54000.0,6.196935,48.694688,2310.2803738317757
2021-898923,2021-06-17,2021,258900.0,Appartement,108.0,4.0,54000.0,6.175199,48.699365,2397.222222222222
2021-898927,2021-06-15,2021,94050.0,Appartement,76.0,5.0,54000.0,6.139703,48.692985,1237.5
2021-898929,2021-06-11,2021,260300.0,Appartement,111.0,5.0,54000.0,6.164415,48.688023,2345.045045045045
2021-898930,2021-06-16,2021,114500.0,Appartement,53.0,2.0,54000.0,6.181428,48.687036,2160.377358490566
2021-898934,2021-06-16,2021,71250.0,Appartement,22.0,1.0,54000.0,6.196614,48.698909,3238.6363636363635
2021-898936,2021-06-15,2021,43620.0,Appartement,27.0,1.0,54000.0,6.172975,48.678043,1615.5555555555557
2021-898940,2021-06-09,2021,303473.0,Appartement,126.0,5.0,54000.0,6.171118,48.690389,2408.5158730158732
2021-898941,2021-06-09,2021,166500.0,Appartement,86.0,4.0,54000.0,6.179748,48.68322,1936.046511627907
2021-898945,2021-06-04,2021,152200.0,Appartement,69.0,3.0,54000.0,6.171086,48.669837,2205.7971014492755
2021-898946,2021-06-11,2021,142900.0,Maison,66.0,3.0,54000.0,6.175465,48.706388,2165.151515151515
2021-898949,2021-06-17,2021,218500.0,Appartement,81.0,4.0,54000.0,6.161978,48.686836,2697.5308641975307
2021-898951,2021-06-04,2021,172653.0,Appartement,93.0,4.0,54000.0,6.191562,48.688157,1856.483870967742
2021-898956,2021-06-04,2021,340000.0,Appartement,122.0,4.0,54000.0,6.181208,48.701198,2786.8852459016393
2021-898957,2021-06-25,2021,68000.0,Appartement,40.0,2.0,54000.0,6.180973,48.6841,1700.0
2021-898960,2021-06-25,2021,908000.0,Maison,288.0,10.0,54000.0,6.16427,48.687977,3152.777777777778
2021-898971,2021-06-25,2021,189050.0,Appartement,104.0,3.0,54000.0,6.178617,48.684345,1817.7884615384614
2021-898972,2021-06-15,2021,389025.0,Appartement,205.0,5.0,54000.0,6.178112,48.696013,1897.6829268292684
2021-898987,2021-06-28,2021,70000.0,Appartement,36.0,2.0,54000.0,6.185048,48.68837,1944.4444444444443
2021-898988,2021-06-17,2021,142300.0,Appartement,65.0,3.0,54000.0,6.165372,48.674719,2189.230769230769
2021-898991,2021-06-22,2021,270000.0,Appartement,60.0,3.0,54000.0,6.168305,48.70396,4500.0
2021-898997,2021-06-29,2021,115300.0,Appartement,70.0,3.0,54000.0,6.166341,48.686316,1647.142857142857
2021-898999,2021-06-17,2021,80000.0,Appartement,43.0,2.0,54000.0,6.191803,48.699416,1860.4651162790697
2021-899003,2021-06-25,2021,163000.0,Appartement,86.0,4.0,54000.0,6.180034,48.687951,1895.3488372093022
2021-899007,2021-06-28,2021,112000.0,Maison,43.0,2.0,54000.0,6.20055,48.686128,2604.6511627906975
2021-899011,2021-06-17,2021,68000.0,Appartement,23.0,1.0,54000.0,6.191803,48.699416,2956.521739130435
2021-899012,2021-06-17,2021,63000.0,Appartement,25.0,1.0,54000.0,6.191803,48.699416,2520.0
2021-899016,2021-06-11,2021,135000.0,Appartement,65.0,3.0,54000.0,6.195493,48.680357,2076.923076923077
2021-899018,2021-06-16,2021,85000.0,Appartement,75.0,4.0,54000.0,6.181777,48.700638,1133.3333333333333
2021-899020,2021-06-28,2021,545000.0,Maison,123.0,6.0,54000.0,6.168675,48.690219,4430.8943089430895
2021-899021,2021-06-28,2021,88000.0,Appartement,35.0,2.0,54000.0,6.186818,48.700675,2514.285714285714
2021-899023,2021-06-25,2021,191200.0,Appartement,81.0,2.0,54000.0,6.169307,48.689492,2360.4938271604938
2021-899027,2021-06-25,2021,179245.28,Appartement,79.0,3.0,54000.0,6.195532,48.694835,2268.927594936709
2021-899028,2021-06-23,2021,100000.0,Appartement,45.0,4.0,54000.0,6.174201,48.691072,2222.222222222222
2021-899029,2021-06-28,2021,228000.0,Appartement,88.0,3.0,54000.0,6.182294,48.682493,2590.909090909091
2021-899031,2021-06-24,2021,113100.0,Appartement,42.0,2.0,54000.0,6.157764,48.696812,2692.8571428571427
2021-899041,2021-06-21,2021,223000.0,Appartement,115.0,5.0,54000.0,6.168109,48.695998,1939.1304347826087
2021-899042,2021-06-29,2021,250800.0,Appartement,107.0,4.0,54000.0,6.178856,48.68985,2343.92523364486
2021-899045,2021-06-28,2021,126000.0,Appartement,55.0,3.0,54000.0,6.166515,48.682937,2290.909090909091
2021-899048,2021-06-28,2021,780000.0,Maison,219.0,9.0,54000.0,6.167083,48.689765,3561.6438356164385
2021-899051,2021-06-29,2021,296400.0,Appartement,152.0,5.0,54000.0,6.171644,48.699598,1950.0
2021-899052,2021-06-17,2021,86000.0,Appartement,55.0,2.0,54000.0,6.168352,48.699478,1563.6363636363637
2021-899053,2021-06-23,2021,71000.0,Appartement,36.0,1.0,54000.0,6.196489,48.67866,1972.2222222222222
2021-899054,2021-06-29,2021,278000.0,Appartement,120.0,6.0,54000.0,6.167587,48.696644,2316.6666666666665
2021-899057,2021-06-18,2021,173170.0,Appartement,78.0,4.0,54000.0,6.181647,48.690821,2220.128205128205
2021-899060,2021-06-19,2021,372000.0,Appartement,123.0,4.0,54000.0,6.178985,48.693161,3024.390243902439
2021-899061,2021-06-17,2021,110000.0,Appartement,47.0,2.0,54000.0,6.169865,48.683022,2340.425531914894
2021-899065,2021-06-22,2021,76500.0,Appartement,22.0,1.0,54000.0,6.176435,48.674031,3477.2727272727275
2021-899071,2021-06-30,2021,73000.0,Appartement,26.0,1.0,54000.0,6.165362,48.698853,2807.6923076923076
2021-899074,2021-06-21,2021,414600.0,Appartement,171.0,5.0,54000.0,6.185866,48.689927,2424.561403508772
2021-899076,2021-06-29,2021,240000.0,Appartement,147.0,4.0,54000.0,6.178606,48.698384,1632.6530612244899
2021-899077,2021-06-18,2021,205550.0,Appartement,75.0,3.0,54000.0,6.181511,48.675893,2740.6666666666665
2021-899078,2021-06-30,2021,166700.0,Appartement,63.0,4.0,54000.0,6.1822,48.700407,2646.031746031746
2021-899081,2021-06-30,2021,93847.0,Appartement,51.0,3.0,54000.0,6.191562,48.688157,1840.137254901961
2021-899088,2021-06-21,2021,66000.0,Appartement,31.0,1.0,54000.0,6.186685,48.682741,2129.032258064516
2021-899089,2021-06-30,2021,78000.0,Appartement,40.0,3.0,54000.0,6.189148,48.683586,1950.0
2021-899097,2021-06-24,2021,133000.0,Appartement,112.0,5.0,54000.0,6.172975,48.678043,1187.5
2021-899102,2021-06-23,2021,133000.0,Appartement,112.0,5.0,54000.0,6.172975,48.678043,1187.5
2021-899107,2021-07-05,2021,273000.0,Appartement,123.0,5.0,54000.0,6.175745,48.691,2219.512195121951
2021-899117,2021-06-21,2021,70000.0,Appartement,39.0,2.0,54000.0,6.167247,48.691696,1794.871794871795
2021-899118,2021-06-25,2021,84000.0,Appartement,21.0,1.0,54000.0,6.184536,48.690579,4000.0
2021-899122,2021-06-24,2021,103400.0,Appartement,47.0,2.0,54000.0,6.179447,48.702447,2200.0
2021-899123,2021-07-06,2021,170000.0,Appartement,62.0,3.0,54000.0,6.194032,48.695711,2741.935483870968
2021-899125,2021-06-28,2021,175400.0,Appartement,90.0,5.0,54000.0,6.189032,48.703797,1948.888888888889
2021-899130,2021-07-05,2021,264900.0,Maison,118.0,5.0,54000.0,6.167064,48.670433,2244.915254237288
2021-899134,2021-07-01,2021,68000.0,Appartement,23.0,1.0,54000.0,6.167096,48.699082,2956.521739130435
2021-899140,2021-06-22,2021,120400.0,Appartement,49.0,2.0,54000.0,6.180328,48.702983,2457.1428571428573
2021-899142,2021-06-04,2021,50000.0,Appartement,26.0,1.0,54000.0,6.187197,48.685477,1923.076923076923
2021-899152,2021-06-29,2021,868500.0,Appartement,185.0,5.0,54000.0,6.18034,48.695439,4694.594594594595
2021-899157,2021-06-24,2021,109000.0,Appartement,20.0,1.0,54000.0,6.176988,48.676916,5450.0
2021-899167,2021-06-29,2021,210000.0,Appartement,71.0,3.0,54000.0,6.164588,48.688082,2957.7464788732395
2021-899169,2021-06-17,2021,117315.0,Appartement,55.0,2.0,54000.0,6.183541,48.688037,2133.0
2021-899170,2021-06-24,2021,407000.0,Appartement,30.0,2.0,54000.0,6.180932,48.689975,13566.666666666666
2021-899171,2021-06-11,2021,190500.0,Appartement,97.0,4.0,54000.0,6.186956,48.687554,1963.9175257731958
2021-899173,2021-07-05,2021,210000.0,Appartement,19.0,1.0,54000.0,6.155509,48.69001,11052.631578947368
2021-899175,2021-06-30,2021,155000.0,Appartement,73.0,3.0,54000.0,6.187272,48.678672,2123.2876712328766
2021-899178,2021-06-29,2021,98000.0,Appartement,48.0,2.0,54000.0,6.186963,48.683864,2041.6666666666667
2021-899180,2021-06-11,2021,166000.0,Appartement,47.0,2.0,54000.0,6.172978,48.673196,3531.9148936170213
2021-899181,2021-06-01,2021,169000.0,Appartement,55.0,3.0,54000.0,6.15915,48.685874,3072.7272727272725
2021-899184,2021-07-05,2021,247000.0,Appartement,103.0,5.0,54000.0,6.164895,48.683339,2398.0582524271845
2021-899187,2021-07-02,2021,262807.2,Maison,89.0,6.0,54000.0,6.157135,48.690927,2952.8898876404496
2021-899188,2021-07-02,2021,134000.0,Appartement,76.0,4.0,54000.0,6.201619,48.686386,1763.157894736842
2021-899197,2021-07-01,2021,125000.0,Appartement,90.0,4.0,54000.0,6.166683,48.697584,1388.888888888889
2021-899206,2021-06-30,2021,135500.0,Appartement,58.0,3.0,54000.0,6.170954,48.675053,2336.206896551724
2021-899209,2021-06-25,2021,265000.0,Maison,102.0,5.0,54000.0,6.143128,48.691593,2598.0392156862745
2021-899213,2021-06-28,2021,86500.0,Appartement,44.0,2.0,54000.0,6.17013,48.696585,1965.909090909091
2021-899217,2021-06-29,2021,217000.0,Appartement,117.0,5.0,54000.0,6.168109,48.695998,1854.7008547008547
2021-899219,2021-06-28,2021,290000.0,Appartement,152.0,6.0,54000.0,6.159825,48.686656,1907.8947368421052
2021-899220,2021-06-16,2021,93800.0,Appartement,32.0,1.0,54000.0,6.178,48.69563,2931.25
2021-899221,2021-06-18,2021,106000.0,Appartement,59.0,4.0,54000.0,6.195015,48.679986,1796.6101694915253
2021-899222,2021-06-23,2021,171800.0,Appartement,67.0,3.0,54000.0,6.162419,48.680697,2564.179104477612
2021-899226,2021-06-25,2021,76155.0,Appartement,24.0,1.0,54000.0,6.191978,48.680956,3173.125
2021-899230,2021-06-25,2021,99000.0,Appartement,48.0,2.0,54000.0,6.165777,48.700006,2062.5
2021-899233,2021-06-30,2021,115000.0,Appartement,65.0,4.0,54000.0,6.184535,48.676275,1769.2307692307693
2021-899235,2021-06-25,2021,466500.0,Appartement,251.0,8.0,54000.0,6.178857,48.69504,1858.565737051793
2021-899237,2021-07-02,2021,102000.0,Appartement,52.0,3.0,54000.0,6.18922,48.687821,1961.5384615384614
2021-899247,2021-06-28,2021,129200.0,Appartement,83.0,4.0,54000.0,6.17957,48.675973,1556.6265060240964
2021-899248,2021-06-25,2021,99000.0,Appartement,32.0,2.0,54000.0,6.177913,48.695215,3093.75
2021-899250,2021-06-15,2021,110000.0,Appartement,63.0,3.0,54000.0,6.172667,48.69051,1746.031746031746
2021-899252,2021-07-01,2021,162080.0,Appartement,83.0,4.0,54000.0,6.198439,48.677218,1952.7710843373493
2021-899257,2021-06-28,2021,144080.0,Appartement,71.0,3.0,54000.0,6.180889,48.701934,2029.2957746478874
2021-899259,2021-07-02,2021,80000.0,Appartement,50.0,2.0,54000.0,6.171487,48.683701,1600.0
2021-899263,2021-07-09,2021,156810.0,Appartement,77.0,4.0,54000.0,6.169696,48.684046,2036.4935064935064
2021-899266,2021-07-05,2021,68500.0,Appartement,26.0,1.0,54000.0,6.165362,48.698853,2634.6153846153848
2021-899270,2021-07-09,2021,92300.0,Appartement,36.0,1.0,54000.0,6.160249,48.684336,2563.8888888888887
2021-899283,2021-06-18,2021,284000.0,Appartement,139.0,4.0,54000.0,6.187018,48.690864,2043.1654676258993
2021-899289,2021-06-14,2021,79000.0,Appartement,27.0,1.0,54000.0,6.178037,48.67772,2925.925925925926
2021-899304,2021-07-06,2021,59000.0,Appartement,19.0,2.0,54000.0,6.182275,48.688164,3105.2631578947367
2021-899305,2021-06-30,2021,254800.0,Appartement,63.0,2.0,54000.0,6.181712,48.70369,4044.4444444444443
2021-899307,2021-07-07,2021,70000.0,Appartement,26.0,2.0,54000.0,6.191803,48.699416,2692.3076923076924
2021-899313,2021-07-06,2021,90000.0,Appartement,42.0,1.0,54000.0,6.18871,48.691919,2142.8571428571427
2021-899314,2021-07-02,2021,201000.0,Appartement,121.0,4.0,54000.0,6.178037,48.67772,1661.1570247933885
2021-899319,2021-07-08,2021,146500.0,Appartement,57.0,3.0,54000.0,6.163773,48.685093,2570.1754385964914
2021-899324,2021-07-09,2021,107000.0,Appartement,75.0,3.0,54000.0,6.180861,48.684173,1426.6666666666667
2021-899325,2021-07-01,2021,78000.0,Appartement,33.0,2.0,54000.0,6.178746,48.683924,2363.6363636363635
2021-899327,2021-07-07,2021,101650.0,Appartement,49.0,3.0,54000.0,6.181053,48.703035,2074.4897959183672
2021-899329,2021-06-30,2021,111400.0,Appartement,55.0,2.0,54000.0,6.198791,48.676916,2025.4545454545455
2021-899337,2021-07-05,2021,66500.0,Appartement,24.0,1.0,54000.0,6.173553,48.695588,2770.8333333333335
2021-899352,2021-06-28,2021,659370.0,Maison,220.0,7.0,54000.0,6.16159,48.70255,2997.1363636363635
2021-899363,2021-06-29,2021,265000.0,Appartement,42.0,2.0,54000.0,6.174097,48.705399,6309.523809523809
2021-899364,2021-06-18,2021,322000.0,Appartement,148.0,6.0,54000.0,6.172919,48.693066,2175.675675675676
2021-899372,2021-07-09,2021,63000.0,Appartement,27.0,1.0,54000.0,6.196096,48.683989,2333.3333333333335
2021-899380,2021-07-09,2021,114200.0,Appartement,33.0,1.0,54000.0,6.185532,48.69025,3460.6060606060605
2021-899386,2021-07-05,2021,84300.0,Appartement,42.0,2.0,54000.0,6.185913,48.684419,2007.142857142857
2021-899392,2021-07-09,2021,64000.0,Appartement,27.0,2.0,54000.0,6.191803,48.699416,2370.3703703703704
2021-899395,2021-06-30,2021,213750.0,Appartement,73.0,3.0,54000.0,6.185584,48.680482,2928.082191780822
2021-899401,2021-07-13,2021,265000.0,Appartement,95.0,3.0,54000.0,6.181209,48.693267,2789.4736842105262
2021-899406,2021-06-30,2021,288700.0,Appartement,105.0,3.0,54000.0,6.171897,48.699145,2749.5238095238096
2021-899411,2021-07-09,2021,153700.0,Appartement,88.0,2.0,54000.0,6.193834,48.690043,1746.590909090909
2021-899412,2021-06-29,2021,230000.0,Maison,80.0,5.0,54000.0,6.179403,48.70797,2875.0
2021-899413,2021-06-29,2021,66000.0,Appartement,85.0,3.0,54000.0,6.181328,48.689398,776.4705882352941
2021-899415,2021-06-21,2021,395000.0,Maison,157.0,6.0,54000.0,6.147987,48.692626,2515.923566878981
2021-899417,2021-07-05,2021,230000.0,Appartement,120.0,5.0,54000.0,6.181328,48.689398,1916.6666666666667
2021-899419,2021-06-30,2021,42000.0,Appartement,25.0,1.0,54000.0,6.181328,48.689398,1680.0
2021-899422,2021-07-09,2021,156750.0,Appartement,57.0,2.0,54000.0,6.164844,48.703341,2750.0
2021-899437,2021-06-30,2021,106000.0,Appartement,20.0,1.0,54000.0,6.180512,48.682182,5300.0
2021-899440,2021-07-09,2021,130000.0,Appartement,35.0,2.0,54000.0,6.179112,48.686562,3714.285714285714
2021-899449,2021-07-15,2021,190500.0,Appartement,67.0,4.0,54000.0,6.180655,48.683536,2843.283582089552
2021-899454,2021-07-08,2021,244700.0,Appartement,70.0,1.0,54000.0,6.178336,48.694777,3495.714285714286
2021-899459,2021-06-30,2021,323900.0,Maison,95.0,5.0,54000.0,6.144387,48.69094,3409.4736842105262
2021-899461,2021-07-05,2021,125000.0,Appartement,92.0,4.0,54000.0,6.1951,48.681512,1358.695652173913
2021-899463,2021-07-13,2021,193000.0,Appartement,103.0,5.0,54000.0,6.166573,48.698023,1873.7864077669904
2021-899472,2021-07-02,2021,102200.0,Appartement,51.0,3.0,54000.0,6.158927,48.690216,2003.921568627451
2021-899477,2021-07-13,2021,190000.0,Appartement,82.0,4.0,54000.0,6.186938,48.682454,2317.0731707317073
2021-899478,2021-07-07,2021,88000.0,Appartement,35.0,1.0,54000.0,6.196248,48.67759,2514.285714285714
2021-899479,2021-07-12,2021,170100.0,Appartement,86.0,4.0,54000.0,6.174198,48.676772,1977.906976744186
2021-899488,2021-07-16,2021,360000.0,Appartement,35.0,1.0,54000.0,6.186248,48.683204,10285.714285714286
2021-899491,2021-07-08,2021,150000.0,Maison,120.0,4.0,54000.0,6.149234,48.697025,1250.0
2021-899494,2021-06-30,2021,100000.0,Appartement,28.0,1.0,54000.0,6.178165,48.697424,3571.4285714285716
2021-899496,2021-07-09,2021,289000.0,Appartement,79.0,4.0,54000.0,6.182379,48.684821,3658.227848101266
2021-899499,2021-07-01,2021,300000.0,Appartement,111.0,4.0,54000.0,6.185115,48.6856,2702.7027027027025
2021-899500,2021-07-09,2021,337500.0,Appartement,132.0,5.0,54000.0,6.19326,48.691594,2556.818181818182
2021-899502,2021-06-17,2021,75000.0,Appartement,25.0,1.0,54000.0,6.15914,48.696664,3000.0
2021-899504,2021-07-16,2021,395000.0,Appartement,94.0,4.0,54000.0,6.182379,48.684821,4202.127659574468
2021-899507,2021-07-09,2021,130000.0,Appartement,72.0,2.0,54000.0,6.178423,48.681941,1805.5555555555557
2021-899511,2021-07-07,2021,77520.0,Appartement,38.0,2.0,54000.0,6.159714,48.685874,2040.0
2021-899512,2021-07-12,2021,115000.0,Appartement,55.0,3.0,54000.0,6.165369,48.676728,2090.909090909091
2021-899515,2021-07-05,2021,117500.0,Appartement,54.0,2.0,54000.0,6.195457,48.692805,2175.925925925926
2021-899519,2021-07-05,2021,166300.0,Appartement,72.0,3.0,54000.0,6.175638,48.675925,2309.722222222222
2021-899521,2021-06-28,2021,62000.0,Appartement,20.0,1.0,54000.0,6.196248,48.67759,3100.0
2021-899524,2021-07-01,2021,416575.0,Maison,150.0,6.0,54000.0,6.151301,48.691841,2777.1666666666665
2021-899525,2021-06-29,2021,265000.0,Appartement,139.0,4.0,54000.0,6.177004,48.682349,1906.474820143885
2021-899531,2021-06-25,2021,145000.0,Appartement,60.0,3.0,54000.0,6.186963,48.683864,2416.6666666666665
2021-899534,2021-07-16,2021,215000.0,Appartement,125.0,4.0,54000.0,6.178541,48.708087,1720.0
2021-899544,2021-06-29,2021,118000.0,Appartement,50.0,2.0,54000.0,6.176435,48.674031,2360.0
2021-899555,2021-07-16,2021,121000.0,Appartement,51.0,2.0,54000.0,6.175775,48.697565,2372.549019607843
2021-899559,2021-07-02,2021,145500.0,Maison,100.0,4.0,54000.0,6.178119,48.70719,1455.0
2021-899568,2021-07-01,2021,93000.0,Appartement,69.0,3.0,54000.0,6.163746,48.682099,1347.8260869565217
2021-899569,2021-07-16,2021,72000.0,Appartement,34.0,2.0,54000.0,6.184271,48.690099,2117.6470588235293
2021-899572,2021-05-31,2021,104000.0,Appartement,40.0,1.0,54000.0,6.184184,48.687781,2600.0
2021-899573,2021-07-01,2021,238000.0,Appartement,119.0,4.0,54000.0,6.176375,48.697119,2000.0
2021-899575,2021-06-29,2021,134000.0,Appartement,82.0,3.0,54000.0,6.144767,48.693206,1634.1463414634147
2021-899576,2021-07-02,2021,125000.0,Appartement,58.0,4.0,54000.0,6.166568,48.689111,2155.1724137931033
2021-899577,2021-06-29,2021,318250.0,Maison,121.0,4.0,54000.0,6.169781,48.702359,2630.1652892561983
2021-899583,2021-07-15,2021,266000.0,Appartement,133.0,5.0,54000.0,6.161486,48.691574,2000.0
2021-899585,2021-07-16,2021,425000.0,Maison,135.0,4.0,54000.0,6.175136,48.69892,3148.1481481481483
2021-899589,2021-07-02,2021,195000.0,Appartement,45.0,2.0,54000.0,6.181328,48.689398,4333.333333333333
2021-899590,2021-07-13,2021,86000.0,Appartement,63.0,3.0,54000.0,6.14576,48.696638,1365.079365079365
2021-899596,2021-07-05,2021,162200.0,Maison,95.0,5.0,54100.0,6.158873,48.701212,1707.3684210526317
2021-899601,2021-07-02,2021,71400.0,Appartement,33.0,1.0,54000.0,6.187763,48.688073,2163.6363636363635
2021-899606,2021-07-09,2021,60000.0,Appartement,35.0,1.0,54000.0,6.196489,48.67866,1714.2857142857142
2021-899608,2021-07-01,2021,276450.0,Appartement,102.0,4.0,54000.0,6.178732,48.679266,2710.294117647059
2021-899609,2021-07-07,2021,263700.0,Appartement,110.0,4.0,54000.0,6.175745,48.691,2397.2727272727275
2021-899610,2021-07-19,2021,54000.0,Appartement,33.0,1.0,54000.0,6.14576,48.696638,1636.3636363636363
2021-899612,2021-07-08,2021,115000.0,Appartement,43.0,2.0,54000.0,6.183802,48.69191,2674.4186046511627
2021-899614,2021-07-16,2021,358000.0,Appartement,124.0,5.0,54000.0,6.16696,48.678598,2887.0967741935483
2021-899617,2021-06-17,2021,234000.0,Appartement,87.0,4.0,54000.0,6.17057,48.701614,2689.655172413793
2021-899618,2021-07-19,2021,59000.0,Appartement,62.0,3.0,54000.0,6.138771,48.692841,951.6129032258065
2021-899619,2021-06-22,2021,130000.0,Appartement,78.0,5.0,54000.0,6.166126,48.677471,1666.6666666666667
2021-899621,2021-07-19,2021,86000.0,Appartement,66.0,3.0,54000.0,6.14576,48.696638,1303.030303030303
2021-899629,2021-07-01,2021,423000.0,Appartement,131.0,5.0,54000.0,6.167939,48.689465,3229.007633587786
2021-899636,2021-07-02,2021,99750.0,Appartement,33.0,2.0,54000.0,6.193971,48.689742,3022.7272727272725
2021-899637,2021-06-25,2021,117100.0,Appartement,85.0,5.0,54000.0,6.161941,48.692737,1377.6470588235295
2021-899638,2021-07-19,2021,154500.0,Appartement,69.0,2.0,54000.0,6.179884,48.679794,2239.1304347826085
2021-899639,2021-07-01,2021,251600.0,Appartement,94.0,5.0,54000.0,6.180889,48.701934,2676.595744680851
2021-899640,2021-07-06,2021,148650.0,Appartement,76.0,2.0,54000.0,6.189922,48.691036,1955.921052631579
2021-899645,2021-07-21,2021,103918.0,Appartement,64.0,3.0,54000.0,6.164151,48.703724,1623.71875
2021-899653,2021-07-01,2021,68500.0,Appartement,20.0,1.0,54000.0,6.172542,48.699444,3425.0
2021-899657,2021-07-20,2021,179550.0,Appartement,99.0,4.0,54000.0,6.188621,48.688447,1813.6363636363637
2021-899661,2021-07-15,2021,168000.0,Appartement,82.0,4.0,54000.0,6.177428,48.682256,2048.7804878048782
2021-899663,2021-07-19,2021,85000.0,Appartement,31.0,1.0,54000.0,6.173187,48.680719,2741.935483870968
2021-899665,2021-07-19,2021,132000.0,Appartement,52.0,2.0,54000.0,6.180364,48.701173,2538.4615384615386
2021-899667,2021-07-20,2021,168000.0,Appartement,84.0,4.0,54000.0,6.172889,48.676369,2000.0
2021-899670,2021-07-19,2021,144000.0,Appartement,67.0,3.0,54000.0,6.172015,48.683644,2149.2537313432836
2021-899672,2021-07-12,2021,339800.0,Appartement,70.0,2.0,54000.0,6.19412,48.698866,4854.285714285715
2021-899674,2021-07-06,2021,237200.0,Appartement,112.0,5.0,54000.0,6.164222,48.682238,2117.8571428571427
2021-899675,2021-07-07,2021,92400.0,Appartement,41.0,1.0,54000.0,6.156812,48.697378,2253.6585365853657
2021-899684,2021-07-21,2021,138000.0,Appartement,68.0,3.0,54000.0,6.176871,48.684967,2029.4117647058824
2021-899686,2021-07-12,2021,222500.0,Appartement,85.0,4.0,54000.0,6.175091,48.691944,2617.6470588235293
2021-899687,2021-06-26,2021,285000.0,Appartement,25.0,1.0,54000.0,6.182961,48.686638,11400.0
2021-899688,2021-07-06,2021,255790.0,Appartement,78.0,3.0,54000.0,6.191885,48.687804,3279.358974358974
2021-899691,2021-07-07,2021,99500.0,Appartement,38.0,2.0,54000.0,6.154932,48.688729,2618.4210526315787
2021-899699,2021-06-17,2021,84000.0,Appartement,40.0,1.0,54000.0,6.184184,48.687781,2100.0
2021-899703,2021-06-30,2021,59020.0,Appartement,25.0,1.0,54000.0,6.189679,48.683364,2360.8
2021-899716,2021-07-06,2021,95500.0,Appartement,39.0,2.0,54000.0,6.187018,48.690864,2448.7179487179487
2021-899720,2021-07-21,2021,48000.0,Appartement,30.0,1.0,54000.0,6.160249,48.684336,1600.0
2021-899724,2021-07-06,2021,173000.0,Appartement,90.0,4.0,54000.0,6.165534,48.687053,1922.2222222222222
2021-899726,2021-07-02,2021,86000.0,Appartement,30.0,1.0,54000.0,6.174847,48.684069,2866.6666666666665
2021-899728,2021-07-07,2021,124000.0,Appartement,51.0,2.0,54000.0,6.196976,48.681397,2431.372549019608
2021-899730,2021-07-06,2021,302300.0,Appartement,82.0,3.0,54000.0,6.179713,48.690609,3686.5853658536585
2021-899745,2021-07-22,2021,200000.0,Maison,125.0,5.0,54000.0,6.196837,48.682119,1600.0
2021-899747,2021-07-21,2021,220000.0,Appartement,65.0,5.0,54000.0,6.173609,48.705649,3384.6153846153848
2021-899751,2021-07-12,2021,194155.08,Appartement,95.0,5.0,54000.0,6.162869,48.702886,2043.7376842105261
2021-899752,2021-07-21,2021,91000.0,Appartement,48.0,3.0,54000.0,6.187842,48.694667,1895.8333333333333
2021-899760,2021-07-01,2021,93500.0,Appartement,43.0,2.0,54000.0,6.183688,48.68164,2174.4186046511627
2021-899761,2021-07-07,2021,193700.0,Maison,140.0,7.0,54000.0,6.201092,48.684992,1383.5714285714287
2021-899770,2021-07-22,2021,96500.0,Appartement,46.0,3.0,54000.0,6.180973,48.6841,2097.8260869565215
2021-899772,2021-07-09,2021,47450.0,Appartement,18.0,1.0,54000.0,6.1734,48.700198,2636.1111111111113
2021-899774,2021-07-07,2021,703800.0,Maison,127.0,5.0,54000.0,6.153882,48.700185,5541.7322834645665
2021-899783,2021-07-13,2021,70000.0,Appartement,22.0,1.0,54000.0,6.171264,48.686087,3181.818181818182
2021-899785,2021-07-22,2021,81000.0,Appartement,34.0,2.0,54000.0,6.160249,48.684336,2382.3529411764707
2021-899786,2021-07-22,2021,146400.0,Appartement,72.0,3.0,54000.0,6.180034,48.687951,2033.3333333333333
2021-899788,2021-07-08,2021,66000.0,Appartement,22.0,1.0,54000.0,6.180512,48.682182,3000.0
2021-899792,2021-07-13,2021,89800.0,Appartement,48.0,2.0,54000.0,6.170716,48.687203,1870.8333333333333
2021-899799,2021-07-09,2021,72000.0,Appartement,23.0,1.0,54000.0,6.167096,48.699082,3130.4347826086955
2021-899801,2021-07-23,2021,147000.0,Appartement,81.0,4.0,54000.0,6.168898,48.685625,1814.8148148148148
2021-899803,2021-07-08,2021,299400.0,Maison,97.0,4.0,54000.0,6.149151,48.696582,3086.59793814433
2021-899818,2021-07-13,2021,134000.0,Appartement,70.0,3.0,54000.0,6.180889,48.701934,1914.2857142857142
2021-899823,2021-07-12,2021,125620.0,Appartement,49.0,3.0,54000.0,6.201619,48.686386,2563.673469387755
2021-899824,2021-07-16,2021,283400.0,Appartement,107.0,3.0,54000.0,6.190151,48.686951,2648.5981308411215
2021-899825,2021-07-19,2021,94000.0,Appartement,50.0,2.0,54000.0,6.195589,48.684407,1880.0
2021-899826,2021-07-08,2021,124900.0,Appartement,28.0,1.0,54000.0,6.191905,48.696515,4460.714285714285
2021-899828,2021-07-13,2021,268000.0,Appartement,83.0,4.0,54000.0,6.199255,48.692269,3228.9156626506024
2021-899831,2021-07-07,2021,160000.0,Appartement,55.0,3.0,54000.0,6.175895,48.682251,2909.090909090909
2021-899832,2021-07-23,2021,119000.0,Appartement,43.0,3.0,54000.0,6.167554,48.673551,2767.4418604651164
2021-899842,2021-07-23,2021,97700.0,Appartement,85.0,4.0,54000.0,6.179435,48.682157,1149.4117647058824
2021-899845,2021-07-15,2021,290000.0,Appartement,42.0,2.0,54000.0,6.168744,48.677851,6904.761904761905
2021-899850,2021-07-26,2021,126000.0,Appartement,69.0,4.0,54000.0,6.183595,48.688563,1826.0869565217392
2021-899851,2021-07-23,2021,210000.0,Maison,63.0,4.0,54000.0,6.165322,48.671333,3333.3333333333335
2021-899852,2021-07-20,2021,138000.0,Appartement,49.0,2.0,54000.0,6.181767,48.70025,2816.326530612245
2021-899855,2021-07-23,2021,164500.0,Maison,95.0,5.0,54100.0,6.159662,48.701311,1731.578947368421
2021-899860,2021-07-12,2021,243400.0,Maison,72.0,4.0,54000.0,6.167437,48.674388,3380.5555555555557
2021-899863,2021-07-09,2021,185000.0,Appartement,81.0,4.0,54000.0,6.162094,48.697793,2283.9506172839506
2021-899871,2021-06-28,2021,75000.0,Appartement,25.0,1.0,54000.0,6.166909,48.699509,3000.0
2021-899872,2021-07-01,2021,177000.0,Appartement,90.0,3.0,54000.0,6.165053,48.674565,1966.6666666666667
2021-899874,2021-07-13,2021,80980.0,Appartement,26.0,1.0,54000.0,6.170922,48.698058,3114.6153846153848
2021-899875,2021-07-23,2021,168000.0,Appartement,76.0,3.0,54000.0,6.166341,48.686316,2210.5263157894738
2021-899881,2021-07-22,2021,218500.0,Appartement,96.0,3.0,54000.0,6.165566,48.698653,2276.0416666666665
2021-899886,2021-07-27,2021,209000.0,Appartement,113.0,5.0,54000.0,6.170966,48.703542,1849.5575221238937
2021-899892,2021-07-23,2021,95000.0,Appartement,67.0,4.0,54000.0,6.158927,48.690216,1417.910447761194
2021-899898,2021-07-15,2021,232000.0,Appartement,120.0,4.0,54000.0,6.168848,48.690627,1933.3333333333333
2021-899903,2021-07-27,2021,685000.0,Maison,187.0,9.0,54000.0,6.165334,48.685725,3663.101604278075
2021-899904,2021-07-29,2021,104200.0,Appartement,77.0,3.0,54000.0,6.191566,48.68619,1353.2467532467533
2021-899908,2021-07-26,2021,449000.0,Maison,89.0,3.0,54000.0,6.185925,48.679013,5044.943820224719
2021-899912,2021-07-26,2021,105000.0,Appartement,65.0,3.0,54000.0,6.181427,48.680649,1615.3846153846155
2021-899916,2021-07-12,2021,201000.0,Appartement,82.0,3.0,54000.0,6.196935,48.694688,2451.2195121951218
2021-899927,2021-07-26,2021,272000.0,Maison,46.0,2.0,54000.0,6.195555,48.684895,5913.04347826087
2021-899928,2021-07-12,2021,131450.0,Appartement,45.0,2.0,54000.0,6.17876,48.684671,2921.1111111111113
2021-899929,2021-07-12,2021,53500.0,Appartement,23.0,1.0,54000.0,6.171582,48.683717,2326.086956521739
2021-899931,2021-07-08,2021,182750.0,Appartement,92.0,3.0,54000.0,6.163562,48.701524,1986.4130434782608
2021-899932,2021-07-12,2021,65750.0,Appartement,29.0,1.0,54000.0,6.183072,48.700453,2267.2413793103447
2021-899937,2021-07-27,2021,163000.0,Appartement,67.0,3.0,54000.0,6.171453,48.674933,2432.8358208955224
2021-899938,2021-07-21,2021,275000.0,Appartement,107.0,4.0,54000.0,6.164248,48.684585,2570.0934579439254
2021-899941,2021-07-29,2021,118000.0,Appartement,54.0,3.0,54000.0,6.176234,48.672925,2185.185185185185
2021-899945,2021-07-16,2021,223000.0,Appartement,105.0,4.0,54000.0,6.163021,48.687573,2123.809523809524
2021-899950,2021-07-29,2021,59000.0,Appartement,52.0,2.0,54000.0,6.191072,48.679103,1134.6153846153845
2021-899961,2021-07-12,2021,176500.0,Appartement,80.0,2.0,54000.0,6.167982,48.68823,2206.25
2021-899971,2021-07-28,2021,84075.0,Appartement,27.0,1.0,54000.0,6.178184,48.680036,3113.8888888888887
2021-899978,2021-07-28,2021,60200.0,Appartement,19.0,1.0,54000.0,6.163921,48.698956,3168.4210526315787
2021-899982,2021-07-23,2021,110000.0,Appartement,46.0,3.0,54000.0,6.195589,48.684407,2391.304347826087
2021-899992,2021-07-09,2021,66000.0,Appartement,26.0,1.0,54000.0,6.195913,48.677055,2538.4615384615386
2021-899994,2021-07-21,2021,96000.0,Appartement,54.0,2.0,54000.0,6.182578,48.681871,1777.7777777777778
2021-899995,2021-07-12,2021,129000.0,Appartement,114.0,5.0,54000.0,6.1951,48.681512,1131.578947368421
2021-899997,2021-07-13,2021,102260.0,Appartement,51.0,2.0,54000.0,6.171209,48.68615,2005.0980392156862
2021-900000,2021-07-13,2021,67568.0,Appartement,37.0,1.0,54000.0,6.158673,48.689461,1826.162162162162
2021-900005,2021-07-13,2021,72000.0,Appartement,35.0,1.0,54000.0,6.1734,48.700198,2057.1428571428573
2021-900007,2021-07-22,2021,53000.0,Appartement,19.0,1.0,54000.0,6.196248,48.67759,2789.4736842105262
2021-900017,2021-07-07,2021,100000.0,Appartement,158.0,5.0,54000.0,6.177142,48.679687,632.9113924050633
2021-900020,2021-07-29,2021,205800.0,Appartement,97.0,4.0,54000.0,6.191114,48.691651,2121.6494845360826
2021-900025,2021-07-27,2021,385000.0,Appartement,55.0,3.0,54000.0,6.166751,48.684347,7000.0
2021-900028,2021-07-28,2021,61286.0,Appartement,21.0,1.0,54000.0,6.145376,48.692202,2918.3809523809523
2021-900031,2021-07-29,2021,100000.0,Appartement,47.0,2.0,54000.0,6.180483,48.694913,2127.659574468085
2021-900035,2021-07-28,2021,113000.0,Appartement,55.0,3.0,54000.0,6.201619,48.686386,2054.5454545454545
2021-900043,2021-06-17,2021,60000.0,Appartement,18.0,2.0,54000.0,6.191803,48.699416,3333.3333333333335
2021-900044,2021-07-07,2021,77000.0,Appartement,52.0,3.0,54000.0,6.158927,48.690216,1480.7692307692307
2021-900047,2021-07-12,2021,265000.0,Appartement,35.0,2.0,54000.0,6.173718,48.683388,7571.428571428572
2021-900053,2021-07-29,2021,75000.0,Appartement,38.0,1.0,54000.0,6.187911,48.687124,1973.6842105263158
2021-900057,2021-07-29,2021,130000.0,Appartement,115.0,3.0,54000.0,6.162287,48.698906,1130.4347826086957
2021-900062,2021-07-16,2021,85000.0,Appartement,48.0,2.0,54000.0,6.171884,48.683029,1770.8333333333333
2021-900068,2021-07-13,2021,500000.0,Appartement,81.0,5.0,54000.0,6.165147,48.675809,6172.83950617284
2021-900075,2021-07-30,2021,84500.0,Appartement,46.0,2.0,54000.0,6.173295,48.698903,1836.9565217391305
2021-900076,2021-07-29,2021,157000.0,Appartement,103.0,3.0,54000.0,6.16563,48.667438,1524.2718446601941
2021-900088,2021-07-16,2021,215000.0,Appartement,108.0,4.0,54000.0,6.174246,48.699053,1990.7407407407406
2021-900092,2021-07-19,2021,111000.0,Appartement,46.0,2.0,54000.0,6.172842,48.685197,2413.0434782608695
2021-900097,2021-07-19,2021,133574.0,Appartement,55.0,2.0,54000.0,6.177683,48.684161,2428.6181818181817
2021-900098,2021-07-16,2021,138250.0,Appartement,73.0,3.0,54000.0,6.189131,48.690997,1893.835616438356
2021-900102,2021-07-27,2021,59000.0,Appartement,24.0,1.0,54000.0,6.15794,48.699285,2458.3333333333335
2021-900113,2021-07-02,2021,375000.0,Appartement,58.0,3.0,54000.0,6.194109,48.689863,6465.517241379311
2021-900117,2021-07-13,2021,591387.0,Maison,250.0,11.0,54000.0,6.157617,48.687054,2365.548
2021-900121,2021-07-09,2021,235000.0,Maison,115.0,6.0,54000.0,6.164261,48.681642,2043.4782608695652
2021-900122,2021-07-12,2021,577500.0,Appartement,45.0,2.0,54000.0,6.187315,48.688974,12833.333333333334
2021-900127,2021-07-12,2021,87100.0,Appartement,43.0,2.0,54000.0,6.181586,48.693327,2025.5813953488373
2021-900129,2021-07-28,2021,517750.0,Appartement,181.0,6.0,54000.0,6.161448,48.683616,2860.497237569061
2021-900130,2021-07-12,2021,73000.0,Appartement,29.0,1.0,54000.0,6.201619,48.686386,2517.2413793103447
2021-900155,2021-07-28,2021,54000.0,Appartement,63.0,3.0,54000.0,6.179182,48.687711,857.1428571428571
2021-900156,2021-07-20,2021,222200.0,Appartement,90.0,4.0,54000.0,6.180369,48.691251,2468.8888888888887
2021-900159,2021-07-16,2021,67000.0,Appartement,41.0,2.0,54000.0,6.178022,48.683682,1634.1463414634147
2021-900168,2021-07-20,2021,85000.0,Appartement,56.0,2.0,54000.0,6.171632,48.690814,1517.857142857143
2021-900169,2021-07-27,2021,144000.0,Appartement,92.0,4.0,54000.0,6.1951,48.681512,1565.2173913043478
2021-900172,2021-07-29,2021,156650.0,Appartement,71.0,4.0,54000.0,6.141004,48.692334,2206.3380281690143
2021-900179,2021-07-30,2021,126000.0,Appartement,53.0,3.0,54000.0,6.177649,48.706884,2377.3584905660377
2021-900182,2021-08-02,2021,222000.0,Appartement,73.0,4.0,54000.0,6.167424,48.678386,3041.095890410959
2021-900183,2021-07-26,2021,230000.0,Appartement,95.0,3.0,54000.0,6.180697,48.694862,2421.0526315789475
2021-900186,2021-07-23,2021,243000.0,Appartement,80.0,4.0,54000.0,6.200611,48.699675,3037.5
2021-900187,2021-08-04,2021,127000.0,Appartement,52.0,2.0,54000.0,6.196291,48.694203,2442.3076923076924
2021-900189,2021-07-30,2021,360000.0,Appartement,158.0,5.0,54000.0,6.184688,48.689081,2278.481012658228
2021-900191,2021-07-23,2021,140000.0,Appartement,89.0,4.0,54000.0,6.162692,48.694747,1573.0337078651685
2021-900193,2021-07-20,2021,152500.0,Appartement,67.0,3.0,54000.0,6.174962,48.703177,2276.1194029850744
2021-900198,2021-08-04,2021,290000.0,Appartement,133.0,4.0,54000.0,6.142492,48.695425,2180.4511278195487
2021-900201,2021-07-15,2021,166400.0,Appartement,62.0,3.0,54000.0,6.196935,48.694688,2683.8709677419356
2021-900203,2021-07-16,2021,441750.0,Maison,130.0,7.0,54000.0,6.161132,48.686017,3398.076923076923
2021-900204,2021-07-15,2021,180000.0,Appartement,152.0,5.0,54000.0,6.185613,48.687891,1184.2105263157894
2021-900207,2021-07-30,2021,100000.0,Appartement,38.0,2.0,54000.0,6.168892,48.683318,2631.5789473684213
2021-900217,2021-07-22,2021,217000.0,Maison,109.0,6.0,54000.0,6.185469,48.678155,1990.8256880733945
2021-900219,2021-07-30,2021,156002.0,Appartement,70.0,3.0,54000.0,6.190668,48.691989,2228.6
2021-900221,2021-07-29,2021,201500.0,Appartement,81.0,4.0,54000.0,6.191295,48.690828,2487.6543209876545
2021-900223,2021-07-12,2021,50000.0,Appartement,74.0,3.0,54000.0,6.16246,48.686338,675.6756756756756
2021-900229,2021-07-21,2021,146400.0,Appartement,64.0,3.0,54000.0,6.179591,48.674687,2287.5
2021-900232,2021-07-28,2021,570000.0,Maison,245.0,8.0,54000.0,6.167858,48.68613,2326.530612244898
2021-900238,2021-07-30,2021,86000.0,Appartement,88.0,2.0,54000.0,6.191562,48.688157,977.2727272727273
2021-900239,2021-07-30,2021,220000.0,Appartement,99.0,3.0,54000.0,6.187018,48.690864,2222.222222222222
2021-900249,2021-07-29,2021,107000.0,Appartement,41.0,2.0,54000.0,6.177142,48.679687,2609.756097560976
2021-900251,2021-07-20,2021,55000.0,Appartement,19.0,1.0,54000.0,6.185327,48.678198,2894.7368421052633
2021-900253,2021-07-29,2021,230000.0,Appartement,125.0,3.0,54000.0,6.191562,48.688157,1840.0
2021-900261,2021-07-28,2021,535000.0,Appartement,38.0,2.0,54000.0,6.176423,48.691658,14078.947368421053
2021-900262,2021-06-15,2021,152808.0,Appartement,27.0,1.0,54000.0,6.198774,48.678259,5659.555555555556
2021-900263,2021-07-12,2021,391000.0,Appartement,33.0,1.0,54000.0,6.194318,48.677892,11848.484848484848
2021-900268,2021-07-28,2021,95100.0,Appartement,18.0,1.0,54000.0,6.1734,48.700198,5283.333333333333
2021-900270,2021-07-24,2021,111800.0,Appartement,47.0,2.0,54000.0,6.196248,48.67759,2378.723404255319
2021-900271,2021-08-02,2021,89000.0,Appartement,43.0,2.0,54000.0,6.187763,48.688073,2069.767441860465
2021-900275,2021-07-26,2021,78170.0,Appartement,23.0,1.0,54000.0,6.167096,48.699082,3398.695652173913
2021-900277,2021-08-05,2021,68400.0,Appartement,41.0,2.0,54000.0,6.192338,48.681737,1668.2926829268292
2021-900281,2021-07-26,2021,196000.0,Appartement,108.0,5.0,54000.0,6.172889,48.676369,1814.8148148148148
2021-900284,2021-07-26,2021,77500.0,Appartement,48.0,2.0,54000.0,6.168352,48.699478,1614.5833333333333
2021-900287,2021-08-04,2021,239850.0,Appartement,85.0,4.0,54000.0,6.167071,48.688795,2821.764705882353
2021-900289,2021-07-30,2021,233000.0,Appartement,95.0,4.0,54000.0,6.166024,48.687453,2452.6315789473683
2021-900291,2021-07-20,2021,371000.0,Appartement,46.0,1.0,54000.0,6.166714,48.674065,8065.217391304348
2021-900293,2021-08-02,2021,84000.0,Appartement,62.0,3.0,54000.0,6.14576,48.696638,1354.8387096774193
2021-900303,2021-07-15,2021,77000.0,Appartement,24.0,1.0,54000.0,6.184881,48.690238,3208.3333333333335
2021-900304,2021-07-13,2021,170050.0,Appartement,96.0,5.0,54000.0,6.163882,48.681634,1771.3541666666667
2021-900306,2021-08-09,2021,507000.0,Maison,144.0,8.0,54000.0,6.147776,48.689997,3520.8333333333335
2021-900317,2021-08-06,2021,174000.0,Appartement,16.0,1.0,54000.0,6.179603,48.696538,10875.0
2021-900321,2021-08-09,2021,70000.0,Appartement,18.0,1.0,54000.0,6.179046,48.699064,3888.8888888888887
2021-900329,2021-08-06,2021,103070.0,Appartement,44.0,2.0,54000.0,6.183802,48.69191,2342.5
2021-900330,2021-08-05,2021,87300.0,Appartement,45.0,2.0,54000.0,6.187584,48.685648,1940.0
2021-900335,2021-08-06,2021,108080.0,Appartement,45.0,2.0,54000.0,6.183802,48.69191,2401.777777777778
2021-900340,2021-08-06,2021,162500.0,Appartement,78.0,3.0,54000.0,6.171948,48.682526,2083.3333333333335
2021-900356,2021-08-10,2021,600000.0,Appartement,110.0,4.0,54000.0,6.171765,48.68217,5454.545454545455
2021-900358,2021-08-05,2021,36000.0,Appartement,11.0,1.0,54000.0,6.177525,48.697593,3272.7272727272725
2021-900372,2021-08-02,2021,177000.0,Appartement,65.0,3.0,54000.0,6.178728,48.685161,2723.076923076923
2021-900373,2021-07-30,2021,295300.0,Appartement,120.0,4.0,54000.0,6.189561,48.683185,2460.8333333333335
2021-900375,2021-08-05,2021,78500.0,Appartement,35.0,1.0,54000.0,6.197945,48.677852,2242.8571428571427
2021-900377,2021-08-04,2021,91700.0,Appartement,35.0,2.0,54000.0,6.183873,48.701269,2620.0
2021-900382,2021-08-12,2021,190000.0,Appartement,61.0,2.0,54000.0,6.167939,48.689465,3114.754098360656
2021-900386,2021-07-29,2021,168200.0,Appartement,106.0,5.0,54000.0,6.159552,48.686069,1586.7924528301887
2021-900392,2021-08-03,2021,72400.0,Appartement,47.0,1.0,54000.0,6.186929,48.687862,1540.4255319148936
2021-900394,2021-08-12,2021,81100.0,Appartement,54.0,3.0,54000.0,6.158927,48.690216,1501.851851851852
2021-900397,2021-07-30,2021,73000.0,Appartement,28.0,1.0,54000.0,6.168789,48.6995,2607.1428571428573
2021-900401,2021-08-05,2021,83000.0,Appartement,45.0,2.0,54000.0,6.182275,48.688164,1844.4444444444443
2021-900402,2021-08-04,2021,309000.0,Appartement,138.0,4.0,54000.0,6.199526,48.6763,2239.1304347826085
2021-900404,2021-08-03,2021,215630.0,Appartement,95.0,3.0,54000.0,6.185232,48.688455,2269.7894736842104
2021-900405,2021-07-30,2021,72000.0,Appartement,37.0,2.0,54000.0,6.175244,48.674145,1945.945945945946
2021-900406,2021-08-02,2021,149900.0,Appartement,80.0,3.0,54000.0,6.179023,48.702897,1873.75
2021-900411,2021-07-26,2021,76040.0,Appartement,24.0,1.0,54000.0,6.193363,48.680994,3168.3333333333335
2021-900413,2021-07-22,2021,82200.0,Appartement,34.0,2.0,54000.0,6.171191,48.70394,2417.6470588235293
2021-900416,2021-07-26,2021,141300.0,Appartement,77.0,3.0,54000.0,6.162692,48.694747,1835.064935064935
2021-900417,2021-07-27,2021,250000.0,Maison,70.0,3.0,54000.0,6.173815,48.679888,3571.4285714285716
2021-900422,2021-07-30,2021,135000.0,Appartement,49.0,2.0,54000.0,6.168911,48.702387,2755.1020408163267
2021-900423,2021-07-27,2021,122000.0,Appartement,23.0,1.0,54000.0,6.188876,48.683713,5304.347826086957
2021-900428,2021-07-27,2021,186000.0,Appartement,63.0,3.0,54000.0,6.165371,48.682607,2952.3809523809523
2021-900429,2021-07-29,2021,140000.0,Appartement,49.0,2.0,54000.0,6.17957,48.675973,2857.1428571428573
2021-900431,2021-07-27,2021,115900.0,Appartement,46.0,2.0,54000.0,6.1951,48.681512,2519.5652173913045
2021-900435,2021-07-28,2021,380000.0,Appartement,62.0,3.0,54000.0,6.165777,48.700006,6129.032258064516
2021-900440,2021-07-23,2021,76000.0,Appartement,32.0,1.0,54000.0,6.194044,48.690495,2375.0
2021-900448,2021-07-29,2021,305000.0,Appartement,214.0,8.0,54000.0,6.161518,48.694501,1425.233644859813
2021-900454,2021-07-29,2021,250000.0,Appartement,80.0,3.0,54000.0,6.191222,48.686228,3125.0
2021-900461,2021-08-10,2021,489250.0,Maison,140.0,5.0,54000.0,6.180078,48.68335,3494.6428571428573
2021-900463,2021-07-27,2021,216000.0,Maison,63.0,4.0,54000.0,6.146739,48.693764,3428.5714285714284
2021-900466,2021-08-12,2021,44000.0,Appartement,23.0,1.0,54000.0,6.167096,48.699082,1913.0434782608695
2021-900473,2021-08-11,2021,85000.0,Appartement,44.0,2.0,54000.0,6.167247,48.691696,1931.8181818181818
2021-900474,2021-08-12,2021,112000.0,Appartement,44.0,2.0,54000.0,6.172653,48.684211,2545.4545454545455
2021-900477,2021-08-10,2021,109500.0,Appartement,48.0,2.0,54000.0,6.170383,48.686621,2281.25
2021-900478,2021-07-29,2021,295000.0,Appartement,93.0,5.0,54000.0,6.164787,48.696373,3172.043010752688
2021-900489,2021-08-16,2021,160410.0,Appartement,80.0,3.0,54000.0,6.187571,48.704653,2005.125
2021-900498,2021-08-18,2021,68600.0,Appartement,26.0,1.0,54000.0,6.193984,48.686094,2638.4615384615386
2021-900500,2021-08-03,2021,339688.0,Maison,114.0,5.0,54000.0,6.141143,48.694218,2979.719298245614
2021-900514,2021-08-06,2021,72000.0,Appartement,22.0,1.0,54000.0,6.196614,48.698909,3272.7272727272725
2021-900520,2021-07-30,2021,70000.0,Appartement,28.0,1.0,54000.0,6.168789,48.6995,2500.0
2021-900524,2021-08-02,2021,139000.0,Appartement,33.0,1.0,54000.0,6.176513,48.701836,4212.121212121212
2021-900526,2021-08-04,2021,153000.0,Appartement,116.0,5.0,54000.0,6.179182,48.687711,1318.9655172413793
2021-900527,2021-08-09,2021,122210.0,Appartement,68.0,3.0,54000.0,6.167782,48.703732,1797.2058823529412
2021-900528,2021-07-30,2021,106700.0,Appartement,23.0,1.0,54000.0,6.174372,48.672077,4639.130434782609
2021-900530,2021-08-06,2021,198000.0,Appartement,130.0,6.0,54000.0,6.170373,48.686198,1523.076923076923
2021-900535,2021-08-18,2021,295000.0,Appartement,42.0,2.0,54000.0,6.160832,48.685716,7023.809523809524
2021-900536,2021-08-03,2021,135375.0,Appartement,90.0,4.0,54000.0,6.172255,48.685894,1504.1666666666667
2021-900544,2021-07-30,2021,135000.0,Appartement,117.0,4.0,54000.0,6.151547,48.69163,1153.8461538461538
2021-900552,2021-07-26,2021,159950.0,Appartement,75.0,3.0,54000.0,6.146791,48.695624,2132.6666666666665
2021-900555,2021-07-28,2021,60000.0,Appartement,25.0,1.0,54000.0,6.169107,48.683813,2400.0
2021-900558,2021-07-21,2021,67500.0,Appartement,51.0,3.0,54000.0,6.183444,48.700451,1323.5294117647059
2021-900560,2021-07-23,2021,140300.0,Appartement,85.0,3.0,54000.0,6.165566,48.698653,1650.5882352941176
2021-900563,2021-07-27,2021,93910.0,Appartement,50.0,3.0,54000.0,6.169843,48.686805,1878.2
2021-900570,2021-07-20,2021,71000.0,Appartement,29.0,2.0,54000.0,6.158933,48.687108,2448.2758620689656
2021-900572,2021-08-16,2021,47000.0,Appartement,25.0,1.0,54000.0,6.158498,48.69836,1880.0
2021-900581,2021-08-06,2021,225000.0,Appartement,91.0,4.0,54000.0,6.165059,48.687783,2472.5274725274726
2021-900584,2021-07-30,2021,371000.0,Maison,160.0,7.0,54000.0,6.168197,48.670641,2318.75
2021-900590,2021-08-18,2021,106600.0,Appartement,45.0,2.0,54000.0,6.167247,48.691696,2368.8888888888887
2021-900597,2021-08-12,2021,614832.2,Appartement,198.0,6.0,54000.0,6.182292,48.696017,3105.2131313131313
2021-900603,2021-07-26,2021,99450.0,Appartement,41.0,2.0,54000.0,6.176577,48.676983,2425.609756097561
2021-900607,2021-07-26,2021,220000.0,Appartement,72.0,3.0,54000.0,6.194856,48.692491,3055.5555555555557
2021-900615,2021-08-20,2021,129000.0,Appartement,72.0,3.0,54000.0,6.160346,48.687713,1791.6666666666667
2021-900616,2021-07-30,2021,168000.0,Appartement,88.0,5.0,54000.0,6.172015,48.683644,1909.090909090909
2021-900618,2021-08-18,2021,89000.0,Appartement,43.0,2.0,54000.0,6.169448,48.676731,2069.767441860465
2021-900622,2021-08-06,2021,117700.0,Appartement,62.0,3.0,54000.0,6.196048,48.676783,1898.3870967741937
2021-900623,2021-08-21,2021,451500.0,Appartement,180.0,6.0,54000.0,6.176741,48.69223,2508.3333333333335
2021-900624,2021-08-04,2021,267900.0,Appartement,97.0,4.0,54000.0,6.153869,48.690982,2761.855670103093
2021-900625,2021-08-09,2021,89500.0,Appartement,55.0,1.0,54000.0,6.16145,48.703317,1627.2727272727273
2021-900627,2021-07-27,2021,80000.0,Appartement,27.0,1.0,54000.0,6.168396,48.694586,2962.962962962963
2021-900636,2021-07-28,2021,86000.0,Appartement,30.0,1.0,54000.0,6.195532,48.694835,2866.6666666666665
2021-900649,2021-07-30,2021,120700.0,Appartement,57.0,3.0,54000.0,6.16297,48.683062,2117.5438596491226
2021-900654,2021-08-23,2021,162000.0,Appartement,74.0,3.0,54000.0,6.162419,48.680697,2189.189189189189
2021-900661,2021-08-20,2021,56760.0,Appartement,28.0,1.0,54000.0,6.177058,48.695476,2027.142857142857
2021-900663,2021-08-07,2021,58400.0,Appartement,17.0,1.0,54000.0,6.176435,48.674031,3435.294117647059
2021-900670,2021-07-29,2021,402000.0,Appartement,160.0,5.0,54000.0,6.181921,48.690891,2512.5
2021-900671,2021-08-20,2021,77500.0,Appartement,44.0,2.0,54000.0,6.160346,48.687713,1761.3636363636363
2021-900672,2021-08-02,2021,60000.0,Appartement,26.0,1.0,54000.0,6.161291,48.689125,2307.6923076923076
2021-900673,2021-07-30,2021,86000.0,Appartement,45.0,2.0,54000.0,6.19069,48.686656,1911.111111111111
2021-900678,2021-08-18,2021,81700.0,Appartement,34.0,2.0,54000.0,6.185349,48.690603,2402.9411764705883
2021-900679,2021-08-20,2021,437000.0,Appartement,188.0,4.0,54000.0,6.179465,48.692086,2324.468085106383
2021-900680,2021-08-17,2021,89000.0,Appartement,24.0,2.0,54000.0,6.182493,48.701774,3708.3333333333335
2021-900682,2021-07-27,2021,109150.0,Appartement,55.0,2.0,54000.0,6.166523,48.698223,1984.5454545454545
2021-900686,2021-07-30,2021,69000.0,Appartement,28.0,1.0,54000.0,6.187423,48.688655,2464.285714285714
2021-900688,2021-07-29,2021,119000.0,Appartement,41.0,3.0,54000.0,6.159604,48.687075,2902.439024390244
2021-900691,2021-08-20,2021,155000.0,Appartement,68.0,2.0,54000.0,6.197383,48.684941,2279.4117647058824
2021-900695,2021-08-06,2021,160000.0,Appartement,64.0,3.0,54000.0,6.196291,48.694203,2500.0
2021-900698,2021-08-18,2021,92500.0,Appartement,31.0,1.0,54000.0,6.172502,48.674942,2983.8709677419356
2021-900699,2021-08-09,2021,59000.0,Appartement,19.0,1.0,54000.0,6.196248,48.67759,3105.2631578947367
2021-900704,2021-08-12,2021,258000.0,Appartement,94.0,5.0,54000.0,6.173176,48.698312,2744.68085106383
2021-900709,2021-07-26,2021,80000.0,Appartement,50.0,2.0,54000.0,6.180034,48.687951,1600.0
2021-900710,2021-08-09,2021,210850.0,Appartement,97.0,4.0,54000.0,6.184934,48.686963,2173.7113402061855
2021-900711,2021-08-02,2021,143000.0,Appartement,100.0,5.0,54000.0,6.179435,48.682157,1430.0
2021-900712,2021-07-29,2021,70000.0,Appartement,32.0,2.0,54000.0,6.193632,48.689256,2187.5
2021-900714,2021-08-05,2021,164000.0,Appartement,57.0,3.0,54000.0,6.180593,48.683153,2877.1929824561403
2021-900716,2021-08-06,2021,123900.0,Maison,90.0,5.0,54100.0,6.15676,48.704981,1376.6666666666667
2021-900718,2021-08-05,2021,329000.0,Maison,84.0,3.0,54000.0,6.147555,48.69688,3916.6666666666665
2021-900726,2021-08-20,2021,319000.0,Appartement,88.0,4.0,54000.0,6.182379,48.684821,3625.0
2021-900727,2021-07-26,2021,76500.0,Appartement,63.0,3.0,54000.0,6.196976,48.681397,1214.2857142857142
2021-900730,2021-07-30,2021,320000.0,Appartement,159.0,6.0,54000.0,6.166682,48.699009,2012.5786163522012
2021-900732,2021-08-24,2021,98850.0,Appartement,43.0,3.0,54000.0,6.182722,48.701074,2298.8372093023254
2021-900751,2021-08-24,2021,460000.0,Appartement,85.0,3.0,54000.0,6.161834,48.686408,5411.764705882353
2021-900752,2021-08-05,2021,125000.0,Appartement,64.0,3.0,54000.0,6.16873,48.685162,1953.125
2021-900755,2021-08-24,2021,500000.0,Appartement,48.0,2.0,54000.0,6.185447,48.692286,10416.666666666666
2021-900756,2021-08-04,2021,71500.0,Appartement,39.0,2.0,54000.0,6.193488,48.68961,1833.3333333333333
2021-900762,2021-08-10,2021,203500.0,Maison,86.0,4.0,54000.0,6.17826,48.685281,2366.279069767442
2021-900771,2021-08-03,2021,53200.0,Appartement,18.0,1.0,54000.0,6.1734,48.700198,2955.5555555555557
2021-900772,2021-08-18,2021,127875.0,Appartement,91.0,4.0,54000.0,6.170373,48.686198,1405.2197802197802
2021-900773,2021-08-26,2021,88000.0,Appartement,55.0,3.0,54000.0,6.1488,48.691485,1600.0
2021-900774,2021-08-13,2021,137750.0,Appartement,47.0,2.0,54000.0,6.186685,48.682741,2930.851063829787
2021-900775,2021-07-30,2021,106400.0,Appartement,43.0,2.0,54000.0,6.19153,48.691994,2474.4186046511627
2021-900777,2021-08-20,2021,245000.0,Appartement,80.0,3.0,54000.0,6.189369,48.688003,3062.5
2021-900781,2021-08-04,2021,182180.0,Appartement,95.0,5.0,54000.0,6.162869,48.702886,1917.6842105263158
2021-900783,2021-08-18,2021,135000.0,Appartement,48.0,2.0,54000.0,6.176825,48.700733,2812.5
2021-900787,2021-07-28,2021,131650.0,Appartement,55.0,3.0,54000.0,6.178644,48.683395,2393.6363636363635
2021-900791,2021-08-25,2021,250000.0,Appartement,55.0,2.0,54000.0,6.194057,48.689494,4545.454545454545
2021-900796,2021-08-19,2021,105000.0,Appartement,34.0,1.0,54000.0,6.185584,48.680482,3088.235294117647
2021-900810,2021-07-30,2021,610000.0,Maison,190.0,9.0,54000.0,6.177744,48.679635,3210.5263157894738
2021-900815,2021-08-19,2021,168400.0,Appartement,77.0,3.0,54000.0,6.16666,48.697112,2187.012987012987
2021-900816,2021-08-27,2021,72000.0,Appartement,28.0,1.0,54000.0,6.168911,48.702387,2571.4285714285716
2021-900818,2021-08-25,2021,280000.0,Maison,120.0,4.0,54000.0,6.175206,48.684136,2333.3333333333335
2021-900820,2021-08-23,2021,131500.0,Appartement,60.0,3.0,54000.0,6.173954,48.675437,2191.6666666666665
2021-900822,2021-08-03,2021,154000.0,Appartement,86.0,4.0,54000.0,6.160346,48.687713,1790.6976744186047
2021-900823,2021-08-23,2021,90000.0,Appartement,31.0,1.0,54000.0,6.196248,48.67759,2903.2258064516127
2021-900825,2021-08-23,2021,298875.0,Appartement,96.0,3.0,54000.0,6.166183,48.686916,3113.28125
2021-900827,2021-08-03,2021,115000.0,Appartement,68.0,3.0,54000.0,6.178037,48.67772,1691.1764705882354
2021-900833,2021-08-04,2021,400000.0,Appartement,97.0,4.0,54000.0,6.168481,48.688881,4123.711340206186
2021-900842,2021-08-10,2021,74000.0,Appartement,30.0,2.0,54000.0,6.194044,48.690495,2466.6666666666665
2021-900852,2021-07-20,2021,108280.0,Appartement,22.0,2.0,54000.0,6.180131,48.683783,4921.818181818182
2021-900856,2021-08-25,2021,130000.0,Appartement,49.0,3.0,54000.0,6.192078,48.691633,2653.061224489796
2021-900857,2021-07-27,2021,85500.0,Appartement,31.0,2.0,54000.0,6.16127,48.687794,2758.064516129032
2021-900859,2021-08-27,2021,377610.0,Appartement,48.0,2.0,54000.0,6.184684,48.704564,7866.875
2021-900863,2021-08-30,2021,163500.0,Appartement,52.0,2.0,54000.0,6.198411,48.698653,3144.230769230769
2021-900867,2021-08-30,2021,126200.0,Appartement,49.0,2.0,54000.0,6.196935,48.694688,2575.5102040816328
2021-900873,2021-08-26,2021,147250.0,Appartement,67.0,3.0,54000.0,6.1951,48.681512,2197.7611940298507
2021-900874,2021-08-03,2021,83000.0,Appartement,44.0,1.0,54000.0,6.164795,48.691567,1886.3636363636363
2021-900880,2021-08-13,2021,92000.0,Appartement,43.0,2.0,54000.0,6.169895,48.687621,2139.5348837209303
2021-900883,2021-08-12,2021,370000.0,Appartement,120.0,4.0,54000.0,,,3083.3333333333335
2021-900885,2021-08-30,2021,105000.0,Appartement,41.0,2.0,54000.0,6.180158,48.693081,2560.9756097560976
2021-900887,2021-08-26,2021,283000.0,Maison,120.0,5.0,54000.0,6.160809,48.70366,2358.3333333333335
2021-900889,2021-08-05,2021,165000.0,Appartement,93.0,3.0,54000.0,6.166258,48.703008,1774.1935483870968
2021-900892,2021-08-31,2021,199500.0,Appartement,58.0,2.0,54000.0,6.167939,48.689465,3439.655172413793
2021-900894,2021-08-23,2021,160000.0,Appartement,82.0,4.0,54000.0,6.165972,48.701271,1951.219512195122
2021-900895,2021-08-17,2021,134000.0,Appartement,54.0,3.0,54000.0,6.168131,48.696354,2481.4814814814813
2021-900901,2021-08-03,2021,195000.0,Appartement,109.0,5.0,54000.0,6.160249,48.684336,1788.9908256880733
2021-900902,2021-08-03,2021,81540.0,Appartement,40.0,2.0,54000.0,6.183736,48.700939,2038.5
2021-900906,2021-08-19,2021,402500.0,Appartement,26.0,2.0,54000.0,6.178192,48.697839,15480.76923076923
2021-900910,2021-08-25,2021,90250.0,Appartement,28.0,2.0,54000.0,6.177004,48.682349,3223.214285714286
2021-900920,2021-08-17,2021,92000.0,Appartement,35.0,2.0,54000.0,6.194058,48.678486,2628.5714285714284
2021-900930,2021-08-17,2021,77000.0,Appartement,31.0,1.0,54000.0,6.186624,48.683308,2483.8709677419356
2021-900931,2021-08-17,2021,73000.0,Appartement,38.0,1.0,54000.0,6.195278,48.673116,1921.0526315789473
2021-900937,2021-08-06,2021,77000.0,Appartement,32.0,1.0,54000.0,6.194044,48.690495,2406.25
2021-900938,2021-08-16,2021,121600.0,Appartement,93.0,3.0,54000.0,6.169399,48.688292,1307.52688172043
2021-900939,2021-08-16,2021,82500.0,Appartement,25.0,1.0,54000.0,6.197945,48.677852,3300.0
2021-900940,2021-08-18,2021,121000.0,Appartement,49.0,2.0,54000.0,6.170175,48.686948,2469.387755102041
2021-900945,2021-08-16,2021,152050.0,Appartement,62.0,3.0,54000.0,6.165236,48.692301,2452.4193548387098
2021-900946,2021-08-19,2021,115000.0,Appartement,53.0,2.0,54000.0,6.172866,48.686997,2169.811320754717
2021-900947,2021-08-12,2021,104000.0,Appartement,66.0,4.0,54000.0,6.1488,48.691485,1575.7575757575758
2021-900954,2021-08-18,2021,170430.0,Appartement,82.0,4.0,54000.0,6.177428,48.682256,2078.4146341463415
2021-900955,2021-08-05,2021,1408300.0,Maison,273.0,8.0,54000.0,6.170094,48.692707,5158.608058608059
2021-900958,2021-08-04,2021,76600.0,Appartement,44.0,2.0,54000.0,6.161249,48.687269,1740.909090909091
2021-900963,2021-09-01,2021,173000.0,Appartement,85.0,5.0,54000.0,6.175745,48.691,2035.2941176470588
2021-900964,2021-08-20,2021,233000.0,Appartement,86.0,4.0,54000.0,6.183745,48.689607,2709.3023255813955
2021-900970,2021-08-19,2021,74510.0,Appartement,44.0,2.0,54000.0,6.188789,48.68889,1693.409090909091
2021-900973,2021-08-19,2021,237500.0,Appartement,37.0,2.0,54000.0,6.178026,48.707174,6418.918918918919
2021-900975,2021-08-19,2021,60000.0,Appartement,19.0,1.0,54000.0,6.181056,48.693266,3157.8947368421054
2021-900977,2021-08-18,2021,345000.0,Appartement,131.0,4.0,54000.0,6.191562,48.688157,2633.587786259542
2021-900978,2021-08-13,2021,240000.0,Appartement,83.0,4.0,54000.0,6.190112,48.69401,2891.5662650602408
2021-900982,2021-08-25,2021,108000.0,Appartement,55.0,3.0,54000.0,6.191426,48.683425,1963.6363636363637
2021-900984,2021-08-19,2021,642000.0,Appartement,42.0,3.0,54000.0,6.172054,48.683346,15285.714285714286
2021-900986,2021-08-27,2021,90000.0,Appartement,35.0,2.0,54000.0,6.184801,48.688504,2571.4285714285716
2021-900991,2021-08-31,2021,79000.0,Appartement,36.0,2.0,54000.0,6.194058,48.678486,2194.4444444444443
2021-900994,2021-08-30,2021,131500.0,Appartement,64.0,3.0,54000.0,6.180086,48.674843,2054.6875
2021-901005,2021-08-19,2021,64000.0,Appartement,20.0,1.0,54000.0,6.180512,48.682182,3200.0
2021-901028,2021-08-24,2021,102000.0,Appartement,65.0,3.0,54000.0,6.186685,48.682741,1569.2307692307693
2021-901032,2021-09-02,2021,87480.0,Appartement,34.0,1.0,54000.0,6.184468,48.686766,2572.9411764705883
2021-901037,2021-08-10,2021,104636.0,Appartement,39.0,2.0,54000.0,6.186982,48.682007,2682.974358974359
2021-901057,2021-08-27,2021,480000.0,Maison,155.0,5.0,54000.0,6.155848,48.69329,3096.7741935483873
2021-901059,2021-08-13,2021,75000.0,Appartement,52.0,2.0,54000.0,6.195729,48.685041,1442.3076923076924
2021-901065,2021-08-23,2021,122000.0,Appartement,41.0,2.0,54000.0,6.196291,48.694203,2975.609756097561
2021-901068,2021-08-25,2021,113000.0,Appartement,53.0,2.0,54000.0,6.16631,48.681615,2132.0754716981132
2021-901074,2021-09-02,2021,130000.0,Appartement,48.0,2.0,54000.0,6.196291,48.694203,2708.3333333333335
2021-901075,2021-08-24,2021,151050.0,Appartement,71.0,3.0,54000.0,6.160786,48.689929,2127.4647887323945
2021-901079,2021-08-30,2021,51550.0,Appartement,25.0,1.0,54000.0,6.186336,48.678773,2062.0
2021-901092,2021-09-01,2021,340390.0,Appartement,160.0,6.0,54000.0,6.180871,48.691698,2127.4375
2021-901095,2021-08-31,2021,65000.0,Appartement,28.0,1.0,54000.0,6.181428,48.687036,2321.4285714285716
2021-901101,2021-09-02,2021,246000.0,Appartement,67.0,3.0,54000.0,6.185159,48.691052,3671.6417910447763
2021-901114,2021-08-30,2021,140000.0,Appartement,81.0,3.0,54000.0,6.170173,48.687625,1728.3950617283951
2021-901116,2021-09-01,2021,237500.0,Appartement,87.0,4.0,54000.0,6.178519,48.700639,2729.885057471264
2021-901118,2021-09-01,2021,57000.0,Appartement,13.0,1.0,54000.0,6.189172,48.70369,4384.615384615385
2021-901119,2021-08-31,2021,166000.0,Appartement,102.0,4.0,54000.0,6.173986,48.688168,1627.450980392157
2021-901120,2021-09-01,2021,163500.0,Appartement,62.0,3.0,54000.0,6.169813,48.691018,2637.0967741935483
2021-901122,2021-09-06,2021,78580.0,Appartement,39.0,2.0,54000.0,6.179269,48.689175,2014.871794871795
2021-901124,2021-08-25,2021,150000.0,Appartement,72.0,3.0,54000.0,6.187628,48.688307,2083.3333333333335
2021-901136,2021-08-26,2021,108000.0,Appartement,39.0,2.0,54000.0,6.156812,48.697378,2769.230769230769
2021-901142,2021-08-25,2021,280422.0,Appartement,20.0,1.0,54000.0,6.17826,48.692626,14021.1
2021-901145,2021-08-27,2021,76000.0,Appartement,56.0,3.0,54000.0,6.161941,48.692737,1357.142857142857
2021-901150,2021-08-31,2021,960000.0,Appartement,65.0,3.0,54000.0,6.170503,48.675607,14769.23076923077
2021-901156,2021-08-30,2021,100000.0,Appartement,47.0,2.0,54000.0,6.166127,48.700467,2127.659574468085
2021-901160,2021-08-30,2021,80750.0,Appartement,27.0,1.0,54000.0,6.176383,48.698726,2990.740740740741
2021-901162,2021-08-31,2021,650000.0,Maison,148.0,6.0,54000.0,6.165812,48.675461,4391.891891891892
2021-901164,2021-09-03,2021,92000.0,Appartement,96.0,3.0,54000.0,6.171472,48.687154,958.3333333333334
2021-901169,2021-09-03,2021,216550.0,Appartement,194.0,4.0,54000.0,6.171472,48.687154,1116.2371134020618
2021-901171,2021-08-22,2021,125000.0,Appartement,53.0,2.0,54000.0,6.177195,48.697877,2358.490566037736
2021-901172,2021-08-30,2021,275000.0,Appartement,148.0,5.0,54000.0,6.19009,48.688012,1858.1081081081081
2021-901177,2021-08-31,2021,59660.0,Appartement,19.0,1.0,54000.0,6.196248,48.67759,3140.0
2021-901181,2021-08-30,2021,290000.0,Appartement,23.0,1.0,54000.0,6.190077,48.699674,12608.695652173914
2021-901182,2021-08-26,2021,253670.0,Appartement,98.0,4.0,54000.0,6.174801,48.681236,2588.469387755102
2021-901183,2021-08-31,2021,200000.0,Maison,95.0,5.0,54000.0,6.171029,48.67548,2105.2631578947367
2021-901186,2021-08-27,2021,113100.0,Appartement,53.0,2.0,54000.0,6.162869,48.702886,2133.9622641509436
2021-901187,2021-09-06,2021,162000.0,Appartement,61.0,3.0,54000.0,6.192456,48.689562,2655.7377049180327
2021-901203,2021-09-06,2021,67500.0,Appartement,36.0,1.0,54000.0,6.195278,48.673116,1875.0
2021-901220,2021-08-31,2021,760000.0,Maison,186.0,8.0,54000.0,6.16971,48.701247,4086.021505376344
2021-901223,2021-09-06,2021,125420.0,Appartement,74.0,3.0,54000.0,6.168644,48.692008,1694.8648648648648
2021-901224,2021-09-07,2021,64430.0,Appartement,20.0,1.0,54000.0,6.191247,48.691108,3221.5
2021-901225,2021-09-01,2021,212000.0,Appartement,70.0,3.0,54000.0,6.161071,48.687006,3028.5714285714284
2021-901230,2021-08-27,2021,115000.0,Appartement,71.0,4.0,54000.0,6.17983,48.704407,1619.718309859155
2021-901245,2021-09-08,2021,260000.0,Maison,152.0,6.0,54000.0,6.164363,48.673985,1710.5263157894738
2021-901247,2021-09-01,2021,200900.0,Appartement,105.0,4.0,54000.0,6.184856,48.686874,1913.3333333333333
2021-901250,2021-09-10,2021,62000.0,Appartement,24.0,1.0,54000.0,6.186336,48.678773,2583.3333333333335
2021-901256,2021-09-06,2021,59400.0,Appartement,21.0,1.0,54000.0,6.180725,48.693589,2828.5714285714284
2021-901258,2021-09-01,2021,138680.0,Appartement,86.0,4.0,54000.0,6.172798,48.672752,1612.5581395348838
2021-901259,2021-08-17,2021,145350.0,Appartement,66.0,3.0,54000.0,6.16691,48.688991,2202.2727272727275
2021-901263,2021-09-03,2021,87630.0,Appartement,30.0,1.0,54000.0,6.180558,48.693894,2921.0
2021-901267,2021-09-03,2021,54000.0,Appartement,30.0,2.0,54000.0,6.197373,48.678978,1800.0
2021-901269,2021-09-02,2021,180000.0,Appartement,70.0,3.0,54000.0,,,2571.4285714285716
2021-901272,2021-09-01,2021,69000.0,Appartement,27.0,1.0,54000.0,6.179447,48.702447,2555.5555555555557
2021-901276,2021-09-09,2021,123500.0,Appartement,94.0,4.0,54000.0,6.186336,48.678773,1313.8297872340424
2021-901282,2021-08-25,2021,150000.0,Appartement,78.0,4.0,54000.0,6.178602,48.67811,1923.076923076923
2021-901289,2021-09-06,2021,79500.0,Appartement,35.0,1.0,54000.0,6.179416,48.699127,2271.4285714285716
2021-901290,2021-09-13,2021,113000.0,Appartement,52.0,2.0,54000.0,6.196489,48.67866,2173.076923076923
2021-901294,2021-09-08,2021,96400.0,Appartement,75.0,3.0,54000.0,6.19349,48.680975,1285.3333333333333
2021-901295,2021-09-02,2021,108000.0,Appartement,56.0,4.0,54000.0,6.191047,48.686667,1928.5714285714287
2021-901302,2021-09-02,2021,218500.0,Appartement,56.0,3.0,54000.0,6.195186,48.685083,3901.785714285714
2021-901305,2021-09-01,2021,123000.0,Appartement,48.0,2.0,54000.0,6.196935,48.694688,2562.5
2021-901312,2021-09-10,2021,99000.0,Appartement,39.0,2.0,54000.0,6.161691,48.688283,2538.4615384615386
2021-901328,2021-09-13,2021,92000.0,Appartement,38.0,2.0,54000.0,6.193971,48.689742,2421.0526315789475
2021-901337,2021-09-08,2021,113500.0,Appartement,34.0,2.0,54000.0,6.191025,48.687512,3338.235294117647
2021-901341,2021-09-06,2021,126000.0,Maison,38.0,2.0,54000.0,6.188913,48.680319,3315.7894736842104
2021-901343,2021-08-26,2021,112100.0,Appartement,51.0,3.0,54000.0,6.171266,48.687012,2198.0392156862745
2021-901346,2021-09-10,2021,156000.0,Appartement,68.0,3.0,54000.0,6.163659,48.682094,2294.1176470588234
2021-901347,2021-09-02,2021,63000.0,Appartement,48.0,2.0,54000.0,6.139703,48.692985,1312.5
2021-901348,2021-09-07,2021,361000.0,Maison,150.0,5.0,54000.0,6.197128,48.675957,2406.6666666666665
2021-901351,2021-09-03,2021,245000.0,Appartement,118.0,5.0,54000.0,6.19102,48.688836,2076.271186440678
2021-901355,2021-09-03,2021,75000.0,Appartement,34.0,2.0,54000.0,6.173986,48.688168,2205.8823529411766
2021-901356,2021-08-24,2021,290350.0,Appartement,94.0,3.0,54000.0,6.181209,48.693267,3088.8297872340427
2021-901358,2021-09-03,2021,360000.0,Maison,103.0,4.0,54000.0,6.147094,48.691459,3495.145631067961
2021-901359,2021-08-19,2021,325000.0,Maison,103.0,6.0,54000.0,6.162442,48.688669,3155.339805825243
2021-901360,2021-08-25,2021,88000.0,Appartement,35.0,3.0,54000.0,6.164141,48.684803,2514.285714285714
2021-901365,2021-08-19,2021,70000.0,Appartement,33.0,2.0,54000.0,6.18273,48.686804,2121.212121212121
2021-901368,2021-09-09,2021,155500.0,Appartement,81.0,4.0,54000.0,6.165777,48.700006,1919.7530864197531
2021-901369,2021-09-06,2021,50000.0,Appartement,34.0,2.0,54000.0,6.190389,48.699396,1470.5882352941176
2021-901370,2021-09-08,2021,154500.0,Appartement,70.0,3.0,54000.0,6.178512,48.681809,2207.1428571428573
2021-901372,2021-09-09,2021,175750.0,Appartement,78.0,4.0,54000.0,6.176971,48.682873,2253.2051282051284
2021-901373,2021-08-27,2021,796000.0,Appartement,261.0,7.0,54000.0,6.175087,48.692739,3049.808429118774
2021-901377,2021-09-03,2021,120000.0,Appartement,39.0,2.0,54000.0,6.182491,48.700015,3076.923076923077
2021-901379,2021-09-03,2021,87000.0,Appartement,50.0,2.0,54000.0,6.180034,48.687951,1740.0
2021-901380,2021-09-07,2021,215000.0,Appartement,105.0,4.0,54000.0,6.177505,48.692311,2047.6190476190477
2021-901394,2021-08-26,2021,581100.0,Maison,190.0,8.0,54000.0,6.183409,48.677986,3058.4210526315787
2021-901402,2021-09-02,2021,190000.0,Maison,96.0,5.0,54100.0,6.146158,48.703036,1979.1666666666667
2021-901403,2021-09-10,2021,157000.0,Appartement,53.0,3.0,54000.0,6.175226,48.680261,2962.264150943396
2021-901404,2021-09-09,2021,77000.0,Appartement,28.0,1.0,54000.0,6.185263,48.685693,2750.0
2021-901423,2021-09-03,2021,250000.0,Maison,80.0,4.0,54000.0,6.143246,48.69198,3125.0
2021-901430,2021-08-30,2021,70340.0,Appartement,35.0,1.0,54000.0,6.18871,48.691919,2009.7142857142858
2021-901431,2021-08-27,2021,279000.0,Maison,109.0,5.0,54000.0,6.177227,48.708488,2559.6330275229357
2021-901436,2021-08-31,2021,85900.0,Appartement,42.0,2.0,54000.0,6.181601,48.689642,2045.2380952380952
2021-901439,2021-08-26,2021,282500.0,Maison,80.0,5.0,54000.0,6.196394,48.676524,3531.25
2021-901449,2021-08-23,2021,280000.0,Appartement,120.0,4.0,54000.0,6.178209,48.701659,2333.3333333333335
2021-901456,2021-08-31,2021,120000.0,Appartement,86.0,4.0,54000.0,6.180034,48.687951,1395.3488372093022
2021-901457,2021-08-26,2021,70000.0,Appartement,25.0,1.0,54000.0,6.167247,48.691696,2800.0
2021-901462,2021-08-30,2021,47350.0,Appartement,34.0,2.0,54000.0,6.196042,48.684134,1392.6470588235295
2021-901465,2021-09-10,2021,409000.0,Maison,220.0,6.0,54000.0,6.155921,48.691818,1859.090909090909
2021-901466,2021-09-01,2021,82775.0,Appartement,55.0,3.0,54000.0,6.145376,48.692202,1505.0
2021-901473,2021-09-10,2021,400000.0,Appartement,178.0,6.0,54000.0,6.172304,48.682024,2247.191011235955
2021-901476,2021-09-16,2021,125000.0,Appartement,61.0,3.0,54000.0,6.181601,48.677006,2049.1803278688526
2021-901477,2021-09-17,2021,158000.0,Appartement,48.0,1.0,54000.0,6.18238,48.691577,3291.6666666666665
2021-901480,2021-09-01,2021,258600.0,Appartement,92.0,4.0,54000.0,6.171215,48.694178,2810.8695652173915
2021-901482,2021-09-01,2021,145000.0,Appartement,79.0,5.0,54000.0,6.161941,48.692737,1835.4430379746836
2021-901485,2021-09-02,2021,160000.0,Appartement,84.0,4.0,54000.0,6.172889,48.676369,1904.7619047619048
2021-901487,2021-09-16,2021,86000.0,Appartement,26.0,2.0,54000.0,6.163921,48.698956,3307.6923076923076
2021-901490,2021-09-15,2021,50378.0,Appartement,24.0,1.0,54000.0,6.180244,48.67922,2099.0833333333335
2021-901496,2021-09-08,2021,118000.0,Appartement,48.0,2.0,54000.0,6.176435,48.674031,2458.3333333333335
2021-901500,2021-08-24,2021,123000.0,Appartement,60.0,3.0,54000.0,6.174004,48.67746,2050.0
2021-901501,2021-09-06,2021,128000.0,Appartement,54.0,2.0,54000.0,6.173799,48.672279,2370.3703703703704
2021-901503,2021-07-23,2021,235000.0,Appartement,76.0,4.0,54000.0,6.182518,48.688232,3092.1052631578946
2021-901508,2021-09-15,2021,161700.0,Maison,67.0,3.0,54000.0,6.172094,48.702206,2413.4328358208954
2021-901512,2021-08-26,2021,143600.0,Appartement,65.0,3.0,54000.0,6.176435,48.674031,2209.230769230769
2021-901513,2021-09-08,2021,95000.0,Appartement,47.0,2.0,54000.0,6.176435,48.674031,2021.276595744681
2021-901514,2021-09-14,2021,84260.0,Appartement,72.0,4.0,54000.0,6.161941,48.692737,1170.2777777777778
2021-901517,2021-09-17,2021,180000.0,Appartement,96.0,2.0,54000.0,6.181341,48.694469,1875.0
2021-901520,2021-09-17,2021,300000.0,Maison,107.0,4.0,54000.0,6.171673,48.674908,2803.7383177570096
2021-901521,2021-08-30,2021,77000.0,Appartement,27.0,1.0,54000.0,6.164773,48.692779,2851.8518518518517
2021-901530,2021-08-30,2021,79000.0,Appartement,33.0,2.0,54000.0,6.16948,48.689474,2393.939393939394
2021-901533,2021-09-15,2021,185750.0,Appartement,85.0,4.0,54000.0,6.147045,48.692068,2185.294117647059
2021-901537,2021-09-09,2021,428000.0,Appartement,43.0,2.0,54000.0,6.172741,48.683183,9953.488372093023
2021-901541,2021-09-09,2021,250000.0,Appartement,92.0,5.0,54000.0,6.181208,48.701198,2717.391304347826
2021-901543,2021-09-13,2021,593400.0,Maison,169.0,5.0,54000.0,6.166838,48.66926,3511.242603550296
2021-901544,2021-09-17,2021,200000.0,Appartement,90.0,4.0,54000.0,6.164614,48.687681,2222.222222222222
2021-901558,2021-09-07,2021,115700.0,Appartement,60.0,2.0,54000.0,6.197945,48.677852,1928.3333333333333
2021-901563,2021-09-08,2021,31450.0,Appartement,12.0,1.0,54000.0,6.188289,48.699341,2620.8333333333335
2021-901567,2021-09-07,2021,316500.0,Maison,128.0,6.0,54000.0,6.175925,48.672717,2472.65625
2021-901572,2021-09-16,2021,87500.0,Appartement,56.0,3.0,54000.0,6.1488,48.691485,1562.5
2021-901573,2021-08-30,2021,62000.0,Appartement,31.0,1.0,54000.0,6.190436,48.68678,2000.0
2021-901574,2021-09-14,2021,144000.0,Appartement,63.0,3.0,54000.0,6.151789,48.697849,2285.714285714286
2021-901576,2021-09-03,2021,125000.0,Appartement,49.0,2.0,54000.0,6.165376,48.675789,2551.0204081632655
2021-901579,2021-09-07,2021,77000.0,Appartement,38.0,2.0,54000.0,6.175574,48.679819,2026.3157894736842
2021-901593,2021-09-10,2021,121500.0,Appartement,64.0,3.0,54000.0,6.198774,48.678259,1898.4375
2021-901594,2021-09-17,2021,41330.0,Appartement,18.0,1.0,54000.0,6.1734,48.700198,2296.1111111111113
2021-901595,2021-08-31,2021,750000.0,Appartement,53.0,3.0,54000.0,6.179342,48.695234,14150.943396226416
2021-901597,2021-09-10,2021,375250.0,Maison,65.0,3.0,54000.0,6.163275,48.699206,5773.076923076923
2021-901598,2021-09-07,2021,440000.0,Appartement,161.0,4.0,54000.0,6.168854,48.704099,2732.919254658385
2021-901602,2021-09-14,2021,90000.0,Appartement,52.0,2.0,54000.0,6.174979,48.684435,1730.7692307692307
2021-901620,2021-09-21,2021,92000.0,Appartement,30.0,1.0,54000.0,6.172192,48.685036,3066.6666666666665
2021-901633,2021-09-21,2021,287500.0,Maison,54.0,3.0,54000.0,6.169398,48.701954,5324.074074074074
2021-901634,2021-09-22,2021,228500.0,Appartement,42.0,2.0,54000.0,6.196876,48.67853,5440.476190476191
2021-901638,2021-09-02,2021,124750.0,Appartement,63.0,4.0,54000.0,6.180549,48.675044,1980.1587301587301
2021-901642,2021-09-14,2021,53250.0,Appartement,26.0,1.0,54000.0,6.167096,48.699082,2048.076923076923
2021-901644,2021-09-08,2021,100700.0,Appartement,31.0,1.0,54000.0,6.16691,48.688991,3248.3870967741937
2021-901647,2021-09-10,2021,55100.0,Appartement,23.0,1.0,54000.0,6.167096,48.699082,2395.6521739130435
2021-901655,2021-09-09,2021,250000.0,Maison,75.0,4.0,54000.0,6.193044,48.696966,3333.3333333333335
2021-901666,2021-09-16,2021,76000.0,Appartement,56.0,3.0,54000.0,6.161941,48.692737,1357.142857142857
2021-901667,2021-09-10,2021,136000.0,Appartement,73.0,3.0,54000.0,6.187362,48.682157,1863.013698630137
2021-901672,2021-09-02,2021,283000.0,Maison,70.0,5.0,54000.0,6.151591,48.694539,4042.8571428571427
2021-901674,2021-09-22,2021,29925.0,Appartement,33.0,1.0,54000.0,6.1951,48.681512,906.8181818181819
2021-901681,2021-09-01,2021,528000.0,Appartement,176.0,5.0,54000.0,6.17258,48.690911,3000.0
2021-901689,2021-09-27,2021,120650.0,Appartement,49.0,2.0,54000.0,6.172631,48.685992,2462.2448979591836
2021-901690,2021-09-03,2021,380000.0,Appartement,79.0,4.0,54000.0,6.176773,48.691805,4810.126582278481
2021-901702,2021-09-02,2021,288000.0,Appartement,139.0,6.0,54000.0,6.169949,48.690649,2071.9424460431655
2021-901704,2021-09-21,2021,75750.0,Appartement,45.0,1.0,54000.0,6.18766,48.681543,1683.3333333333333
2021-901705,2021-09-13,2021,100000.0,Appartement,43.0,2.0,54000.0,6.159705,48.698542,2325.5813953488373
2021-901709,2021-08-31,2021,146000.0,Appartement,71.0,4.0,54000.0,6.17169,48.70417,2056.3380281690143
2021-901710,2021-09-13,2021,162000.0,Maison,63.0,5.0,54000.0,6.164578,48.671082,2571.4285714285716
2021-901711,2021-09-22,2021,220000.0,Appartement,58.0,3.0,54000.0,6.170002,48.688502,3793.103448275862
2021-901712,2021-07-27,2021,69500.0,Appartement,32.0,2.0,54000.0,6.164119,48.68308,2171.875
2021-901713,2021-09-15,2021,83600.0,Appartement,58.0,2.0,54000.0,6.18766,48.681543,1441.3793103448277
2021-901714,2021-09-22,2021,65000.0,Appartement,23.0,1.0,54000.0,6.196248,48.67759,2826.086956521739
2021-901720,2021-09-20,2021,140700.0,Appartement,65.0,3.0,54000.0,6.180086,48.674843,2164.6153846153848
2021-901729,2021-09-10,2021,62200.0,Appartement,40.0,2.0,54000.0,6.168934,48.683228,1555.0
2021-901731,2021-09-16,2021,270000.0,Maison,139.0,6.0,54000.0,6.162603,48.70055,1942.4460431654677
2021-901749,2021-04-02,2021,159000.0,Appartement,70.0,4.0,54000.0,6.165059,48.687783,2271.4285714285716
2021-901750,2021-09-20,2021,203000.0,Appartement,23.0,1.0,54000.0,6.193335,48.689533,8826.08695652174
2021-901751,2021-09-21,2021,132800.0,Appartement,44.0,2.0,54000.0,6.185613,48.687891,3018.181818181818
2021-901753,2021-09-17,2021,142000.0,Appartement,75.0,3.0,54000.0,6.160758,48.686928,1893.3333333333333
2021-901754,2021-09-21,2021,116600.0,Appartement,60.0,2.0,54000.0,6.197945,48.677852,1943.3333333333333
2021-901756,2021-09-20,2021,140000.0,Appartement,98.0,4.0,54000.0,6.186937,48.688523,1428.5714285714287
2021-901758,2021-09-17,2021,300000.0,Maison,181.0,6.0,54000.0,6.175314,48.679509,1657.4585635359117
2021-901765,2021-09-16,2021,85750.0,Appartement,38.0,2.0,54000.0,6.185131,48.691868,2256.5789473684213
2021-901771,2021-09-20,2021,281675.0,Maison,80.0,4.0,54000.0,6.185554,48.678998,3520.9375
2021-901775,2021-09-20,2021,100000.0,Appartement,27.0,1.0,54000.0,6.184004,48.69029,3703.703703703704
2021-901776,2021-09-22,2021,179500.0,Appartement,86.0,4.0,54000.0,6.193834,48.690043,2087.2093023255816
2021-901779,2021-09-23,2021,97000.0,Appartement,43.0,1.0,54000.0,6.18538,48.690067,2255.813953488372
2021-901780,2021-09-22,2021,214000.0,Appartement,92.0,4.0,54000.0,6.196291,48.694203,2326.086956521739
2021-901781,2021-09-03,2021,63000.0,Appartement,47.0,2.0,54000.0,6.163644,48.685759,1340.4255319148936
2021-901782,2021-09-20,2021,162000.0,Appartement,81.0,4.0,54000.0,6.162094,48.697793,2000.0
2021-901783,2021-09-17,2021,76000.0,Appartement,30.0,2.0,54000.0,6.186956,48.687554,2533.3333333333335
2021-901788,2021-09-17,2021,235700.0,Appartement,72.0,3.0,54000.0,6.19659,48.693185,3273.6111111111113
2021-901799,2021-09-27,2021,48700.0,Appartement,21.0,1.0,54000.0,6.1734,48.700198,2319.0476190476193
2021-901804,2021-09-16,2021,314000.0,Appartement,110.0,5.0,54000.0,6.196976,48.681397,2854.5454545454545
2021-901809,2021-09-23,2021,319340.0,Maison,80.0,5.0,54000.0,6.182875,48.675182,3991.75
2021-901811,2021-09-24,2021,122000.0,Appartement,79.0,3.0,54000.0,6.175428,48.681066,1544.3037974683543
2021-901818,2021-09-21,2021,330000.0,Appartement,117.0,4.0,54000.0,6.16411,48.69649,2820.5128205128203
2021-901823,2021-09-01,2021,225000.0,Appartement,100.0,4.0,54000.0,6.184934,48.686963,2250.0
2021-901830,2021-09-27,2021,65000.0,Appartement,47.0,2.0,54000.0,6.173954,48.675437,1382.9787234042553
2021-901832,2021-09-02,2021,84000.0,Appartement,53.0,3.0,54000.0,6.164795,48.691567,1584.9056603773586
2021-901836,2021-09-10,2021,351000.0,Appartement,73.0,4.0,54000.0,6.174552,48.674811,4808.219178082192
2021-901841,2021-05-21,2021,104400.0,Appartement,40.0,2.0,54000.0,6.201286,48.698833,2610.0
2021-901842,2021-09-21,2021,117000.0,Appartement,87.0,4.0,54000.0,6.179435,48.682157,1344.8275862068965
2021-901850,2021-09-21,2021,360000.0,Appartement,42.0,1.0,54000.0,6.186682,48.6932,8571.42857142857
2021-901852,2021-09-22,2021,188950.0,Appartement,78.0,4.0,54000.0,6.170594,48.684678,2422.4358974358975
2021-901854,2021-09-21,2021,273920.0,Appartement,108.0,5.0,54000.0,6.18553,48.68144,2536.296296296296
2021-901864,2021-09-21,2021,114830.0,Appartement,78.0,5.0,54000.0,6.161941,48.692737,1472.179487179487
2021-901865,2021-09-15,2021,331000.0,Appartement,99.0,5.0,54000.0,6.163774,48.685849,3343.4343434343436
2021-901866,2021-09-17,2021,70300.0,Appartement,30.0,1.0,54000.0,6.167995,48.687361,2343.3333333333335
2021-901870,2021-09-15,2021,59700.0,Appartement,22.0,1.0,54000.0,6.164773,48.692779,2713.6363636363635
2021-901871,2021-05-06,2021,204000.0,Appartement,90.0,4.0,54000.0,6.185524,48.683288,2266.6666666666665
2021-901872,2021-09-23,2021,140000.0,Appartement,70.0,5.0,54000.0,6.139703,48.692985,2000.0
2021-901878,2021-09-28,2021,117000.0,Appartement,40.0,2.0,54000.0,6.174922,48.70358,2925.0
2021-901883,2021-09-13,2021,92700.0,Appartement,50.0,2.0,54000.0,6.180034,48.687951,1854.0
2021-901885,2021-09-09,2021,151500.0,Appartement,66.0,3.0,54000.0,6.164995,48.668193,2295.4545454545455
2021-901889,2021-09-09,2021,276000.0,Appartement,72.0,4.0,54000.0,6.158365,48.696716,3833.3333333333335
2021-901894,2021-09-16,2021,63000.0,Appartement,19.0,1.0,54000.0,6.194318,48.677892,3315.7894736842104
2021-901895,2021-09-13,2021,404986.6,Maison,128.0,6.0,54000.0,6.175925,48.672717,3163.9578125
2021-901897,2021-09-15,2021,392000.0,Maison,110.0,4.0,54000.0,6.174294,48.675877,3563.6363636363635
2021-901907,2021-09-15,2021,84000.0,Appartement,31.0,2.0,54000.0,6.167996,48.684487,2709.6774193548385
2021-901923,2021-09-13,2021,172000.0,Appartement,94.0,4.0,54000.0,6.160249,48.684336,1829.787234042553
2021-901927,2021-09-29,2021,160000.0,Appartement,76.0,3.0,54000.0,6.160249,48.684336,2105.2631578947367
2021-901930,2021-09-23,2021,70300.0,Appartement,32.0,1.0,54000.0,6.187763,48.688073,2196.875
2021-901931,2021-09-30,2021,137000.0,Appartement,68.0,4.0,54000.0,6.172489,48.674344,2014.7058823529412
2021-901953,2021-09-06,2021,134600.0,Appartement,45.0,2.0,54000.0,6.187584,48.685648,2991.1111111111113
2021-901968,2021-09-24,2021,88000.0,Appartement,41.0,2.0,54000.0,6.18074,48.683736,2146.3414634146343
2021-901980,2021-09-28,2021,144820.0,Maison,60.0,4.0,54100.0,6.140909,48.700094,2413.6666666666665
2021-901992,2021-08-10,2021,59000.0,Appartement,25.0,1.0,54000.0,6.167939,48.689465,2360.0
2021-901993,2021-09-15,2021,97000.0,Appartement,60.0,2.0,54000.0,6.200561,48.698742,1616.6666666666667
2021-901998,2021-09-20,2021,108000.0,Appartement,34.0,1.0,54000.0,6.192382,48.697415,3176.470588235294
2021-902002,2021-09-29,2021,164000.0,Appartement,92.0,3.0,54000.0,6.167329,48.689812,1782.608695652174
2021-902008,2021-10-01,2021,337000.0,Appartement,123.0,5.0,54000.0,6.167939,48.689465,2739.837398373984
2021-902010,2021-09-30,2021,110000.0,Appartement,47.0,2.0,54000.0,6.181319,48.695566,2340.425531914894
2021-902016,2021-09-21,2021,88320.0,Appartement,47.0,2.0,54000.0,6.166127,48.700467,1879.1489361702127
2021-902017,2021-09-22,2021,99000.0,Appartement,78.0,4.0,54000.0,6.165777,48.700006,1269.2307692307693
2021-902020,2021-09-21,2021,233000.0,Maison,95.0,5.0,54000.0,6.167128,48.682707,2452.6315789473683
2021-902022,2021-09-20,2021,330000.0,Appartement,130.0,3.0,54000.0,6.187018,48.690864,2538.4615384615386
2021-902027,2021-09-17,2021,432000.0,Maison,114.0,5.0,54000.0,6.159848,48.69851,3789.4736842105262
2021-902029,2021-09-25,2021,121290.0,Appartement,38.0,2.0,54000.0,6.173718,48.672217,3191.842105263158
2021-902030,2021-09-24,2021,60000.0,Appartement,30.0,1.0,54000.0,6.191025,48.687512,2000.0
2021-902034,2021-09-28,2021,85000.0,Appartement,62.0,2.0,54000.0,6.198025,48.680738,1370.967741935484
2021-902039,2021-09-17,2021,82000.0,Appartement,65.0,2.0,54000.0,6.198791,48.676916,1261.5384615384614
2021-902043,2021-09-30,2021,60000.0,Maison,100.0,4.0,54000.0,6.19202,48.696886,600.0
2021-902044,2021-09-27,2021,118750.0,Appartement,46.0,2.0,54000.0,6.177777,48.701601,2581.521739130435
2021-902047,2021-09-30,2021,299135.0,Appartement,100.0,5.0,54000.0,6.179367,48.704579,2991.35
2021-902048,2021-09-29,2021,50000.0,Appartement,18.0,1.0,54000.0,6.188382,48.684669,2777.777777777778
2021-902051,2021-09-15,2021,75750.0,Appartement,29.0,1.0,54000.0,6.186326,48.683099,2612.0689655172414
2021-902053,2021-09-22,2021,137680.0,Appartement,70.0,3.0,54000.0,6.175016,48.701276,1966.857142857143
2021-902064,2021-09-22,2021,100000.0,Appartement,57.0,3.0,54000.0,6.163032,48.6761,1754.3859649122808
2021-902068,2021-09-27,2021,279000.0,Appartement,107.0,4.0,54000.0,6.172658,48.699143,2607.4766355140187
2021-902077,2021-09-15,2021,529000.0,Appartement,54.0,3.0,54000.0,6.171706,48.682795,9796.296296296296
2021-902079,2021-09-27,2021,151000.0,Appartement,78.0,4.0,54000.0,6.165777,48.700006,1935.8974358974358
2021-902080,2021-09-23,2021,97996.0,Appartement,45.0,2.0,54000.0,6.165777,48.700006,2177.688888888889
2021-902082,2021-09-24,2021,95000.0,Appartement,45.0,2.0,54000.0,6.165777,48.700006,2111.1111111111113
2021-902084,2021-09-20,2021,212000.0,Appartement,84.0,5.0,54000.0,6.178254,48.698564,2523.809523809524
2021-902085,2021-09-16,2021,350000.0,Appartement,158.0,6.0,54000.0,6.178985,48.693161,2215.1898734177216
2021-902088,2021-10-01,2021,84000.0,Appartement,39.0,1.0,54000.0,6.162869,48.702886,2153.846153846154
2021-902090,2021-10-04,2021,66470.0,Appartement,19.0,1.0,54000.0,6.175531,48.689366,3498.4210526315787
2021-902093,2021-10-04,2021,383100.0,Appartement,150.0,6.0,54000.0,6.171348,48.691374,2554.0
2021-902094,2021-09-27,2021,85400.0,Appartement,24.0,1.0,54000.0,6.178683,48.696472,3558.3333333333335
2021-902100,2021-09-30,2021,305000.0,Maison,80.0,4.0,54000.0,6.165831,48.672965,3812.5
2021-902109,2021-09-30,2021,98000.0,Appartement,42.0,2.0,54000.0,6.201619,48.686386,2333.3333333333335
2021-902115,2021-09-22,2021,69000.0,Appartement,32.0,2.0,54000.0,6.16651,48.702355,2156.25
2021-902116,2021-09-24,2021,60000.0,Appartement,34.0,1.0,54000.0,6.175249,48.67664,1764.7058823529412
2021-902123,2021-09-22,2021,61100.0,Appartement,23.0,1.0,54000.0,6.163562,48.684432,2656.521739130435
2021-902124,2021-09-27,2021,278400.0,Appartement,95.0,5.0,54000.0,6.168537,48.690959,2930.5263157894738
2021-902127,2021-09-30,2021,170000.0,Appartement,74.0,5.0,54000.0,6.163276,48.681302,2297.2972972972975
2021-902130,2021-09-28,2021,241000.0,Appartement,85.0,4.0,54000.0,6.168836,48.699079,2835.294117647059
2021-902132,2021-09-27,2021,135000.0,Appartement,97.0,3.0,54000.0,6.183023,48.687146,1391.7525773195875
2021-902133,2021-10-01,2021,323000.0,Appartement,38.0,2.0,54000.0,6.189209,48.683081,8500.0
2021-902134,2021-10-08,2021,139200.0,Appartement,74.0,4.0,54000.0,6.191257,48.691039,1881.081081081081
2021-902139,2021-09-28,2021,189000.0,Appartement,58.0,2.0,54000.0,6.186682,48.6932,3258.6206896551726
2021-902140,2021-09-27,2021,28000.0,Appartement,40.0,2.0,54000.0,6.191821,48.683608,700.0
2021-902143,2021-10-06,2021,62000.0,Appartement,15.0,1.0,54000.0,6.176945,48.697236,4133.333333333333
2021-902149,2021-10-04,2021,98700.0,Appartement,28.0,2.0,54000.0,6.184954,48.69072,3525.0
2021-902159,2021-10-04,2021,79000.0,Appartement,41.0,2.0,54000.0,6.15794,48.699285,1926.8292682926829
2021-902160,2021-10-05,2021,112000.0,Appartement,47.0,2.0,54000.0,6.179447,48.702447,2382.978723404255
2021-902161,2021-10-01,2021,257500.0,Appartement,42.0,3.0,54000.0,6.167678,48.682688,6130.952380952381
2021-902162,2021-10-01,2021,135000.0,Appartement,52.0,3.0,54000.0,6.174201,48.691072,2596.153846153846
2021-902166,2021-09-13,2021,346000.0,Maison,165.0,7.0,54000.0,6.162252,48.700863,2096.969696969697
2021-902172,2021-10-08,2021,69000.0,Appartement,55.0,3.0,54000.0,6.16619,48.671244,1254.5454545454545
2021-902173,2021-09-23,2021,218000.0,Appartement,60.0,2.0,54000.0,6.166114,48.675225,3633.3333333333335
2021-902176,2021-10-01,2021,71200.0,Appartement,25.0,1.0,54000.0,6.158498,48.69836,2848.0
2021-902184,2021-09-21,2021,294000.0,Maison,100.0,4.0,54000.0,6.173815,48.682414,2940.0
2021-902204,2021-09-23,2021,342900.0,Appartement,115.0,4.0,54000.0,6.195457,48.692805,2981.7391304347825
2021-902212,2021-10-08,2021,284500.0,Appartement,126.0,3.0,54000.0,6.165389,48.702805,2257.936507936508
2021-902213,2021-10-04,2021,124800.0,Appartement,48.0,3.0,54000.0,6.195344,48.697033,2600.0
2021-902220,2021-09-28,2021,64000.0,Appartement,31.0,1.0,54000.0,6.186624,48.683308,2064.516129032258
2021-902221,2021-09-30,2021,262000.0,Appartement,99.0,4.0,54000.0,6.176638,48.691707,2646.4646464646466
2021-902224,2021-09-30,2021,100000.0,Appartement,50.0,3.0,54000.0,6.188856,48.68912,2000.0
2021-902228,2021-10-07,2021,69885.0,Appartement,26.0,1.0,54000.0,6.193984,48.686094,2687.8846153846152
2021-902231,2021-10-01,2021,87500.0,Appartement,43.0,2.0,54000.0,6.183802,48.69191,2034.8837209302326
2021-902233,2021-09-24,2021,46000.0,Appartement,31.0,2.0,54000.0,6.197373,48.678978,1483.8709677419354
2021-902247,2021-09-30,2021,47500.0,Appartement,45.0,2.0,54000.0,6.168934,48.683228,1055.5555555555557
2021-902248,2021-09-29,2021,106000.0,Appartement,40.0,2.0,54000.0,6.1748,48.684159,2650.0
2021-902256,2021-10-07,2021,209000.0,Appartement,64.0,3.0,54000.0,6.175015,48.700711,3265.625
2021-902267,2021-09-14,2021,76500.0,Appartement,25.0,1.0,54000.0,6.176435,48.674031,3060.0
2021-902269,2021-10-04,2021,145000.0,Appartement,60.0,4.0,54000.0,6.176014,48.672616,2416.6666666666665
2021-902274,2021-09-29,2021,147900.0,Appartement,65.0,3.0,54000.0,6.171635,48.687482,2275.3846153846152
2021-902275,2021-10-07,2021,153100.0,Appartement,83.0,3.0,54000.0,6.166355,48.687955,1844.578313253012
2021-902280,2021-09-29,2021,52000.0,Appartement,18.0,1.0,54000.0,6.1734,48.700198,2888.8888888888887
2021-902281,2021-10-11,2021,83500.0,Appartement,78.0,4.0,54000.0,6.181427,48.680649,1070.5128205128206
2021-902283,2021-10-05,2021,150000.0,Appartement,71.0,3.0,54000.0,6.15875,48.687394,2112.676056338028
2021-902285,2021-09-17,2021,122300.0,Appartement,67.0,3.0,54000.0,6.194044,48.690495,1825.3731343283582
2021-902290,2021-10-04,2021,110900.0,Appartement,46.0,2.0,54000.0,6.176871,48.684967,2410.8695652173915
2021-902291,2021-09-29,2021,104720.0,Appartement,85.0,4.0,54000.0,6.172975,48.678043,1232.0
2021-902292,2021-10-11,2021,101000.0,Appartement,45.0,2.0,54000.0,6.187584,48.685648,2244.4444444444443
2021-902293,2021-09-30,2021,165000.0,Appartement,71.0,3.0,54000.0,6.169906,48.693641,2323.943661971831
2021-902295,2021-09-23,2021,88000.0,Appartement,57.0,3.0,54000.0,6.185508,48.688706,1543.859649122807
2021-902297,2021-09-29,2021,320000.0,Appartement,62.0,3.0,54000.0,6.175993,48.683243,5161.290322580645
2021-902301,2021-10-01,2021,56000.0,Appartement,33.0,1.0,54000.0,6.196678,48.698292,1696.969696969697
2021-902302,2021-09-16,2021,360000.0,Appartement,160.0,6.0,54000.0,6.176741,48.69223,2250.0
2021-902313,2021-09-29,2021,68000.0,Appartement,25.0,1.0,54000.0,6.169208,48.683812,2720.0
2021-902329,2021-10-01,2021,122000.0,Appartement,60.0,3.0,54000.0,6.182325,48.692508,2033.3333333333333
2021-902345,2021-10-13,2021,484500.0,Appartement,30.0,1.0,54000.0,6.187634,48.688076,16150.0
2021-902380,2021-10-07,2021,369340.0,Appartement,96.0,5.0,54000.0,6.167479,48.671036,3847.2916666666665
2021-902392,2021-09-29,2021,700000.0,Maison,244.0,10.0,54000.0,6.16596,48.700189,2868.8524590163934
2021-902403,2021-10-13,2021,195000.0,Maison,121.0,6.0,54000.0,6.16525,48.692373,1611.5702479338843
2021-902405,2021-10-04,2021,177000.0,Appartement,22.0,1.0,54000.0,6.173601,48.682701,8045.454545454545
2021-902406,2021-10-04,2021,59000.0,Appartement,57.0,3.0,54000.0,6.173601,48.682701,1035.0877192982457
2021-902408,2021-09-24,2021,89000.0,Appartement,41.0,2.0,54000.0,6.15794,48.699285,2170.731707317073
2021-902411,2021-10-01,2021,141000.0,Appartement,79.0,5.0,54000.0,6.161941,48.692737,1784.8101265822784
2021-902414,2021-10-07,2021,121000.0,Appartement,66.0,3.0,54000.0,6.166651,48.701563,1833.3333333333333
2021-902439,2021-10-06,2021,66500.0,Appartement,21.0,1.0,54000.0,6.145376,48.692202,3166.6666666666665
2021-902440,2021-10-06,2021,140000.0,Appartement,21.0,1.0,54000.0,6.145376,48.692202,6666.666666666667
2021-902445,2021-10-01,2021,219230.0,Appartement,86.0,3.0,54000.0,6.196096,48.680189,2549.186046511628
2021-902455,2021-09-02,2021,80500.0,Appartement,24.0,2.0,54000.0,6.175678,48.701903,3354.1666666666665
2021-902478,2021-10-14,2021,130000.0,Appartement,43.0,2.0,54000.0,6.19479,48.69343,3023.2558139534885
2021-902484,2021-10-15,2021,219500.0,Appartement,65.0,3.0,54000.0,6.198805,48.699366,3376.923076923077
2021-902494,2021-10-07,2021,133000.0,Appartement,52.0,2.0,54000.0,6.186317,48.68463,2557.6923076923076
2021-902495,2021-10-11,2021,158000.0,Appartement,24.0,1.0,54000.0,6.177725,48.685351,6583.333333333333
2021-902502,2021-10-07,2021,175750.0,Appartement,90.0,3.0,54000.0,6.178898,48.685049,1952.7777777777778
2021-902509,2021-10-07,2021,207500.0,Appartement,36.0,1.0,54000.0,6.17892,48.675048,5763.888888888889
2021-902511,2021-10-13,2021,152000.0,Appartement,96.0,3.0,54000.0,6.179182,48.687711,1583.3333333333333
2021-902512,2021-10-11,2021,220000.0,Appartement,125.0,6.0,54000.0,6.169313,48.693587,1760.0
2021-902515,2021-10-15,2021,190000.0,Appartement,68.0,3.0,54000.0,6.177525,48.697593,2794.1176470588234
2021-902543,2021-09-29,2021,118600.0,Appartement,100.0,5.0,54000.0,6.181427,48.680649,1186.0
2021-902546,2021-10-01,2021,253000.0,Appartement,32.0,2.0,54000.0,6.173653,48.683943,7906.25
2021-902547,2021-10-11,2021,117600.0,Appartement,55.0,3.0,54000.0,6.201619,48.686386,2138.181818181818
2021-902550,2021-09-30,2021,150500.0,Appartement,62.0,3.0,54000.0,6.177428,48.683336,2427.4193548387098
2021-902554,2021-10-01,2021,60000.0,Appartement,39.0,2.0,54000.0,6.173653,48.683943,1538.4615384615386
2021-902559,2021-10-08,2021,123500.0,Appartement,50.0,2.0,54000.0,6.167937,48.695673,2470.0
2021-902560,2021-09-30,2021,133390.0,Appartement,48.0,2.0,54000.0,6.177333,48.697797,2778.9583333333335
2021-902572,2021-10-08,2021,204250.0,Appartement,79.0,3.0,54000.0,6.180553,48.674472,2585.4430379746836
2021-902578,2021-09-29,2021,122965.0,Appartement,50.0,2.0,54000.0,6.194359,48.678263,2459.3
2021-902590,2021-09-30,2021,193800.0,Appartement,83.0,4.0,54000.0,6.162532,48.684849,2334.9397590361446
2021-902602,2021-10-05,2021,85400.0,Appartement,36.0,2.0,54000.0,6.177997,48.684935,2372.222222222222
2021-902608,2021-10-15,2021,309700.0,Appartement,67.0,4.0,54000.0,6.192017,48.691748,4622.388059701492
2021-902610,2021-10-15,2021,238500.0,Appartement,86.0,4.0,54000.0,6.166716,48.691494,2773.2558139534885
2021-902611,2021-10-15,2021,114400.0,Appartement,55.0,2.0,54000.0,6.194246,48.690129,2080.0
2021-902614,2021-09-30,2021,127000.0,Appartement,78.0,4.0,54000.0,6.165953,48.667969,1628.2051282051282
2021-902625,2021-10-06,2021,317100.0,Appartement,126.0,7.0,54000.0,6.160249,48.684336,2516.6666666666665
2021-902631,2021-09-29,2021,107000.0,Appartement,66.0,4.0,54000.0,6.161941,48.692737,1621.2121212121212
2021-902645,2021-10-15,2021,142500.0,Appartement,59.0,3.0,54000.0,6.159309,48.685434,2415.2542372881358
2021-902653,2021-10-06,2021,117000.0,Appartement,86.0,4.0,54000.0,6.179435,48.682157,1360.4651162790697
2021-902663,2021-10-15,2021,284050.0,Appartement,150.0,5.0,54000.0,6.178957,48.701496,1893.6666666666667
2021-902667,2021-10-13,2021,80000.0,Appartement,70.0,4.0,54000.0,6.165222,48.686881,1142.857142857143
2021-902684,2021-09-09,2021,156000.0,Appartement,68.0,3.0,54000.0,6.166127,48.700467,2294.1176470588234
2021-902689,2021-10-13,2021,312750.0,Appartement,150.0,5.0,54000.0,6.179367,48.704579,2085.0
2021-902713,2021-10-15,2021,130550.0,Appartement,26.0,1.0,54000.0,6.171704,48.690438,5021.153846153846
2021-902722,2021-10-15,2021,42800.0,Appartement,21.0,1.0,54000.0,6.187272,48.678672,2038.095238095238
2021-902724,2021-10-15,2021,63450.0,Appartement,26.0,1.0,54000.0,6.163562,48.684432,2440.3846153846152
2021-902730,2021-10-15,2021,76600.0,Appartement,39.0,2.0,54000.0,6.182275,48.688164,1964.1025641025642
2021-902732,2021-10-15,2021,130000.0,Appartement,14.0,1.0,54000.0,6.197244,48.68866,9285.714285714286
2021-902734,2021-10-18,2021,225000.0,Appartement,70.0,2.0,54000.0,6.161291,48.689125,3214.285714285714
2021-902735,2021-09-30,2021,595000.0,Appartement,79.0,3.0,54000.0,6.171217,48.684361,7531.645569620253
2021-902756,2021-10-13,2021,131000.0,Appartement,52.0,3.0,54000.0,6.19637,48.698737,2519.230769230769
2021-902759,2021-10-15,2021,400000.0,Appartement,32.0,1.0,54000.0,6.16781,48.685702,12500.0
2021-902771,2021-10-01,2021,75000.0,Appartement,68.0,3.0,54000.0,,,1102.9411764705883
2021-902776,2021-10-05,2021,549150.0,Maison,160.0,8.0,54000.0,6.146535,48.689771,3432.1875
2021-902788,2021-10-12,2021,304000.0,Maison,80.0,5.0,54000.0,6.179403,48.70797,3800.0
2021-902792,2021-10-20,2021,650000.0,Appartement,70.0,2.0,54000.0,,,9285.714285714286
2021-902797,2021-10-11,2021,238000.0,Appartement,93.0,4.0,54000.0,6.184731,48.688792,2559.1397849462364
2021-902798,2021-10-11,2021,184400.0,Appartement,85.0,4.0,54000.0,6.184388,48.687039,2169.4117647058824
2021-902821,2021-10-14,2021,143000.0,Appartement,60.0,3.0,54000.0,6.196439,48.680481,2383.3333333333335
2021-902824,2021-10-20,2021,71000.0,Appartement,32.0,1.0,54000.0,6.194044,48.690495,2218.75
2021-902825,2021-10-22,2021,372156.0,Appartement,51.0,3.0,54000.0,6.169735,48.701886,7297.176470588235
2021-902828,2021-10-05,2021,70000.0,Appartement,29.0,1.0,54000.0,6.189993,48.683026,2413.793103448276
2021-902842,2021-10-20,2021,76000.0,Appartement,26.0,2.0,54000.0,6.194758,48.685475,2923.076923076923
2021-902845,2021-10-20,2021,111500.0,Appartement,69.0,3.0,54000.0,6.188776,48.69042,1615.9420289855072
2021-902874,2021-10-20,2021,51000.0,Appartement,26.0,1.0,54000.0,6.178241,48.701885,1961.5384615384614
2021-902881,2021-09-23,2021,245000.0,Appartement,112.0,6.0,54000.0,6.175638,48.675925,2187.5
2021-902889,2021-10-12,2021,145000.0,Appartement,55.0,2.0,54000.0,6.189549,48.696914,2636.3636363636365
2021-902908,2021-10-15,2021,262000.0,Maison,95.0,4.0,54000.0,6.204899,48.684367,2757.8947368421054
2021-902915,2021-10-13,2021,133600.0,Appartement,55.0,2.0,54000.0,6.156812,48.697378,2429.090909090909
2021-902920,2021-10-11,2021,167000.0,Appartement,77.0,3.0,54000.0,6.183388,48.68712,2168.8311688311687
2021-902921,2021-10-11,2021,153800.0,Appartement,65.0,3.0,54000.0,6.194359,48.678263,2366.153846153846
2021-902926,2021-10-08,2021,155000.0,Appartement,78.0,3.0,54000.0,6.160249,48.684336,1987.179487179487
2021-902929,2021-10-14,2021,131000.0,Appartement,73.0,4.0,54000.0,6.183595,48.688563,1794.5205479452054
2021-902938,2021-10-13,2021,56500.0,Appartement,34.0,2.0,54000.0,6.180973,48.6841,1661.764705882353
2021-902957,2021-10-11,2021,91000.0,Appartement,81.0,3.0,54000.0,6.175627,48.6808,1123.4567901234568
2021-902965,2021-09-30,2021,163000.0,Appartement,63.0,4.0,54000.0,6.181357,48.702398,2587.3015873015875
2021-902985,2021-10-20,2021,60000.0,Appartement,40.0,2.0,54000.0,6.159676,48.685971,1500.0
2021-902988,2021-10-14,2021,236000.0,Appartement,66.0,3.0,54000.0,6.164787,48.696373,3575.757575757576
2021-902993,2021-10-25,2021,75000.0,Appartement,82.0,2.0,54000.0,6.169162,48.698812,914.6341463414634
2021-902997,2021-10-22,2021,83500.0,Appartement,44.0,2.0,54000.0,6.168023,48.689119,1897.7272727272727
2021-903015,2021-10-21,2021,105000.0,Appartement,52.0,2.0,54000.0,6.158673,48.689461,2019.2307692307693
2021-903019,2021-10-18,2021,228000.0,Appartement,78.0,3.0,54000.0,6.172236,48.695817,2923.076923076923
2021-903023,2021-10-01,2021,205000.0,Appartement,20.0,1.0,54000.0,6.186103,48.692086,10250.0
2021-903024,2021-09-29,2021,139000.0,Appartement,40.0,2.0,54000.0,6.192082,48.698877,3475.0
2021-903038,2021-10-25,2021,444500.0,Maison,95.0,4.0,54000.0,6.180097,48.703122,4678.9473684210525
2021-903046,2021-10-26,2021,75050.0,Appartement,37.0,2.0,54000.0,6.198025,48.680738,2028.3783783783783
2021-903048,2021-10-06,2021,78500.0,Appartement,27.0,1.0,54000.0,6.173799,48.672279,2907.4074074074074
2021-903049,2021-10-04,2021,209000.0,Appartement,89.0,4.0,54000.0,6.173866,48.682585,2348.3146067415732
2021-903051,2021-10-26,2021,390000.0,Appartement,25.0,1.0,54000.0,6.176585,48.697436,15600.0
2021-903054,2021-10-25,2021,142500.0,Appartement,62.0,2.0,54000.0,6.189288,48.69055,2298.3870967741937
2021-903096,2021-10-15,2021,152000.0,Appartement,61.0,3.0,54000.0,6.172631,48.685992,2491.8032786885246
2021-903097,2021-10-18,2021,112400.0,Appartement,49.0,3.0,54000.0,6.180784,48.684254,2293.877551020408
2021-903102,2021-10-18,2021,80750.0,Appartement,44.0,2.0,54000.0,6.198264,48.697442,1835.2272727272727
2021-903103,2021-09-13,2021,142000.0,Appartement,68.0,3.0,54000.0,6.194318,48.677892,2088.235294117647
2021-903117,2021-10-14,2021,230000.0,Appartement,85.0,4.0,54000.0,6.178252,48.679799,2705.8823529411766
2021-903127,2021-10-15,2021,86500.0,Appartement,43.0,2.0,54000.0,6.201619,48.686386,2011.6279069767443
2021-903135,2021-10-25,2021,68500.0,Appartement,25.0,1.0,54000.0,6.169372,48.688834,2740.0
2021-903136,2021-10-25,2021,126000.0,Appartement,46.0,2.0,54000.0,6.174767,48.672305,2739.1304347826085
2021-903150,2021-10-25,2021,391617.0,Appartement,63.0,2.0,54000.0,6.18343,48.690379,6216.142857142857
2021-903170,2021-10-22,2021,155000.0,Appartement,88.0,3.0,54000.0,6.187911,48.687124,1761.3636363636363
2021-903179,2021-10-22,2021,75200.0,Appartement,38.0,2.0,54000.0,6.177723,48.684601,1978.9473684210527
2021-903180,2021-10-15,2021,115000.0,Appartement,95.0,4.0,54000.0,6.161941,48.692737,1210.5263157894738
2021-903214,2021-10-22,2021,474400.0,Maison,140.0,6.0,54000.0,6.172166,48.673599,3388.5714285714284
2021-903252,2021-10-08,2021,174000.0,Appartement,76.0,3.0,54000.0,6.185123,48.69037,2289.4736842105262
2021-903254,2021-10-28,2021,250000.0,Appartement,90.0,3.0,54000.0,6.165695,48.684907,2777.777777777778
2021-903275,2021-10-19,2021,552000.0,Maison,150.0,6.0,54000.0,6.158063,48.6862,3680.0
2021-903277,2021-10-19,2021,69300.0,Appartement,30.0,2.0,54000.0,6.177489,48.706772,2310.0
2021-903301,2021-10-25,2021,615850.0,Maison,120.0,7.0,54000.0,6.166614,48.691808,5132.083333333333
2021-903306,2021-10-26,2021,121000.0,Appartement,65.0,3.0,54000.0,6.165953,48.667969,1861.5384615384614
2021-903320,2021-10-21,2021,450000.0,Appartement,30.0,2.0,54000.0,6.173811,48.67359,15000.0
2021-903330,2021-10-20,2021,177650.0,Appartement,62.0,2.0,54000.0,6.195828,48.684198,2865.3225806451615
2021-903332,2021-10-13,2021,181000.0,Maison,100.0,4.0,54000.0,6.172677,48.671094,1810.0
2021-903334,2021-10-11,2021,415187.0,Maison,130.0,5.0,54000.0,6.144008,48.694111,3193.746153846154
2021-903337,2021-10-07,2021,423000.0,Appartement,159.0,6.0,54000.0,6.179614,48.694408,2660.377358490566
2021-903339,2021-10-08,2021,73000.0,Appartement,31.0,1.0,54000.0,6.172631,48.685992,2354.8387096774195
2021-903340,2021-10-28,2021,98000.0,Appartement,66.0,4.0,54000.0,6.139409,48.692351,1484.8484848484848
2021-903344,2021-10-29,2021,154000.0,Appartement,86.0,4.0,54000.0,6.180034,48.687951,1790.6976744186047
2021-903364,2021-10-22,2021,315000.0,Maison,111.0,6.0,54000.0,6.175577,48.6737,2837.837837837838
2021-903367,2021-11-03,2021,76900.0,Appartement,36.0,2.0,54000.0,6.186818,48.700675,2136.1111111111113
2021-903368,2021-10-08,2021,150950.0,Appartement,63.0,3.0,54000.0,6.169294,48.685154,2396.031746031746
2021-903369,2021-10-22,2021,125000.0,Appartement,59.0,3.0,54000.0,6.169696,48.684046,2118.64406779661
2021-903371,2021-10-12,2021,259350.0,Appartement,124.0,4.0,54000.0,6.192321,48.696947,2091.532258064516
2021-903373,2021-10-20,2021,83500.0,Appartement,31.0,1.0,54000.0,6.196248,48.67759,2693.548387096774
2021-903383,2021-10-29,2021,249150.0,Appartement,92.0,4.0,54000.0,6.192602,48.696997,2708.1521739130435
2021-903392,2021-10-19,2021,80000.0,Appartement,71.0,4.0,54000.0,6.141004,48.692334,1126.7605633802816
2021-903404,2021-10-29,2021,85000.0,Appartement,46.0,2.0,54000.0,6.175249,48.67664,1847.8260869565217
2021-903405,2021-10-29,2021,181000.0,Appartement,62.0,3.0,54000.0,6.196291,48.694203,2919.3548387096776
2021-903415,2021-10-25,2021,175000.0,Appartement,63.0,4.0,54000.0,6.169666,48.670444,2777.777777777778
2021-903418,2021-10-29,2021,140000.0,Appartement,41.0,2.0,54000.0,6.169545,48.677926,3414.6341463414633
2021-903420,2021-11-02,2021,212500.0,Appartement,91.0,4.0,54000.0,6.173718,48.683701,2335.164835164835
2021-903424,2021-10-25,2021,120500.0,Appartement,48.0,2.0,54000.0,6.158673,48.689461,2510.4166666666665
2021-903431,2021-10-29,2021,132050.0,Appartement,50.0,2.0,54000.0,6.168302,48.669911,2641.0
2021-903432,2021-10-29,2021,130000.0,Appartement,49.0,2.0,54000.0,6.172878,48.700505,2653.061224489796
2021-903440,2021-10-29,2021,69000.0,Appartement,37.0,2.0,54000.0,6.164752,48.683513,1864.8648648648648
2021-903443,2021-11-04,2021,125000.0,Appartement,53.0,3.0,54000.0,6.172798,48.672752,2358.490566037736
2021-903454,2021-11-04,2021,233700.0,Appartement,73.0,3.0,54000.0,6.187996,48.700542,3201.3698630136987
2021-903462,2021-10-18,2021,150200.0,Appartement,61.0,3.0,54000.0,,,2462.2950819672133
2021-903466,2021-10-08,2021,235000.0,Appartement,110.0,3.0,54000.0,6.184918,48.688447,2136.3636363636365
2021-903497,2021-10-28,2021,242000.0,Maison,130.0,4.0,54000.0,6.171457,48.695179,1861.5384615384614
2021-903527,2021-11-03,2021,50825.0,Appartement,18.0,1.0,54000.0,6.1734,48.700198,2823.6111111111113
2021-903541,2021-10-26,2021,872000.0,Appartement,106.0,6.0,54000.0,6.166328,48.699629,8226.415094339623
2021-903542,2021-10-26,2021,98000.0,Appartement,61.0,3.0,54000.0,6.161941,48.692737,1606.5573770491803
2021-903565,2021-10-29,2021,58000.0,Appartement,19.0,1.0,54000.0,6.174069,48.700598,3052.6315789473683
2021-903566,2021-10-22,2021,205000.0,Appartement,30.0,1.0,54000.0,6.177142,48.679687,6833.333333333333
2021-903573,2021-10-20,2021,100000.0,Appartement,54.0,2.0,54000.0,6.175749,48.701188,1851.851851851852
2021-903576,2021-10-26,2021,441750.0,Appartement,107.0,4.0,54000.0,6.176521,48.696949,4128.5046728971965
2021-903600,2021-10-14,2021,233000.0,Appartement,74.0,3.0,54000.0,6.168405,48.691021,3148.6486486486488
2021-903619,2021-11-05,2021,230000.0,Maison,97.0,4.0,54000.0,6.177227,48.708488,2371.134020618557
2021-903620,2021-11-05,2021,230900.0,Appartement,110.0,6.0,54000.0,6.178928,48.683816,2099.090909090909
2021-903625,2021-10-29,2021,110000.0,Appartement,56.0,2.0,54000.0,6.185718,48.684163,1964.2857142857142
2021-903655,2021-10-25,2021,80410.0,Appartement,34.0,1.0,54000.0,6.194044,48.690495,2365.0
2021-903657,2021-10-25,2021,82000.0,Appartement,31.0,1.0,54000.0,6.173187,48.680719,2645.1612903225805
2021-903667,2021-11-03,2021,72500.0,Appartement,28.0,2.0,54000.0,6.193632,48.689256,2589.285714285714
2021-903670,2021-10-22,2021,69324.0,Appartement,41.0,2.0,54000.0,6.174757,48.679565,1690.8292682926829
2021-903690,2021-10-21,2021,300000.0,Maison,125.0,6.0,54000.0,6.176674,48.67629,2400.0
2021-903691,2021-11-03,2021,177000.0,Appartement,84.0,4.0,54000.0,6.165372,48.674719,2107.1428571428573
2021-903697,2021-10-20,2021,85000.0,Appartement,58.0,3.0,54000.0,6.184694,48.686835,1465.5172413793102
2021-903700,2021-10-11,2021,300000.0,Appartement,35.0,1.0,54000.0,6.171309,48.686801,8571.42857142857
2021-903707,2021-11-05,2021,247526.0,Maison,93.0,3.0,54000.0,6.199756,48.675466,2661.569892473118
2021-903708,2021-10-28,2021,143595.0,Appartement,65.0,4.0,54000.0,6.184535,48.676275,2209.153846153846
2021-903712,2021-10-26,2021,139650.0,Appartement,51.0,2.0,54000.0,6.173787,48.701137,2738.235294117647
2021-903714,2021-10-27,2021,255000.0,Appartement,82.0,3.0,54000.0,6.186663,48.694426,3109.756097560976
2021-903727,2021-10-13,2021,125000.0,Appartement,69.0,3.0,54000.0,6.187483,48.688335,1811.5942028985507
2021-903732,2021-11-02,2021,107000.0,Appartement,48.0,2.0,54000.0,6.166127,48.700467,2229.1666666666665
2021-903738,2021-11-02,2021,43500.0,Appartement,18.0,1.0,54000.0,6.183038,48.68656,2416.6666666666665
2021-903748,2021-10-29,2021,85000.0,Appartement,47.0,3.0,54000.0,6.159714,48.685874,1808.5106382978724
2021-903751,2021-10-18,2021,78700.0,Appartement,34.0,2.0,54000.0,6.175244,48.674145,2314.705882352941
2021-903759,2021-10-28,2021,68400.0,Appartement,47.0,2.0,54000.0,6.1951,48.681512,1455.3191489361702
2021-903772,2021-10-21,2021,240000.0,Maison,75.0,3.0,54000.0,6.157356,48.689776,3200.0
2021-903776,2021-10-20,2021,186200.0,Appartement,121.0,4.0,54000.0,6.196379,48.67589,1538.8429752066115
2021-903777,2021-10-30,2021,190000.0,Appartement,80.0,3.0,54000.0,6.176209,48.691731,2375.0
2021-903781,2021-10-21,2021,135000.0,Appartement,85.0,3.0,54000.0,6.197891,48.677125,1588.235294117647
2021-903782,2021-10-28,2021,50000.0,Appartement,32.0,1.0,54000.0,6.18766,48.681543,1562.5
2021-903783,2021-10-14,2021,61200.0,Appartement,81.0,3.0,54000.0,6.151547,48.69163,755.5555555555555
2021-903789,2021-10-28,2021,212000.0,Appartement,131.0,4.0,54000.0,6.163987,48.68786,1618.320610687023
2021-903790,2021-10-21,2021,93348.59,Appartement,71.0,4.0,54000.0,6.141004,48.692334,1314.7688732394365
2021-903807,2021-10-18,2021,115000.0,Appartement,46.0,2.0,54000.0,6.196614,48.698909,2500.0
2021-903838,2021-11-09,2021,72500.0,Appartement,35.0,2.0,54000.0,6.169087,48.700921,2071.4285714285716
2021-903840,2021-10-25,2021,300000.0,Appartement,103.0,4.0,54000.0,6.171194,48.693053,2912.621359223301
2021-903852,2021-11-05,2021,142000.0,Appartement,63.0,3.0,54000.0,6.180742,48.694287,2253.968253968254
2021-903855,2021-11-05,2021,221400.0,Appartement,88.0,4.0,54000.0,6.169389,48.689565,2515.909090909091
2021-903875,2021-11-04,2021,132000.0,Appartement,55.0,2.0,54000.0,6.183184,48.688275,2400.0
2021-903877,2021-11-04,2021,120000.0,Appartement,76.0,2.0,54000.0,6.184795,48.680899,1578.9473684210527
2021-903887,2021-10-29,2021,775000.0,Maison,190.0,6.0,54000.0,6.151631,48.69285,4078.9473684210525
2021-903889,2021-10-14,2021,308000.0,Appartement,114.0,4.0,54000.0,6.173187,48.680719,2701.754385964912
2021-903890,2021-10-28,2021,105000.0,Appartement,55.0,3.0,54000.0,6.178182,48.705032,1909.090909090909
2021-903891,2021-11-09,2021,294000.0,Appartement,104.0,6.0,54000.0,6.172889,48.676369,2826.923076923077
2021-903901,2021-10-28,2021,140000.0,Appartement,63.0,3.0,54000.0,6.172842,48.685197,2222.222222222222
2021-903905,2021-09-16,2021,266630.0,Appartement,121.0,4.0,54000.0,6.145165,48.689851,2203.5537190082646
2021-903909,2021-10-14,2021,97000.0,Appartement,53.0,2.0,54000.0,6.164254,48.674806,1830.188679245283
2021-903910,2021-10-18,2021,106400.0,Appartement,68.0,3.0,54000.0,6.197649,48.677356,1564.7058823529412
2021-903923,2021-10-29,2021,430000.0,Appartement,121.0,4.0,54000.0,6.179049,48.694722,3553.719008264463
2021-903926,2021-11-08,2021,135000.0,Appartement,45.0,2.0,54000.0,6.160239,48.687427,3000.0
2021-903927,2021-10-27,2021,310000.0,Maison,120.0,4.0,54000.0,6.143944,48.692196,2583.3333333333335
2021-903929,2021-10-21,2021,80460.0,Appartement,33.0,2.0,54000.0,6.165129,48.683215,2438.181818181818
2021-903930,2021-11-03,2021,146000.0,Appartement,61.0,2.0,54000.0,6.174198,48.676772,2393.44262295082
2021-903937,2021-11-04,2021,485000.0,Appartement,52.0,3.0,54000.0,6.186491,48.681882,9326.923076923076
2021-903940,2021-11-10,2021,180000.0,Appartement,77.0,3.0,54000.0,6.182972,48.691945,2337.6623376623374
2021-903956,2021-10-29,2021,76000.0,Appartement,64.0,3.0,54000.0,6.191072,48.679103,1187.5
2021-903978,2021-11-04,2021,88500.0,Appartement,35.0,1.0,54000.0,6.144767,48.693206,2528.5714285714284
2021-904010,2021-10-29,2021,49500.0,Appartement,63.0,3.0,54000.0,6.138771,48.692841,785.7142857142857
2021-904022,2021-10-29,2021,74000.0,Appartement,63.0,3.0,54000.0,6.14576,48.696638,1174.6031746031747
2021-904043,2021-11-15,2021,207500.0,Appartement,85.0,3.0,54000.0,6.186461,48.684793,2441.176470588235
2021-904045,2021-11-05,2021,163500.0,Appartement,89.0,3.0,54000.0,6.172658,48.699143,1837.0786516853932
2021-904047,2021-11-10,2021,68000.0,Appartement,35.0,2.0,54000.0,6.173782,48.701992,1942.857142857143
2021-904050,2021-11-12,2021,336446.0,Maison,170.0,8.0,54000.0,6.168801,48.692247,1979.0941176470587
2021-904051,2021-11-04,2021,121000.0,Appartement,56.0,2.0,54000.0,6.178401,48.684588,2160.714285714286
2021-904055,2021-10-21,2021,100000.0,Appartement,46.0,2.0,54000.0,6.186624,48.683308,2173.913043478261
2021-904059,2021-11-04,2021,137000.0,Appartement,77.0,3.0,54000.0,6.160249,48.684336,1779.2207792207791
2021-904060,2021-11-08,2021,63000.0,Appartement,26.0,1.0,54000.0,6.176435,48.674031,2423.076923076923
2021-904062,2021-11-10,2021,130000.0,Appartement,65.0,4.0,54000.0,6.184535,48.676275,2000.0
2021-904063,2021-10-22,2021,78000.0,Appartement,52.0,2.0,54000.0,6.189045,48.698945,1500.0
2021-904071,2021-10-29,2021,106000.0,Appartement,46.0,2.0,54000.0,6.162355,48.703701,2304.3478260869565
2021-904072,2021-11-09,2021,245400.0,Appartement,142.0,5.0,54000.0,6.190119,48.688538,1728.1690140845071
2021-904084,2021-10-29,2021,68910.0,Appartement,41.0,2.0,54000.0,6.174757,48.679565,1680.7317073170732
2021-904087,2021-10-29,2021,80500.0,Appartement,51.0,3.0,54000.0,6.158927,48.690216,1578.4313725490197
2021-904092,2021-11-03,2021,180000.0,Appartement,68.0,3.0,54000.0,6.173787,48.701137,2647.0588235294117
2021-904095,2021-10-29,2021,72705.0,Appartement,44.0,2.0,54000.0,6.174757,48.679565,1652.3863636363637
2021-904104,2021-11-02,2021,76000.0,Appartement,49.0,2.0,54000.0,6.196489,48.67866,1551.0204081632653
2021-904107,2021-11-05,2021,154000.0,Appartement,15.0,1.0,54000.0,6.185503,48.686057,10266.666666666666
2021-904114,2021-10-29,2021,330000.0,Appartement,144.0,3.0,54000.0,6.178182,48.705032,2291.6666666666665
2021-904115,2021-10-29,2021,39744.0,Appartement,26.0,1.0,54000.0,6.174757,48.679565,1528.6153846153845
2021-904120,2021-10-27,2021,153000.0,Appartement,65.0,3.0,54000.0,6.196439,48.680481,2353.846153846154
2021-904126,2021-10-29,2021,177000.0,Appartement,75.0,4.0,54000.0,6.179109,48.696554,2360.0
2021-904133,2021-11-17,2021,115900.0,Appartement,51.0,4.0,54000.0,6.178362,48.684261,2272.549019607843
2021-904134,2021-11-04,2021,1045000.0,Maison,210.0,8.0,54000.0,6.161927,48.695343,4976.190476190476
2021-904135,2021-11-15,2021,249306.0,Appartement,72.0,3.0,54000.0,6.167606,48.690275,3462.5833333333335
2021-904145,2021-11-10,2021,313000.0,Appartement,93.0,3.0,54000.0,6.181114,48.683985,3365.5913978494623
2021-904154,2021-11-12,2021,85000.0,Appartement,35.0,2.0,54000.0,6.162688,48.698194,2428.5714285714284
2021-904159,2021-11-03,2021,138200.0,Appartement,73.0,4.0,54000.0,6.148968,48.697795,1893.150684931507
2021-904204,2021-11-10,2021,65000.0,Appartement,34.0,1.0,54000.0,6.175249,48.67664,1911.764705882353
2021-904205,2021-11-09,2021,104500.0,Appartement,72.0,3.0,54000.0,6.180034,48.687951,1451.388888888889
2021-904220,2021-05-31,2021,140000.0,Appartement,100.0,5.0,54000.0,6.159684,48.686592,1400.0
2021-904226,2021-11-15,2021,111150.0,Appartement,42.0,2.0,54000.0,6.180586,48.702802,2646.4285714285716
2021-904227,2021-11-09,2021,85000.0,Appartement,65.0,3.0,54000.0,6.155874,48.690682,1307.6923076923076
2021-904234,2021-11-09,2021,141000.0,Appartement,55.0,2.0,54000.0,6.166112,48.682058,2563.6363636363635
2021-904238,2021-10-21,2021,235000.0,Maison,100.0,4.0,54000.0,6.178119,48.70719,2350.0
2021-904249,2021-11-18,2021,116350.0,Appartement,47.0,2.0,54000.0,6.176435,48.674031,2475.531914893617
2021-904250,2021-11-08,2021,77950.0,Appartement,31.0,1.0,54000.0,6.171582,48.683717,2514.516129032258
2021-904252,2021-10-22,2021,106400.0,Appartement,53.0,2.0,54000.0,6.178191,48.698064,2007.5471698113208
2021-904270,2021-11-16,2021,130000.0,Appartement,87.0,3.0,54000.0,6.167954,48.689052,1494.2528735632184
2021-904275,2021-10-25,2021,700000.0,Appartement,68.0,3.0,54000.0,6.164345,48.674424,10294.117647058823
2021-904301,2021-11-05,2021,204000.0,Appartement,72.0,3.0,54000.0,6.200101,48.699314,2833.3333333333335
2021-904306,2021-11-02,2021,120000.0,Appartement,38.0,2.0,54000.0,6.154932,48.688729,3157.8947368421054
2021-904308,2021-11-05,2021,220000.0,Maison,82.0,3.0,54000.0,6.19064,48.70218,2682.9268292682927
2021-904309,2021-11-05,2021,52000.0,Appartement,34.0,1.0,54000.0,6.173787,48.701137,1529.4117647058824
2021-904328,2021-10-28,2021,257300.0,Maison,129.0,5.0,54000.0,6.140373,48.692244,1994.5736434108528
2021-904334,2021-11-17,2021,139750.0,Appartement,80.0,3.0,54000.0,6.17441,48.706006,1746.875
2021-904336,2021-11-17,2021,118600.0,Appartement,92.0,3.0,54000.0,6.166355,48.687955,1289.1304347826087
2021-904339,2021-11-15,2021,60000.0,Appartement,47.0,2.0,54000.0,6.1951,48.681512,1276.595744680851
2021-904341,2021-11-10,2021,132280.0,Maison,47.0,3.0,54000.0,6.143984,48.696431,2814.468085106383
2021-904359,2021-11-15,2021,103500.0,Appartement,63.0,3.0,54000.0,6.188572,48.688541,1642.857142857143
2021-904392,2021-11-12,2021,119000.0,Appartement,62.0,3.0,54000.0,6.191562,48.688157,1919.3548387096773
2021-904401,2021-11-17,2021,100000.0,Appartement,45.0,2.0,54000.0,6.182275,48.688164,2222.222222222222
2021-904407,2021-11-12,2021,127000.0,Appartement,50.0,2.0,54000.0,6.185584,48.680482,2540.0
2021-904409,2021-10-28,2021,97800.0,Appartement,62.0,2.0,54000.0,6.185613,48.687891,1577.4193548387098
2021-904410,2021-10-29,2021,113000.0,Appartement,42.0,2.0,54000.0,6.187197,48.685477,2690.4761904761904
2021-904414,2021-10-27,2021,335000.0,Appartement,128.0,5.0,54000.0,6.17257,48.692875,2617.1875
2021-904429,2021-10-26,2021,218500.0,Appartement,89.0,3.0,54000.0,6.195077,48.69319,2455.0561797752807
2021-904437,2021-11-19,2021,65000.0,Appartement,10.0,0.0,54000.0,6.181371,48.692757,6500.0
2021-904439,2021-11-05,2021,171100.0,Maison,74.0,4.0,54100.0,6.141896,48.700893,2312.162162162162
2021-904440,2021-11-04,2021,265000.0,Appartement,101.0,4.0,54000.0,6.168872,48.682045,2623.762376237624
2021-904445,2021-10-29,2021,350000.0,Appartement,82.0,3.0,54000.0,6.159972,48.69032,4268.292682926829
2021-904457,2021-11-12,2021,59000.0,Appartement,19.0,1.0,54000.0,6.174291,48.70497,3105.2631578947367
2021-904458,2021-10-28,2021,140000.0,Maison,78.0,3.0,54000.0,6.190736,48.686731,1794.871794871795
2021-904461,2021-10-25,2021,115000.0,Appartement,51.0,2.0,54000.0,6.185228,48.691928,2254.901960784314
2021-904464,2021-10-25,2021,93400.0,Appartement,34.0,1.0,54000.0,6.167073,48.686608,2747.0588235294117
2021-904477,2021-11-03,2021,168000.0,Maison,66.0,4.0,54000.0,6.172078,48.702253,2545.4545454545455
2021-904502,2021-10-29,2021,109500.0,Appartement,72.0,3.0,54000.0,6.164681,48.673536,1520.8333333333333
2021-904511,2021-11-10,2021,470000.0,Maison,148.0,9.0,54000.0,6.162917,48.699301,3175.675675675676
2021-904513,2021-11-23,2021,26000.0,Appartement,40.0,3.0,54000.0,6.177729,48.685272,650.0
2021-904524,2021-11-16,2021,74500.0,Appartement,38.0,2.0,54000.0,6.194552,48.685852,1960.5263157894738
2021-904549,2021-11-22,2021,75000.0,Appartement,55.0,2.0,54000.0,6.178927,48.674128,1363.6363636363637
2021-904550,2021-11-16,2021,105000.0,Appartement,48.0,2.0,54000.0,6.166988,48.681799,2187.5
2021-904553,2021-11-17,2021,161755.0,Appartement,72.0,3.0,54000.0,6.180034,48.687951,2246.597222222222
2021-904577,2021-11-22,2021,39900.0,Appartement,14.0,1.0,54000.0,6.189993,48.683026,2850.0
2021-904612,2021-11-15,2021,126300.0,Appartement,81.0,3.0,54000.0,6.18548,48.679739,1559.2592592592594
2021-904627,2021-11-19,2021,39330.0,Appartement,28.0,1.0,54000.0,6.174757,48.679565,1404.642857142857
2021-904637,2021-11-08,2021,114000.0,Appartement,50.0,2.0,54000.0,6.170971,48.701159,2280.0
2021-904638,2021-11-22,2021,78500.0,Appartement,43.0,2.0,54000.0,6.179705,48.701627,1825.5813953488373
2021-904639,2021-11-22,2021,50000.0,Appartement,42.0,2.0,54000.0,6.160249,48.684336,1190.4761904761904
2021-904656,2021-11-24,2021,73000.0,Appartement,46.0,2.0,54000.0,6.186624,48.683308,1586.9565217391305
2021-904660,2021-11-24,2021,142000.0,Appartement,65.0,3.0,54000.0,6.181427,48.680649,2184.6153846153848
2021-904694,2021-11-12,2021,120000.0,Appartement,52.0,2.0,54000.0,6.170971,48.701159,2307.6923076923076
2021-904727,2021-11-16,2021,62000.0,Appartement,40.0,2.0,54000.0,6.172641,48.683419,1550.0
2021-904733,2021-11-22,2021,330000.0,Maison,60.0,3.0,54000.0,,,5500.0
2021-904734,2021-11-24,2021,30000.0,Appartement,19.0,1.0,54000.0,6.191072,48.679103,1578.9473684210527
2021-904735,2021-11-25,2021,62000.0,Appartement,18.0,1.0,54000.0,6.1734,48.700198,3444.4444444444443
2021-904737,2021-11-16,2021,64000.0,Appartement,40.0,3.0,54000.0,6.172641,48.683419,1600.0
2021-904741,2021-11-18,2021,100000.0,Appartement,42.0,2.0,54000.0,6.168744,48.677851,2380.9523809523807
2021-904745,2021-11-19,2021,122000.0,Appartement,156.0,7.0,54000.0,6.162287,48.698906,782.0512820512821
2021-904751,2021-10-27,2021,60000.0,Appartement,41.0,2.0,54000.0,6.166813,48.681755,1463.4146341463415
2021-904762,2021-11-23,2021,95000.0,Appartement,49.0,2.0,54000.0,6.199526,48.6763,1938.7755102040817
2021-904777,2021-11-24,2021,105000.0,Appartement,56.0,2.0,54000.0,6.177142,48.679687,1875.0
2021-904779,2021-11-23,2021,90000.0,Appartement,40.0,2.0,54000.0,6.193488,48.68961,2250.0
2021-904781,2021-11-12,2021,600000.0,Appartement,46.0,2.0,54000.0,6.177808,48.675267,13043.478260869566
2021-904790,2021-11-19,2021,48000.0,Appartement,20.0,1.0,54000.0,6.181056,48.693266,2400.0
2021-904791,2021-11-23,2021,72000.0,Appartement,37.0,1.0,54000.0,6.196489,48.67866,1945.945945945946
2021-904793,2021-11-24,2021,217550.0,Maison,75.0,3.0,54000.0,6.199743,48.67539,2900.6666666666665
2021-904798,2021-11-23,2021,83600.0,Appartement,30.0,1.0,54000.0,6.171232,48.674452,2786.6666666666665
2021-904818,2021-11-12,2021,130000.0,Appartement,65.0,3.0,54000.0,6.176435,48.674031,2000.0
2021-904844,2021-11-16,2021,458000.0,Maison,168.0,6.0,54000.0,6.142802,48.694841,2726.190476190476
2021-904850,2021-11-25,2021,193000.0,Appartement,64.0,3.0,54000.0,6.179112,48.686562,3015.625
2021-904857,2021-11-23,2021,300000.0,Maison,100.0,5.0,54000.0,6.175644,48.682901,3000.0
2021-904863,2021-11-30,2021,332450.0,Appartement,128.0,5.0,54000.0,6.184142,48.692116,2597.265625
2021-904868,2021-11-25,2021,244450.0,Appartement,97.0,5.0,54000.0,6.160249,48.684336,2520.103092783505
2021-904875,2021-11-12,2021,195000.0,Appartement,82.0,3.0,54000.0,6.196935,48.694688,2378.048780487805
2021-904880,2021-11-19,2021,142000.0,Appartement,56.0,2.0,54000.0,6.18309,48.686272,2535.714285714286
2021-904887,2021-11-15,2021,107000.0,Appartement,48.0,2.0,54000.0,6.181428,48.687036,2229.1666666666665
2021-904892,2021-11-29,2021,233500.0,Appartement,93.0,3.0,54000.0,6.192652,48.698882,2510.7526881720432
2021-904900,2021-11-10,2021,63000.0,Appartement,30.0,2.0,54000.0,6.194044,48.690495,2100.0
2021-904913,2021-11-23,2021,39000.0,Appartement,18.0,1.0,54000.0,6.183541,48.686464,2166.6666666666665
2021-904918,2021-11-26,2021,235600.0,Appartement,132.0,3.0,54000.0,6.187901,48.685178,1784.8484848484848
2021-904920,2021-11-19,2021,71179.0,Appartement,41.0,2.0,54000.0,6.174757,48.679565,1736.0731707317073
2021-904937,2021-11-25,2021,104183.3,Appartement,44.0,2.0,54000.0,6.191474,48.698891,2367.802272727273
2021-904943,2021-11-17,2021,285000.0,Maison,181.0,6.0,54000.0,6.175314,48.679509,1574.585635359116
2021-904953,2021-11-22,2021,164500.0,Appartement,53.0,2.0,54000.0,6.182968,48.69068,3103.7735849056603
2021-904957,2021-11-22,2021,126000.0,Appartement,55.0,5.0,54000.0,6.146591,48.696397,2290.909090909091
2021-904966,2021-11-29,2021,96000.0,Appartement,46.0,2.0,54000.0,6.194058,48.678486,2086.9565217391305
2021-904974,2021-11-23,2021,80000.0,Appartement,57.0,3.0,54000.0,6.180893,48.676913,1403.5087719298247
2021-904976,2021-11-17,2021,87500.0,Appartement,30.0,1.0,54000.0,6.176435,48.674031,2916.6666666666665
2021-904981,2021-11-17,2021,157000.0,Appartement,53.0,2.0,54000.0,6.176086,48.696967,2962.264150943396
2021-904984,2021-11-26,2021,51060.0,Appartement,36.0,1.0,54000.0,6.174757,48.679565,1418.3333333333333
2021-904986,2021-11-29,2021,189000.0,Appartement,85.0,4.0,54000.0,6.142612,48.694904,2223.529411764706
2021-904987,2021-11-10,2021,135400.0,Appartement,51.0,2.0,54000.0,6.177095,48.681655,2654.901960784314
2021-904988,2021-11-23,2021,154941.5,Appartement,61.0,3.0,54000.0,6.173998,48.672596,2540.0245901639346
2021-904994,2021-11-17,2021,66000.0,Appartement,21.0,1.0,54000.0,,,3142.8571428571427
2021-905019,2021-11-30,2021,65400.0,Appartement,23.0,1.0,54000.0,6.167096,48.699082,2843.478260869565
2021-905033,2021-11-27,2021,69041.0,Appartement,45.0,3.0,54000.0,6.174757,48.679565,1534.2444444444445
2021-905055,2021-11-23,2021,195560.0,Appartement,87.0,3.0,54000.0,6.166573,48.698023,2247.816091954023
2021-905084,2021-11-30,2021,130000.0,Appartement,59.0,3.0,54000.0,6.195574,48.681535,2203.3898305084745
2021-905085,2021-11-25,2021,90000.0,Appartement,45.0,2.0,54000.0,6.160249,48.684336,2000.0
2021-905090,2021-11-30,2021,312550.0,Appartement,106.0,4.0,54000.0,6.181767,48.70025,2948.5849056603774
2021-905099,2021-11-26,2021,146000.0,Appartement,52.0,3.0,54000.0,6.193348,48.69695,2807.6923076923076
2021-905101,2021-11-30,2021,337800.0,Maison,80.0,4.0,54000.0,6.154803,48.69777,4222.5
2021-905107,2021-11-16,2021,85200.0,Appartement,32.0,1.0,54000.0,6.158182,48.697315,2662.5
2021-905142,2021-11-24,2021,71000.0,Appartement,46.0,3.0,54000.0,6.192195,48.691674,1543.4782608695652
2021-905154,2021-11-29,2021,75000.0,Appartement,26.0,2.0,54000.0,6.1699,48.684823,2884.6153846153848
2021-905155,2021-11-18,2021,405000.0,Maison,139.0,6.0,54000.0,6.146967,48.690792,2913.6690647482014
2021-905156,2021-11-18,2021,71400.0,Appartement,29.0,1.0,54000.0,6.181428,48.687036,2462.0689655172414
2021-905160,2021-11-30,2021,59000.0,Appartement,25.0,1.0,54000.0,6.158498,48.69836,2360.0
2021-905161,2021-12-01,2021,113475.0,Appartement,46.0,2.0,54000.0,6.169865,48.683022,2466.8478260869565
2021-905174,2021-11-17,2021,407150.0,Appartement,55.0,3.0,54000.0,6.195244,48.684684,7402.727272727273
2021-905191,2021-11-29,2021,92800.0,Appartement,42.0,2.0,54000.0,6.185232,48.688455,2209.5238095238096
2021-905204,2021-11-23,2021,223000.0,Appartement,83.0,4.0,54000.0,6.161757,48.687246,2686.746987951807
2021-905205,2021-12-01,2021,247000.0,Appartement,110.0,4.0,54000.0,6.159552,48.686069,2245.4545454545455
2021-905207,2021-11-19,2021,148000.0,Appartement,52.0,2.0,54000.0,6.173588,48.680562,2846.153846153846
2021-905212,2021-11-19,2021,100950.0,Appartement,42.0,2.0,54000.0,6.183983,48.691662,2403.5714285714284
2021-905214,2021-12-02,2021,62100.0,Appartement,44.0,2.0,54000.0,6.174757,48.679565,1411.3636363636363
2021-905220,2021-11-29,2021,44200.0,Appartement,32.0,1.0,54000.0,6.194044,48.690495,1381.25
2021-905221,2021-12-01,2021,86000.0,Appartement,35.0,1.0,54000.0,6.164611,48.683949,2457.1428571428573
2021-905226,2021-12-02,2021,53613.0,Appartement,36.0,1.0,54000.0,6.174757,48.679565,1489.25
2021-905228,2021-12-01,2021,150150.0,Maison,74.0,4.0,54100.0,6.156298,48.704139,2029.054054054054
2021-905246,2021-11-18,2021,130950.0,Appartement,55.0,2.0,54000.0,6.168352,48.699478,2380.909090909091
2021-905249,2021-11-29,2021,141200.0,Appartement,50.0,2.0,54000.0,6.195532,48.694835,2824.0
2021-905250,2021-12-01,2021,105450.0,Appartement,25.0,1.0,54000.0,6.144916,48.691678,4218.0
2021-905274,2021-12-03,2021,183150.0,Appartement,74.0,2.0,54000.0,6.184795,48.680899,2475.0
2021-905280,2021-11-25,2021,272900.0,Appartement,155.0,4.0,54000.0,6.190316,48.676529,1760.6451612903227
2021-905282,2021-11-30,2021,55500.0,Appartement,28.0,2.0,54000.0,6.152826,48.697565,1982.142857142857
2021-905287,2021-11-29,2021,181000.0,Appartement,74.0,3.0,54000.0,6.172878,48.700505,2445.945945945946
2021-905311,2021-12-02,2021,97000.0,Appartement,55.0,3.0,54000.0,6.1488,48.691485,1763.6363636363637
2021-905315,2021-12-02,2021,258200.0,Maison,147.0,7.0,54000.0,6.164915,48.69984,1756.4625850340135
2021-905318,2021-11-24,2021,50000.0,Appartement,60.0,3.0,54000.0,6.164217,48.694104,833.3333333333334
2021-905325,2021-11-23,2021,137350.0,Appartement,83.0,4.0,54000.0,6.175638,48.675925,1654.8192771084337
2021-905331,2021-12-07,2021,69000.0,Appartement,26.0,1.0,54000.0,6.1692,48.68406,2653.846153846154
2021-905345,2021-12-03,2021,43000.0,Appartement,26.0,1.0,54000.0,6.187977,48.684141,1653.8461538461538
2021-905364,2021-11-12,2021,216500.0,Appartement,60.0,4.0,54000.0,6.160813,48.68977,3608.3333333333335
2021-905368,2021-12-03,2021,26271.0,Appartement,44.0,2.0,54000.0,6.163969,48.68299,597.0681818181819
2021-905371,2021-11-19,2021,69000.0,Appartement,29.0,1.0,54000.0,6.162355,48.703701,2379.310344827586
2021-905373,2021-12-03,2021,403000.0,Appartement,218.0,6.0,54000.0,6.14924,48.696275,1848.6238532110092
2021-905376,2021-11-29,2021,64000.0,Appartement,27.0,2.0,54000.0,6.169368,48.678035,2370.3703703703704
2021-905378,2021-12-02,2021,223500.0,Maison,165.0,5.0,54000.0,6.16565,48.690442,1354.5454545454545
2021-905388,2021-12-01,2021,233000.0,Appartement,129.0,5.0,54000.0,6.197891,48.677125,1806.2015503875969
2021-905390,2021-12-07,2021,93400.0,Appartement,67.0,4.0,54000.0,6.158927,48.690216,1394.0298507462687
2021-905391,2021-12-08,2021,197800.0,Appartement,73.0,3.0,54000.0,6.153475,48.690674,2709.5890410958905
2021-905394,2021-11-22,2021,151000.0,Appartement,60.0,3.0,54000.0,6.192078,48.691633,2516.6666666666665
2021-905413,2021-11-29,2021,62300.0,Appartement,18.0,1.0,54000.0,6.1734,48.700198,3461.1111111111113
2021-905422,2021-12-07,2021,143600.0,Appartement,64.0,2.0,54000.0,6.18762,48.680442,2243.75
2021-905429,2021-11-30,2021,321000.0,Appartement,93.0,5.0,54000.0,6.164523,48.677868,3451.6129032258063
2021-905443,2021-12-02,2021,66000.0,Appartement,18.0,1.0,54000.0,6.17886,48.698484,3666.6666666666665
2021-905448,2021-12-03,2021,321000.0,Appartement,132.0,5.0,54000.0,6.167939,48.689465,2431.818181818182
2021-905449,2021-11-24,2021,110000.0,Maison,62.0,3.0,54000.0,6.144725,48.696508,1774.1935483870968
2021-905452,2021-11-26,2021,268000.0,Maison,108.0,6.0,54000.0,6.139574,48.693622,2481.4814814814813
2021-905469,2021-11-29,2021,94000.0,Appartement,76.0,4.0,54000.0,6.138996,48.691142,1236.842105263158
2021-905477,2021-12-07,2021,100000.0,Appartement,39.0,2.0,54000.0,6.161933,48.682314,2564.102564102564
2021-905480,2021-12-03,2021,62000.0,Appartement,18.0,1.0,54000.0,6.1734,48.700198,3444.4444444444443
2021-905485,2021-11-15,2021,117726.0,Appartement,47.0,3.0,54000.0,6.16035,48.696236,2504.808510638298
2021-905486,2021-12-07,2021,500000.0,Appartement,40.0,2.0,54000.0,6.184478,48.687344,12500.0
2021-905488,2021-12-06,2021,238600.0,Appartement,95.0,4.0,54000.0,6.196291,48.694203,2511.5789473684213
2021-905497,2021-12-03,2021,98800.0,Appartement,57.0,3.0,54000.0,6.191047,48.686667,1733.3333333333333
2021-905498,2021-11-12,2021,171170.0,Appartement,58.0,2.0,54000.0,6.17775,48.697033,2951.206896551724
2021-905499,2021-12-01,2021,200000.0,Appartement,160.0,5.0,54000.0,6.178364,48.676143,1250.0
2021-905513,2021-12-09,2021,100600.0,Appartement,53.0,2.0,54000.0,6.154596,48.69862,1898.1132075471698
2021-905517,2021-11-22,2021,181000.0,Appartement,86.0,4.0,54000.0,6.160346,48.687713,2104.6511627906975
2021-905518,2021-12-09,2021,130840.0,Appartement,75.0,3.0,54000.0,6.171948,48.682526,1744.5333333333333
2021-905523,2021-12-10,2021,39000.0,Appartement,15.0,1.0,54000.0,6.164349,48.681568,2600.0
2021-905542,2021-11-19,2021,95000.0,Appartement,47.0,2.0,54000.0,6.174163,48.702123,2021.276595744681
2021-905547,2021-11-30,2021,208000.0,Appartement,86.0,4.0,54000.0,6.180034,48.687951,2418.6046511627906
2021-905565,2021-11-26,2021,428800.0,Maison,110.0,5.0,54000.0,6.148592,48.69351,3898.181818181818
2021-905567,2021-12-13,2021,59000.0,Appartement,23.0,1.0,54000.0,6.145376,48.692202,2565.217391304348
2021-905576,2021-12-10,2021,160000.0,Appartement,71.0,4.0,54000.0,6.1642,48.676057,2253.521126760563
2021-905585,2021-11-16,2021,76000.0,Maison,72.0,5.0,54000.0,6.191045,48.679823,1055.5555555555557
2021-905586,2021-12-13,2021,91000.0,Appartement,39.0,1.0,54000.0,6.162869,48.702886,2333.3333333333335
2021-905591,2021-12-09,2021,130000.0,Appartement,83.0,3.0,54000.0,6.177142,48.679687,1566.2650602409637
2021-905597,2021-12-09,2021,161300.0,Appartement,104.0,5.0,54000.0,6.175638,48.675925,1550.9615384615386
2021-905604,2021-12-06,2021,82400.0,Appartement,44.0,2.0,54000.0,6.198774,48.678259,1872.7272727272727
2021-905618,2021-12-02,2021,419000.0,Maison,175.0,6.0,54000.0,6.145346,48.692855,2394.285714285714
2021-905629,2021-12-07,2021,89000.0,Appartement,34.0,1.0,54000.0,6.173787,48.701137,2617.6470588235293
2021-905642,2021-12-14,2021,93200.0,Appartement,33.0,2.0,54000.0,6.16639,48.689367,2824.242424242424
2021-905643,2021-12-09,2021,69090.0,Appartement,29.0,1.0,54000.0,6.179044,48.681412,2382.4137931034484
2021-905651,2021-12-06,2021,41500.0,Appartement,17.0,1.0,54000.0,6.189144,48.682951,2441.176470588235
2021-905683,2021-12-09,2021,196000.0,Appartement,76.0,4.0,54000.0,6.187003,48.681922,2578.9473684210525
2021-905695,2021-12-02,2021,205000.0,Appartement,77.0,4.0,54000.0,6.168703,48.682281,2662.3376623376626
2021-905707,2021-12-13,2021,167000.0,Appartement,78.0,4.0,54000.0,6.195621,48.685184,2141.025641025641
2021-905724,2021-12-07,2021,247500.0,Maison,52.0,3.0,54000.0,6.160814,48.691428,4759.615384615385
2021-905728,2021-12-13,2021,100000.0,Appartement,44.0,2.0,54000.0,6.196439,48.680481,2272.7272727272725
2021-905754,2021-12-14,2021,96000.0,Appartement,43.0,3.0,54000.0,6.18932,48.702973,2232.5581395348836
2021-905758,2021-12-10,2021,162550.0,Appartement,71.0,3.0,54000.0,6.18238,48.691577,2289.43661971831
2021-905794,2021-12-13,2021,225400.0,Appartement,90.0,3.0,54000.0,6.172866,48.686997,2504.4444444444443
2021-905803,2021-12-10,2021,138030.0,Appartement,144.0,4.0,54000.0,6.182254,48.681263,958.5416666666666
2021-905809,2021-12-10,2021,277000.03,Appartement,120.0,3.0,54000.0,6.181799,48.694768,2308.3335833333335
2021-905816,2021-10-28,2021,209000.0,Appartement,85.0,3.0,54000.0,6.183088,48.688554,2458.823529411765
2021-905831,2021-12-01,2021,67000.0,Appartement,29.0,1.0,54000.0,6.176771,48.680747,2310.344827586207
2021-905838,2021-12-03,2021,260000.0,Maison,120.0,4.0,54000.0,6.163347,48.680938,2166.6666666666665
2021-905844,2021-12-07,2021,146900.0,Appartement,118.0,3.0,54000.0,6.181921,48.690891,1244.915254237288
2021-905858,2021-12-14,2021,62100.0,Appartement,30.0,1.0,54000.0,6.170566,48.686221,2070.0
2021-905859,2021-12-10,2021,113100.0,Appartement,43.0,2.0,54000.0,6.193707,48.690424,2630.232558139535
2021-905861,2021-12-01,2021,98000.0,Appartement,36.0,2.0,54000.0,6.16582,48.684675,2722.222222222222
2021-905868,2021-12-10,2021,289000.0,Appartement,123.0,4.0,54000.0,6.173903,48.683148,2349.5934959349593
2021-905870,2021-12-10,2021,120000.0,Appartement,61.0,3.0,54000.0,6.17827,48.681157,1967.2131147540983
2021-905872,2021-12-10,2021,475000.0,Maison,153.0,6.0,54000.0,6.161258,48.693788,3104.575163398693
2021-905884,2021-12-16,2021,85000.0,Appartement,41.0,2.0,54000.0,6.176435,48.674031,2073.170731707317
2021-905898,2021-12-03,2021,200000.0,Appartement,59.0,2.0,54000.0,6.164338,48.692986,3389.830508474576
2021-905901,2021-12-14,2021,63300.0,Appartement,37.0,2.0,54000.0,6.170566,48.686221,1710.8108108108108
2021-905914,2021-12-03,2021,146000.0,Appartement,72.0,4.0,54100.0,6.145985,48.703,2027.7777777777778
2021-905915,2021-12-06,2021,140500.0,Appartement,84.0,3.0,54000.0,6.171704,48.690438,1672.6190476190477
2021-905920,2021-12-03,2021,586016.0,Appartement,200.0,5.0,54000.0,6.173896,48.698923,2930.08
2021-905921,2021-12-14,2021,100000.0,Appartement,60.0,3.0,54000.0,6.19504,48.679779,1666.6666666666667
2021-905925,2021-12-10,2021,105700.0,Appartement,50.0,2.0,54000.0,6.185959,48.689386,2114.0
2021-905941,2021-12-10,2021,595000.0,Appartement,55.0,3.0,54000.0,6.16634,48.684286,10818.181818181818
2021-905944,2021-12-15,2021,59050.0,Appartement,22.0,1.0,54000.0,6.187697,48.689882,2684.090909090909
2021-905947,2021-12-04,2021,765000.0,Maison,176.0,6.0,54000.0,6.168765,48.692384,4346.590909090909
2021-905956,2021-12-16,2021,120000.0,Appartement,60.0,3.0,54000.0,6.165777,48.700006,2000.0
2021-905957,2021-12-10,2021,85800.0,Appartement,42.0,2.0,54000.0,6.177041,48.682777,2042.857142857143
2021-905960,2021-12-13,2021,485000.0,Appartement,80.0,3.0,54000.0,6.166714,48.674065,6062.5
2021-905967,2021-12-09,2021,95000.0,Appartement,75.0,2.0,54000.0,6.198025,48.680738,1266.6666666666667
2021-905970,2021-12-15,2021,30000.0,Appartement,35.0,3.0,54000.0,6.190651,48.686689,857.1428571428571
2021-905974,2021-12-16,2021,235000.0,Appartement,38.0,2.0,54000.0,6.183579,48.700296,6184.210526315789
2021-905975,2021-12-06,2021,338250.0,Maison,124.0,5.0,54000.0,6.18099,48.675377,2727.8225806451615
2021-905981,2021-12-14,2021,125000.0,Appartement,49.0,2.0,54000.0,6.180034,48.687951,2551.0204081632655
2021-905990,2021-12-17,2021,54000.0,Appartement,27.0,1.0,54000.0,6.164542,48.691521,2000.0
2021-905991,2021-12-15,2021,65000.0,Appartement,42.0,2.0,54000.0,6.1488,48.691485,1547.6190476190477
2021-906005,2021-12-14,2021,299000.0,Appartement,81.0,2.0,54000.0,6.179275,48.695029,3691.358024691358
2021-906007,2021-12-03,2021,325000.0,Maison,107.0,6.0,54000.0,6.149267,48.694694,3037.3831775700933
2021-906012,2021-12-06,2021,52000.0,Appartement,26.0,1.0,54000.0,6.185553,48.687035,2000.0
2021-906014,2021-12-09,2021,134500.0,Appartement,59.0,3.0,54000.0,6.182895,48.70103,2279.6610169491523
2021-906029,2021-12-16,2021,68000.0,Appartement,23.0,1.0,54000.0,6.172777,48.683984,2956.521739130435
2021-906034,2021-11-25,2021,93000.0,Appartement,49.0,2.0,54000.0,6.181182,48.674258,1897.9591836734694
2021-906036,2021-12-16,2021,52500.0,Appartement,23.0,1.0,54000.0,6.167096,48.699082,2282.608695652174
2021-906043,2021-12-10,2021,113050.0,Appartement,53.0,3.0,54000.0,6.201619,48.686386,2133.0188679245284
2021-906054,2021-12-10,2021,390000.0,Maison,172.0,6.0,54000.0,6.148121,48.690308,2267.4418604651164
2021-906057,2021-12-15,2021,115000.0,Appartement,50.0,2.0,54000.0,6.175134,48.674108,2300.0
2021-906059,2021-12-13,2021,280000.0,Appartement,120.0,3.0,54000.0,6.174444,48.698222,2333.3333333333335
2021-906060,2021-12-14,2021,95000.0,Appartement,43.0,2.0,54000.0,6.164844,48.703341,2209.3023255813955
2021-906061,2021-12-14,2021,69000.0,Appartement,30.0,1.0,54000.0,6.194044,48.690495,2300.0
2021-906082,2021-12-20,2021,347100.0,Appartement,114.0,5.0,54000.0,6.168309,48.696373,3044.7368421052633
2021-906086,2021-12-17,2021,314900.0,Appartement,147.0,5.0,54000.0,6.17287,48.700005,2142.1768707482993
2021-906090,2021-12-17,2021,619700.0,Appartement,41.0,2.0,54000.0,6.166333,48.699917,15114.634146341463
2021-906115,2021-12-20,2021,150000.0,Appartement,59.0,3.0,54000.0,6.17857,48.702163,2542.3728813559323
2021-906118,2021-12-20,2021,53000.0,Appartement,46.0,2.0,54000.0,6.175249,48.67664,1152.1739130434783
2021-906124,2021-12-20,2021,64000.0,Appartement,28.0,1.0,54000.0,6.181428,48.687036,2285.714285714286
2021-906126,2021-12-22,2021,104500.0,Appartement,34.0,1.0,54000.0,6.177168,48.697752,3073.529411764706
2021-906135,2021-12-16,2021,118900.0,Appartement,20.0,1.0,54000.0,6.180512,48.682182,5945.0
2021-906145,2021-12-17,2021,617500.0,Maison,125.0,7.0,54000.0,6.188488,48.698283,4940.0
2021-906150,2021-12-17,2021,384000.0,Appartement,94.0,4.0,54000.0,6.182379,48.684821,4085.1063829787236
2021-906158,2021-12-07,2021,185000.0,Appartement,24.0,1.0,54000.0,6.191978,48.680956,7708.333333333333
2021-906165,2021-12-20,2021,210000.0,Appartement,44.0,3.0,54000.0,6.172542,48.699444,4772.727272727273
2021-906167,2021-12-20,2021,223000.0,Maison,126.0,5.0,54000.0,6.197271,48.678308,1769.8412698412699
2021-906168,2021-12-21,2021,284050.0,Appartement,127.0,4.0,54000.0,6.180547,48.6892,2236.6141732283463
2021-906170,2021-12-22,2021,173000.0,Appartement,84.0,3.0,54000.0,6.194324,48.680277,2059.5238095238096
2021-906176,2021-12-01,2021,270750.0,Appartement,114.0,4.0,54000.0,6.187628,48.688307,2375.0
2021-906187,2021-12-16,2021,75259.0,Appartement,39.0,1.0,54000.0,6.186764,48.689389,1929.7179487179487
2021-906188,2021-12-22,2021,182000.0,Appartement,80.0,3.0,54000.0,6.162326,48.681411,2275.0
2021-906189,2021-12-09,2021,48926.0,Appartement,26.0,1.0,54000.0,6.186764,48.689389,1881.7692307692307
2021-906205,2021-12-27,2021,152000.0,Appartement,73.0,3.0,54000.0,6.155424,48.689884,2082.1917808219177
2021-906209,2021-12-20,2021,80000.0,Appartement,25.0,1.0,54000.0,6.167247,48.691696,3200.0
2021-906211,2021-12-21,2021,90000.0,Appartement,31.0,1.0,54000.0,6.196248,48.67759,2903.2258064516127
2021-906218,2021-12-16,2021,165000.0,Appartement,45.0,2.0,54000.0,6.162978,48.699818,3666.6666666666665
2021-906226,2021-12-20,2021,215800.0,Appartement,96.0,4.0,54000.0,6.175514,48.679902,2247.9166666666665
2021-906228,2021-12-27,2021,400000.0,Appartement,147.0,5.0,54000.0,6.175199,48.699365,2721.08843537415
2021-906240,2021-12-22,2021,60000.0,Appartement,38.0,1.0,54000.0,6.195977,48.679214,1578.9473684210527
2021-906247,2021-12-27,2021,68500.0,Appartement,22.0,1.0,54000.0,6.178804,48.703633,3113.6363636363635
2021-906273,2021-12-09,2021,280250.0,Appartement,92.0,3.0,54000.0,6.185256,48.687523,3046.195652173913
2021-906276,2021-12-27,2021,157600.0,Appartement,78.0,4.0,54000.0,6.201619,48.686386,2020.5128205128206
2021-906278,2021-12-24,2021,77350.0,Appartement,48.0,2.0,54000.0,6.191047,48.686667,1611.4583333333333
2021-906291,2021-12-27,2021,200000.0,Appartement,100.0,3.0,54000.0,6.178182,48.705032,2000.0
2021-906305,2021-12-27,2021,435000.0,Maison,169.0,7.0,54000.0,6.158613,48.686516,2573.96449704142
2021-906306,2021-12-16,2021,130000.0,Appartement,41.0,2.0,54000.0,6.179086,48.702249,3170.731707317073
2021-906307,2021-12-20,2021,418500.0,Appartement,40.0,2.0,54000.0,6.178192,48.697839,10462.5
2021-906313,2021-12-17,2021,262000.0,Appartement,116.0,3.0,54000.0,6.160323,48.689667,2258.6206896551726
2021-906315,2021-12-14,2021,71500.0,Appartement,35.0,2.0,54000.0,6.199526,48.6763,2042.857142857143
2021-906316,2021-12-10,2021,77000.0,Appartement,39.0,2.0,54000.0,6.17923,48.698284,1974.3589743589744
2021-906332,2021-12-15,2021,171000.0,Appartement,76.0,3.0,54000.0,6.169127,48.689881,2250.0
2021-906333,2021-12-17,2021,78200.0,Appartement,42.0,2.0,54000.0,6.193067,48.696851,1861.904761904762
2021-906338,2021-12-27,2021,77300.0,Appartement,30.0,1.0,54000.0,6.183072,48.700453,2576.6666666666665
2021-906343,2021-12-28,2021,163500.0,Appartement,61.0,3.0,54000.0,6.175091,48.700731,2680.3278688524592
2021-906346,2021-12-21,2021,218800.0,Maison,64.0,4.0,54000.0,6.139629,48.692061,3418.75
2021-906349,2021-12-28,2021,109000.0,Appartement,59.0,3.0,54000.0,6.18922,48.687821,1847.457627118644
2021-906350,2021-12-16,2021,38224.0,Appartement,25.0,1.0,54000.0,6.174757,48.679565,1528.96
2021-906360,2021-12-16,2021,42166.0,Appartement,26.0,1.0,54000.0,6.174757,48.679565,1621.7692307692307
2021-906364,2021-12-15,2021,100000.0,Maison,24.0,1.0,54000.0,6.196882,48.676099,4166.666666666667
2021-906369,2021-12-23,2021,134000.0,Appartement,114.0,5.0,54000.0,6.181427,48.680649,1175.438596491228
2021-906380,2021-12-13,2021,53000.0,Appartement,19.0,1.0,54000.0,6.168915,48.703495,2789.4736842105262
2021-906382,2021-12-13,2021,102000.0,Appartement,48.0,2.0,54000.0,6.180034,48.687951,2125.0
2021-906386,2021-12-22,2021,55000.0,Appartement,55.0,3.0,54000.0,6.1488,48.691485,1000.0
2021-906390,2021-12-15,2021,195400.0,Appartement,85.0,3.0,54000.0,6.165714,48.682641,2298.823529411765
2021-906395,2021-12-15,2021,178750.0,Appartement,58.0,3.0,54000.0,6.165065,48.692696,3081.896551724138
2021-906399,2021-12-16,2021,355000.0,Appartement,114.0,4.0,54000.0,6.199346,48.698101,3114.035087719298
2021-906403,2021-12-23,2021,223000.0,Appartement,18.0,1.0,54000.0,6.183913,48.688185,12388.888888888889
2021-906404,2021-12-23,2021,97200.0,Maison,66.0,4.0,54100.0,6.156574,48.705257,1472.7272727272727
2021-906421,2021-12-23,2021,345000.0,Maison,101.0,4.0,54000.0,6.170816,48.703782,3415.841584158416
2021-906427,2021-12-23,2021,120000.0,Appartement,61.0,3.0,54000.0,6.183595,48.688563,1967.2131147540983
2021-906443,2021-12-14,2021,68500.0,Appartement,30.0,1.0,54000.0,6.185409,48.68003,2283.3333333333335
2021-906445,2021-12-23,2021,140300.0,Appartement,91.0,3.0,54000.0,6.171238,48.690945,1541.7582417582419
2021-906446,2021-12-15,2021,205450.0,Appartement,110.0,5.0,54000.0,6.176879,48.681307,1867.7272727272727
2021-906447,2021-12-17,2021,110000.0,Appartement,47.0,3.0,54000.0,6.165558,48.690618,2340.425531914894
2021-906450,2021-12-10,2021,120384.0,Appartement,52.0,3.0,54000.0,6.166518,48.683,2315.076923076923
2021-906461,2021-12-27,2021,164000.0,Appartement,75.0,4.0,54000.0,6.164952,48.676979,2186.6666666666665
2021-906463,2021-12-07,2021,290000.0,Appartement,105.0,5.0,54000.0,6.17793,48.678888,2761.904761904762
2021-906467,2021-12-16,2021,291900.0,Maison,90.0,4.0,54000.0,6.164618,48.697481,3243.3333333333335
2021-906471,2021-12-31,2021,95000.0,Appartement,47.0,2.0,54000.0,6.194468,48.679796,2021.276595744681
2021-906475,2021-12-27,2021,286000.0,Appartement,102.0,4.0,54000.0,6.191489,48.698577,2803.921568627451
2021-906480,2021-12-27,2021,230200.0,Appartement,72.0,3.0,54000.0,6.189038,48.688517,3197.222222222222
2021-906487,2021-12-28,2021,210000.0,Appartement,80.0,4.0,54000.0,6.163021,48.687573,2625.0
2021-906492,2021-12-27,2021,69500.0,Appartement,36.0,2.0,54000.0,6.197891,48.677125,1930.5555555555557
2021-906496,2021-12-15,2021,139000.0,Appartement,78.0,3.0,54000.0,6.163263,48.675682,1782.051282051282
2021-906511,2021-12-24,2021,419420.0,Appartement,83.0,2.0,54000.0,6.18343,48.690379,5053.253012048192
2021-906517,2021-12-30,2021,240000.0,Appartement,36.0,2.0,54000.0,6.171679,48.683496,6666.666666666667
2021-906531,2021-12-13,2021,294500.0,Maison,107.0,6.0,54000.0,6.172593,48.673026,2752.336448598131
2021-906538,2021-12-20,2021,109200.0,Appartement,49.0,2.0,54000.0,6.178379,48.701854,2228.5714285714284
2021-906540,2021-12-14,2021,236000.0,Appartement,62.0,3.0,54000.0,6.198805,48.699366,3806.451612903226
2021-906543,2021-12-10,2021,70000.0,Appartement,41.0,2.0,54000.0,6.18766,48.681543,1707.3170731707316
2021-906545,2021-12-13,2021,52000.0,Appartement,36.0,2.0,54000.0,6.177591,48.70115,1444.4444444444443
2021-906546,2021-12-17,2021,130000.0,Appartement,78.0,3.0,54000.0,6.160249,48.684336,1666.6666666666667
2021-906553,2021-12-15,2021,125000.0,Appartement,71.0,3.0,54000.0,6.163549,48.68343,1760.5633802816901
2021-906558,2021-12-31,2021,196250.0,Appartement,85.0,4.0,54000.0,6.166601,48.699118,2308.823529411765
2021-906570,2021-12-13,2021,388500.0,Appartement,165.0,4.0,54000.0,6.164217,48.694104,2354.5454545454545
2021-906589,2021-11-10,2021,158900.0,Appartement,40.0,2.0,54000.0,6.204199,48.696614,3972.5
2021-906605,2021-12-17,2021,150000.0,Appartement,140.0,4.0,54000.0,6.185613,48.687891,1071.4285714285713
2021-906621,2021-12-28,2021,155230.0,Appartement,60.0,3.0,54000.0,6.170259,48.695758,2587.1666666666665
2021-906673,2021-12-29,2021,46000.0,Appartement,15.0,1.0,54000.0,6.194963,48.680683,3066.6666666666665
2021-906690,2021-12-14,2021,340000.0,Appartement,75.0,4.0,54000.0,6.197881,48.677922,4533.333333333333
2021-906693,2021-12-30,2021,84000.0,Appartement,28.0,1.0,54000.0,6.196614,48.698909,3000.0
2021-906696,2021-12-30,2021,165000.0,Appartement,94.0,4.0,54000.0,6.160249,48.684336,1755.3191489361702
2021-906718,2021-12-23,2021,34000.0,Appartement,29.0,1.0,54000.0,6.193488,48.68961,1172.4137931034484
2021-906722,2021-12-29,2021,60000.0,Appartement,63.0,3.0,54000.0,6.138771,48.692841,952.3809523809524
2021-906723,2021-12-31,2021,58000.0,Appartement,27.0,1.0,54000.0,6.173799,48.672279,2148.1481481481483
2021-906731,2021-12-29,2021,60000.0,Appartement,63.0,3.0,54000.0,6.138771,48.692841,952.3809523809524
2021-906734,2021-12-28,2021,169500.0,Appartement,74.0,3.0,54000.0,6.196489,48.67866,2290.5405405405404
2021-906735,2021-12-30,2021,149000.0,Appartement,65.0,3.0,54000.0,6.163376,48.682369,2292.3076923076924
2021-906742,2021-12-30,2021,72100.0,Appartement,41.0,2.0,54000.0,6.15794,48.699285,1758.5365853658536
2021-906749,2021-12-29,2021,71463.0,Appartement,44.0,2.0,54000.0,6.174757,48.679565,1624.159090909091
2021-906755,2021-12-22,2021,139000.0,Appartement,46.0,2.0,54000.0,6.194624,48.685471,3021.7391304347825
2021-906758,2021-12-23,2021,360000.0,Appartement,120.0,4.0,54000.0,6.176472,48.701889,3000.0
2021-906773,2021-12-23,2021,345500.0,Appartement,115.0,5.0,54000.0,6.180364,48.701173,3004.3478260869565
2021-906776,2021-12-31,2021,103100.0,Appartement,37.0,1.0,54000.0,6.201494,48.699315,2786.4864864864867
2021-906779,2021-12-16,2021,163000.0,Appartement,94.0,4.0,54000.0,6.160249,48.684336,1734.0425531914893
2021-906781,2021-12-28,2021,233120.0,Appartement,84.0,3.0,54000.0,6.164073,48.695363,2775.2380952380954
2021-906785,2021-12-22,2021,130600.0,Appartement,75.0,4.0,54000.0,6.150703,48.696011,1741.3333333333333
2021-906797,2021-12-14,2021,275000.0,Appartement,51.0,2.0,54000.0,6.192515,48.696533,5392.156862745098
2021-906798,2021-12-23,2021,237000.0,Appartement,76.0,4.0,54000.0,6.175754,48.684328,3118.4210526315787
2021-906799,2021-12-21,2021,38000.0,Appartement,15.0,1.0,54000.0,6.179964,48.691323,2533.3333333333335
2021-906807,2021-12-29,2021,125000.0,Appartement,84.0,4.0,54000.0,6.188545,48.683168,1488.095238095238
2021-906824,2021-12-20,2021,120000.0,Appartement,84.0,4.0,54000.0,6.166106,48.703407,1428.5714285714287
2021-906853,2021-12-06,2021,52000.0,Appartement,22.0,1.0,54000.0,6.168892,48.683318,2363.6363636363635
2021-906856,2021-12-21,2021,177200.55,Appartement,52.0,3.0,54000.0,6.165497,48.673863,3407.7028846153844
2021-906859,2021-12-23,2021,200210.0,Appartement,83.0,4.0,54000.0,6.175638,48.675925,2412.1686746987953
2021-906892,2021-12-30,2021,112000.0,Appartement,40.0,2.0,54000.0,6.171028,48.675076,2800.0
2021-906895,2021-12-28,2021,576300.0,Maison,185.0,6.0,54000.0,6.167132,48.684683,3115.135135135135
2021-906898,2021-12-14,2021,155000.0,Appartement,63.0,2.0,54000.0,6.178336,48.694777,2460.3174603174602
2021-906901,2021-12-22,2021,358500.0,Appartement,70.0,3.0,54000.0,6.178192,48.697839,5121.428571428572
2021-906902,2021-12-16,2021,55000.0,Appartement,34.0,1.0,54000.0,6.194044,48.690495,1617.6470588235295
2021-906904,2021-12-30,2021,108200.0,Appartement,64.0,3.0,54000.0,6.198774,48.678259,1690.625
2021-906909,2021-12-21,2021,71300.0,Appartement,25.0,1.0,54000.0,6.158498,48.69836,2852.0
2021-906913,2021-12-27,2021,60000.0,Appartement,40.0,2.0,54000.0,6.191821,48.683608,1500.0
2021-906917,2021-12-21,2021,59000.0,Appartement,22.0,1.0,54000.0,6.187697,48.689882,2681.818181818182
2021-906920,2021-12-17,2021,85700.0,Appartement,38.0,2.0,54000.0,6.183579,48.700296,2255.2631578947367
2021-906924,2021-12-23,2021,495125.0,Maison,75.0,4.0,54000.0,6.155508,48.698442,6601.666666666667
2021-906946,2021-12-16,2021,173500.0,Maison,70.0,2.0,54000.0,6.169682,48.669798,2478.5714285714284
2021-906949,2021-12-17,2021,63000.0,Appartement,37.0,2.0,54000.0,6.194013,48.680497,1702.7027027027027
2021-906958,2021-12-10,2021,93000.0,Appartement,60.0,3.0,54000.0,6.176435,48.674031,1550.0
2021-906959,2021-12-22,2021,269400.0,Appartement,95.0,5.0,54000.0,6.168537,48.690959,2835.7894736842104
2021-906961,2021-12-31,2021,270000.0,Appartement,100.0,3.0,54000.0,6.171091,48.683376,2700.0
2021-906966,2021-12-17,2021,57000.0,Appartement,19.0,1.0,54000.0,6.194318,48.677892,3000.0
2021-906967,2021-12-31,2021,292000.0,Appartement,166.0,4.0,54000.0,6.185729,48.689025,1759.0361445783133
2021-906968,2021-12-28,2021,105000.0,Appartement,46.0,2.0,54000.0,6.175249,48.67664,2282.608695652174
2021-907011,2021-12-17,2021,371150.0,Maison,106.0,6.0,54000.0,6.165896,48.699851,3501.4150943396226
2021-907015,2021-12-17,2021,166250.0,Appartement,56.0,2.0,54000.0,6.187842,48.694667,2968.75
2021-907031,2021-12-20,2021,341500.0,Appartement,110.0,5.0,54000.0,6.168898,48.685625,3104.5454545454545
2021-907039,2021-12-27,2021,122300.0,Appartement,20.0,1.0,54000.0,6.185195,48.692716,6115.0
2021-907042,2021-12-23,2021,114000.0,Appartement,72.0,3.0,54000.0,6.180034,48.687951,1583.3333333333333
2021-907047,2021-12-29,2021,210000.0,Appartement,26.0,1.0,54000.0,6.177199,48.689421,8076.923076923077
2021-907051,2021-12-30,2021,85000.0,Appartement,40.0,3.0,54000.0,6.194895,48.685288,2125.0
2021-907060,2021-12-22,2021,81907.0,Appartement,44.0,2.0,54000.0,6.186764,48.689389,1861.5227272727273
2021-907064,2021-12-28,2021,194300.0,Appartement,66.0,3.0,54000.0,6.168375,48.696867,2943.939393939394
2021-907067,2021-12-29,2021,49659.0,Appartement,27.0,1.0,54000.0,6.186764,48.689389,1839.2222222222222
2021-907070,2021-12-29,2021,47865.0,Appartement,25.0,1.0,54000.0,6.186764,48.689389,1914.6
2021-907078,2021-12-27,2021,119450.0,Appartement,34.0,1.0,54000.0,6.175249,48.67664,3513.235294117647
2021-907093,2021-12-30,2021,111094.0,Appartement,68.0,3.0,54000.0,6.186764,48.689389,1633.735294117647
2021-907101,2021-12-17,2021,90000.0,Appartement,32.0,3.0,54000.0,6.161786,48.688013,2812.5
2021-907111,2021-12-31,2021,220000.0,Maison,115.0,4.0,54000.0,6.171978,48.704118,1913.0434782608695
2021-907124,2021-12-27,2021,71000.0,Appartement,23.0,1.0,54000.0,6.167096,48.699082,3086.9565217391305
2021-907125,2021-12-23,2021,111085.0,Appartement,46.0,2.0,54000.0,6.191645,48.697154,2414.891304347826
2021-907138,2021-12-21,2021,54500.0,Appartement,29.0,1.0,54000.0,6.1951,48.681512,1879.3103448275863
2021-907145,2021-12-24,2021,118800.0,Appartement,36.0,1.0,54000.0,6.186521,48.693123,3300.0
2021-907146,2021-12-22,2021,487000.0,Maison,150.0,9.0,54000.0,6.169153,48.704626,3246.6666666666665
2021-907150,2021-12-30,2021,150000.0,Appartement,48.0,3.0,54000.0,6.173476,48.672292,3125.0
2021-907165,2021-12-22,2021,590260.0,Maison,145.0,4.0,54000.0,6.183743,48.676503,4070.7586206896553
2021-907179,2021-12-29,2021,72000.0,Appartement,34.0,2.0,54000.0,6.173986,48.688168,2117.6470588235293
2021-907191,2021-12-22,2021,142000.0,Appartement,64.0,4.0,54000.0,6.178747,48.700605,2218.75
2021-907213,2021-12-23,2021,324000.0,Maison,138.0,3.0,54000.0,6.18606,48.684486,2347.8260869565215
2021-907215,2021-12-29,2021,104500.0,Appartement,75.0,3.0,54000.0,6.196489,48.67866,1393.3333333333333
2021-907268,2021-12-30,2021,69350.0,Appartement,36.0,2.0,54000.0,6.174418,48.703309,1926.388888888889
2021-907271,2021-12-30,2021,142400.0,Appartement,71.0,5.0,54000.0,6.140382,48.692842,2005.6338028169014
2021-907274,2021-12-30,2021,143000.0,Appartement,83.0,4.0,54000.0,6.157698,48.686904,1722.8915662650602
2021-907276,2021-12-31,2021,142750.0,Appartement,78.0,4.0,54000.0,6.168405,48.692107,1830.128205128205
2021-907279,2021-12-29,2021,260000.0,Maison,150.0,9.0,54000.0,6.169153,48.704626,1733.3333333333333
2021-907291,2021-12-29,2021,60000.0,Appartement,63.0,3.0,54000.0,6.138771,48.692841,952.3809523809524
2021-907292,2021-12-29,2021,69000.0,Appartement,32.0,2.0,54000.0,6.196489,48.67866,2156.25
2021-907310,2021-12-15,2021,122000.0,Appartement,48.0,3.0,54000.0,6.162688,48.698194,2541.6666666666665
2021-907327,2021-12-24,2021,399000.0,Appartement,190.0,9.0,54000.0,6.163699,48.687302,2100.0
2021-907340,2021-07-02,2021,230000.0,Maison,108.0,5.0,54000.0,6.19126,48.689364,2129.6296296296296
2021-907368,2021-11-30,2021,18050.0,Appartement,18.0,1.0,54000.0,6.181336,48.702244,1002.7777777777778
2021-907378,2021-12-16,2021,157800.0,Appartement,60.0,3.0,54000.0,6.191479,48.691906,2630.0
2021-907396,2021-09-21,2021,112500.0,Appartement,46.0,2.0,54000.0,6.186624,48.683308,2445.6521739130435
2021-907401,2021-09-21,2021,76000.0,Appartement,42.0,2.0,54000.0,6.198774,48.678259,1809.5238095238096
2021-907403,2021-11-18,2021,132150.0,Appartement,53.0,3.0,54000.0,6.196242,48.690788,2493.396226415094
2021-907412,2021-11-05,2021,191000.0,Maison,108.0,4.0,54000.0,6.19126,48.689364,1768.5185185185185
2021-907427,2021-04-14,2021,133850.0,Appartement,80.0,3.0,54000.0,6.173731,48.696667,1673.125
2021-907458,2021-12-09,2021,245500.0,Appartement,66.0,3.0,54000.0,6.164787,48.696373,3719.6969696969695
2022-874296,2022-01-07,2022,204250.0,Appartement,67.0,2.0,54000.0,6.18238,48.691577,3048.507462686567
2022-874298,2022-01-05,2022,276700.0,Appartement,132.0,4.0,54000.0,6.197128,48.676835,2096.212121212121
2022-874306,2022-01-04,2022,112100.0,Appartement,54.0,2.0,54000.0,6.170173,48.687625,2075.925925925926
2022-874309,2022-01-03,2022,165000.0,Appartement,74.0,4.0,54000.0,6.166341,48.686316,2229.7297297297296
2022-874315,2022-01-05,2022,109000.0,Appartement,57.0,3.0,54000.0,6.194285,48.689288,1912.280701754386
2022-874316,2022-01-03,2022,318000.0,Appartement,117.0,3.0,54000.0,6.174272,48.696141,2717.948717948718
2022-874319,2022-01-03,2022,178000.0,Appartement,64.0,3.0,54000.0,6.196291,48.694203,2781.25
2022-874326,2022-01-13,2022,331550.0,Maison,137.0,4.0,54000.0,6.17203,48.702332,2420.07299270073
2022-874333,2022-01-13,2022,173000.0,Appartement,93.0,4.0,54000.0,6.166683,48.697584,1860.215053763441
2022-874337,2022-01-13,2022,123550.0,Appartement,53.0,3.0,54000.0,6.175815,48.672605,2331.132075471698
2022-874362,2022-01-07,2022,870000.0,Maison,105.0,3.0,54000.0,6.183386,48.682467,8285.714285714286
2022-874365,2022-01-14,2022,104000.0,Appartement,28.0,1.0,54000.0,6.178822,48.696513,3714.285714285714
2022-874371,2022-01-11,2022,228000.0,Appartement,98.0,4.0,54000.0,6.189331,48.689188,2326.530612244898
2022-874373,2022-01-05,2022,265100.0,Appartement,178.0,6.0,54000.0,6.162957,48.700136,1489.3258426966293
2022-874386,2022-01-14,2022,143000.0,Appartement,77.0,3.0,54000.0,6.198296,48.689398,1857.142857142857
2022-874387,2022-01-14,2022,135000.0,Appartement,61.0,2.0,54000.0,6.167325,48.686741,2213.1147540983607
2022-874410,2022-01-07,2022,231610.0,Appartement,128.0,5.0,54000.0,6.178112,48.696013,1809.453125
2022-874419,2022-01-07,2022,128250.0,Appartement,53.0,2.0,54000.0,6.166621,48.689051,2419.811320754717
2022-874432,2022-01-12,2022,263000.0,Appartement,68.0,3.0,54000.0,6.185493,48.692183,3867.6470588235293
2022-874453,2022-01-10,2022,45000.0,Appartement,25.0,1.0,54000.0,6.158498,48.69836,1800.0
2022-874454,2022-01-17,2022,220000.0,Maison,40.0,3.0,54000.0,6.169341,48.69682,5500.0
2022-874459,2022-01-12,2022,122000.0,Appartement,70.0,3.0,54000.0,6.192048,48.696468,1742.857142857143
2022-874460,2022-01-10,2022,77000.0,Appartement,21.0,1.0,54000.0,6.178315,48.683284,3666.6666666666665
2022-874463,2022-01-18,2022,80000.0,Appartement,35.0,2.0,54000.0,6.187926,48.685636,2285.714285714286
2022-874472,2022-01-19,2022,72000.0,Appartement,17.0,1.0,54000.0,6.176577,48.676983,4235.294117647059
2022-874475,2022-01-04,2022,81000.0,Appartement,40.0,2.0,54000.0,6.165193,48.687821,2025.0
2022-874491,2022-01-10,2022,68500.0,Appartement,93.0,3.0,54000.0,6.180973,48.6841,736.5591397849462
2022-874492,2022-01-14,2022,310000.0,Appartement,120.0,5.0,54000.0,6.167939,48.689465,2583.3333333333335
2022-874506,2022-01-19,2022,289430.0,Maison,80.0,4.0,54000.0,6.145298,48.696234,3617.875
2022-874509,2022-01-17,2022,125000.0,Appartement,74.0,3.0,54000.0,6.164844,48.703341,1689.1891891891892
2022-874517,2022-01-06,2022,209600.0,Appartement,89.0,4.0,54000.0,6.181523,48.70145,2355.0561797752807
2022-874527,2022-01-14,2022,109000.0,Appartement,52.0,2.0,54000.0,6.18871,48.691919,2096.153846153846
2022-874535,2022-01-08,2022,90500.0,Appartement,37.0,2.0,54000.0,6.177494,48.684047,2445.945945945946
2022-874540,2022-01-17,2022,131000.0,Appartement,50.0,2.0,54000.0,6.195532,48.694835,2620.0
2022-874561,2022-01-18,2022,100100.0,Appartement,78.0,4.0,54000.0,6.181427,48.680649,1283.3333333333333
2022-874575,2022-01-07,2022,373700.0,Maison,154.0,6.0,54000.0,6.174892,48.673878,2426.6233766233768
2022-874581,2022-01-17,2022,166380.0,Appartement,67.0,4.0,54000.0,6.185999,48.68435,2483.283582089552
2022-874598,2022-01-10,2022,306000.0,Appartement,145.0,5.0,54000.0,6.156177,48.696949,2110.344827586207
2022-874606,2022-01-07,2022,200000.0,Appartement,89.0,4.0,54000.0,6.170412,48.695634,2247.191011235955
2022-874617,2022-01-12,2022,160000.0,Appartement,72.0,3.0,54000.0,6.180034,48.687951,2222.222222222222
2022-874629,2022-01-18,2022,150000.0,Appartement,76.0,3.0,54000.0,6.168023,48.689119,1973.6842105263158
2022-874630,2022-01-18,2022,145000.0,Appartement,102.0,5.0,54000.0,6.150064,48.691307,1421.5686274509803
2022-874638,2022-01-12,2022,475000.0,Appartement,143.0,4.0,54000.0,6.179614,48.694408,3321.6783216783215
2022-874642,2022-01-12,2022,140000.0,Appartement,46.0,2.0,54000.0,6.194058,48.678486,3043.478260869565
2022-874655,2022-01-17,2022,77500.0,Appartement,40.0,2.0,54000.0,6.165251,48.667889,1937.5
2022-874661,2022-01-14,2022,86400.0,Appartement,30.0,2.0,54000.0,6.177004,48.689431,2880.0
2022-874671,2022-01-20,2022,255850.0,Appartement,100.0,2.0,54000.0,6.1664,48.67591,2558.5
2022-874674,2022-01-20,2022,106000.0,Appartement,48.0,2.0,54000.0,6.194468,48.679796,2208.3333333333335
2022-874682,2022-01-14,2022,104500.0,Appartement,39.0,1.0,54000.0,6.172344,48.690379,2679.4871794871797
2022-874683,2022-01-20,2022,251000.0,Appartement,98.0,4.0,54000.0,6.190043,48.696477,2561.2244897959185
2022-874702,2022-01-14,2022,38000.0,Appartement,31.0,1.0,54000.0,6.167775,48.681916,1225.8064516129032
2022-874704,2022-01-13,2022,115000.0,Appartement,43.0,2.0,54000.0,6.173666,48.701522,2674.4186046511627
2022-874716,2022-01-21,2022,78500.0,Appartement,29.0,1.0,54000.0,,,2706.896551724138
2022-874719,2022-01-07,2022,124000.0,Appartement,63.0,2.0,54000.0,6.159309,48.685434,1968.2539682539682
2022-874736,2022-01-20,2022,243200.0,Appartement,130.0,4.0,54000.0,6.199149,48.676511,1870.7692307692307
2022-874737,2022-01-08,2022,168000.0,Appartement,59.0,3.0,54000.0,6.180471,48.699998,2847.4576271186443
2022-874749,2022-01-17,2022,169000.0,Appartement,92.0,3.0,54000.0,6.180553,48.674472,1836.9565217391305
2022-874757,2022-01-13,2022,76000.0,Appartement,37.0,2.0,54000.0,6.178477,48.673526,2054.054054054054
2022-874758,2022-01-13,2022,123000.0,Appartement,42.0,2.0,54000.0,6.185232,48.688455,2928.5714285714284
2022-874764,2022-01-19,2022,85000.0,Appartement,26.0,1.0,54000.0,6.187018,48.690864,3269.230769230769
2022-874765,2022-01-13,2022,339400.0,Appartement,37.0,2.0,54000.0,6.178477,48.673526,9172.972972972973
2022-874794,2022-01-19,2022,146300.0,Appartement,64.0,3.0,54000.0,6.189123,48.690502,2285.9375
2022-874800,2022-01-18,2022,139280.0,Maison,106.0,5.0,54000.0,6.195342,48.678426,1313.9622641509434
2022-874806,2022-01-07,2022,93000.0,Appartement,58.0,2.0,54000.0,6.179182,48.687711,1603.448275862069
2022-874807,2022-01-25,2022,147200.0,Appartement,53.0,3.0,54000.0,6.170969,48.683831,2777.3584905660377
2022-874818,2022-01-21,2022,227000.0,Appartement,81.0,4.0,54000.0,6.169173,48.696729,2802.4691358024693
2022-874821,2022-01-11,2022,162000.0,Appartement,28.0,2.0,54000.0,6.195015,48.679986,5785.714285714285
2022-874825,2022-01-17,2022,152500.0,Maison,63.0,3.0,54000.0,6.152913,48.692295,2420.6349206349205
2022-874832,2022-01-17,2022,103241.1,Appartement,41.0,2.0,54000.0,6.163147,48.697664,2518.0756097560975
2022-874833,2022-01-20,2022,57820.0,Appartement,38.0,1.0,54000.0,6.174757,48.679565,1521.578947368421
2022-874837,2022-01-14,2022,78000.0,Appartement,50.0,2.0,54000.0,6.180034,48.687951,1560.0
2022-874843,2022-01-21,2022,140900.0,Appartement,61.0,3.0,54000.0,6.194318,48.677892,2309.8360655737706
2022-874848,2022-01-20,2022,142319.0,Appartement,87.0,3.0,54000.0,6.174757,48.679565,1635.8505747126437
2022-874861,2022-01-27,2022,398000.0,Maison,151.0,4.0,54000.0,6.189378,48.696975,2635.7615894039736
2022-874878,2022-01-27,2022,96000.0,Appartement,30.0,1.0,54000.0,6.18871,48.691919,3200.0
2022-874881,2022-01-19,2022,53000.0,Appartement,18.0,1.0,54000.0,6.175531,48.689366,2944.4444444444443
2022-874888,2022-01-11,2022,57000.0,Appartement,43.0,3.0,54000.0,6.163133,48.683215,1325.5813953488373
2022-874902,2022-01-19,2022,87680.0,Appartement,44.0,2.0,54000.0,6.195344,48.697033,1992.7272727272727
2022-874903,2022-01-24,2022,200000.0,Appartement,96.0,4.0,54000.0,6.179884,48.679794,2083.3333333333335
2022-874907,2022-01-21,2022,90000.0,Appartement,42.0,2.0,54000.0,6.178388,48.684085,2142.8571428571427
2022-874925,2022-01-17,2022,79500.0,Appartement,43.0,2.0,54000.0,6.185461,48.678988,1848.8372093023256
2022-874929,2022-01-18,2022,104400.0,Appartement,86.0,4.0,54000.0,6.180034,48.687951,1213.953488372093
2022-874931,2022-01-24,2022,114100.0,Appartement,67.0,4.0,54000.0,6.158927,48.690216,1702.9850746268658
2022-874933,2022-01-25,2022,186000.0,Appartement,59.0,3.0,54000.0,6.168892,48.683318,3152.5423728813557
2022-874936,2022-01-17,2022,75000.0,Appartement,38.0,1.0,54000.0,6.191235,48.698989,1973.6842105263158
2022-874938,2022-01-28,2022,127800.0,Appartement,63.0,2.0,54000.0,6.164248,48.684585,2028.5714285714287
2022-874941,2022-01-31,2022,140500.0,Appartement,18.0,1.0,54000.0,6.183087,48.690661,7805.555555555556
2022-874950,2022-01-20,2022,142500.0,Appartement,59.0,2.0,54000.0,6.182941,48.687819,2415.2542372881358
2022-874956,2022-01-18,2022,81500.0,Appartement,27.0,1.0,54000.0,6.1734,48.700198,3018.5185185185187
2022-874974,2022-01-26,2022,527000.0,Appartement,83.0,3.0,54000.0,6.187845,48.684306,6349.3975903614455
2022-874983,2022-01-07,2022,185814.0,Appartement,120.0,4.0,54000.0,6.169528,48.688993,1548.45
2022-874984,2022-01-24,2022,307000.0,Appartement,117.0,4.0,54000.0,6.191114,48.691651,2623.931623931624
2022-874991,2022-01-07,2022,185814.0,Appartement,120.0,4.0,54000.0,6.169528,48.688993,1548.45
2022-874992,2022-01-17,2022,85000.0,Appartement,42.0,2.0,54000.0,6.169802,48.694516,2023.8095238095239
2022-874999,2022-01-25,2022,246000.0,Maison,97.0,5.0,54000.0,6.196555,48.681921,2536.082474226804
2022-875010,2022-01-25,2022,410000.0,Appartement,45.0,2.0,54000.0,6.163736,48.681096,9111.111111111111
2022-875022,2022-01-20,2022,52000.0,Appartement,42.0,2.0,54000.0,6.1488,48.691485,1238.095238095238
2022-875033,2022-01-27,2022,120000.0,Appartement,66.0,3.0,54000.0,6.19289,48.689409,1818.1818181818182
2022-875062,2022-01-25,2022,81000.0,Appartement,35.0,2.0,54000.0,6.167106,48.684024,2314.285714285714
2022-875071,2022-01-20,2022,206200.0,Appartement,60.0,2.0,54000.0,6.168305,48.70396,3436.6666666666665
2022-875077,2022-01-25,2022,67000.0,Appartement,36.0,2.0,54000.0,6.169705,48.688391,1861.111111111111
2022-875084,2022-01-12,2022,194400.0,Appartement,84.0,4.0,54000.0,6.163376,48.682369,2314.285714285714
2022-875095,2022-01-12,2022,315000.0,Appartement,53.0,3.0,54000.0,6.163661,48.685278,5943.396226415094
2022-875100,2022-01-21,2022,122000.0,Appartement,63.0,3.0,54000.0,6.178337,48.681074,1936.5079365079366
2022-875101,2022-01-28,2022,124425.0,Appartement,65.0,3.0,54000.0,6.175016,48.701276,1914.2307692307693
2022-875110,2022-01-17,2022,178000.0,Appartement,111.0,5.0,54000.0,6.181881,48.681619,1603.6036036036037
2022-875113,2022-01-27,2022,134050.0,Appartement,64.0,3.0,54000.0,6.175016,48.701276,2094.53125
2022-875117,2022-01-14,2022,132000.0,Appartement,34.0,2.0,54000.0,6.171686,48.683444,3882.3529411764707
2022-875120,2022-01-26,2022,133000.0,Appartement,42.0,2.0,54000.0,6.14647,48.68929,3166.6666666666665
2022-875126,2022-01-25,2022,143050.0,Appartement,90.0,4.0,54000.0,6.178037,48.67772,1589.4444444444443
2022-875130,2022-01-21,2022,113050.0,Appartement,46.0,3.0,54000.0,6.174163,48.702123,2457.608695652174
2022-875140,2022-01-26,2022,310250.0,Appartement,109.0,4.0,54000.0,6.164248,48.684585,2846.330275229358
2022-875144,2022-01-19,2022,400000.0,Appartement,97.0,3.0,54000.0,6.183825,48.689415,4123.711340206186
2022-875158,2022-01-28,2022,261250.0,Appartement,129.0,5.0,54000.0,6.180945,48.676616,2025.1937984496124
2022-875182,2022-01-21,2022,255000.0,Appartement,126.0,5.0,54000.0,6.177791,48.696483,2023.8095238095239
2022-875188,2022-01-28,2022,85000.0,Appartement,72.0,3.0,54000.0,6.166106,48.703407,1180.5555555555557
2022-875190,2022-01-21,2022,479750.0,Appartement,177.0,4.0,54000.0,6.180286,48.694461,2710.45197740113
2022-875191,2022-01-28,2022,95000.0,Appartement,49.0,2.0,54000.0,6.194026,48.694574,1938.7755102040817
2022-875193,2022-01-20,2022,69000.0,Appartement,30.0,1.0,54000.0,6.194044,48.690495,2300.0
2022-875196,2022-01-27,2022,60092.0,Appartement,36.0,1.0,54000.0,6.174757,48.679565,1669.2222222222222
2022-875199,2022-01-07,2022,120000.0,Appartement,79.0,5.0,54000.0,6.158927,48.690216,1518.987341772152
2022-875212,2022-01-28,2022,99000.0,Appartement,156.0,7.0,54000.0,6.162287,48.698906,634.6153846153846
2022-875222,2022-01-31,2022,638600.0,Maison,172.0,8.0,54000.0,6.183628,48.676047,3712.7906976744184
2022-875224,2022-02-01,2022,207000.0,Appartement,94.0,4.0,54000.0,6.195015,48.679986,2202.127659574468
2022-875237,2022-01-31,2022,98890.0,Appartement,73.0,4.0,54000.0,6.138771,48.692841,1354.6575342465753
2022-875249,2022-01-08,2022,312000.0,Appartement,148.0,4.0,54000.0,6.174516,48.692128,2108.108108108108
2022-875250,2022-01-21,2022,96000.0,Appartement,55.0,2.0,54000.0,6.194318,48.677892,1745.4545454545455
2022-875259,2022-01-31,2022,225000.0,Appartement,56.0,3.0,54000.0,6.148242,48.692202,4017.8571428571427
2022-875267,2022-02-03,2022,90000.0,Maison,60.0,3.0,54000.0,6.196953,48.688476,1500.0
2022-875268,2022-02-01,2022,101000.0,Appartement,23.0,1.0,54000.0,6.172653,48.684211,4391.304347826087
2022-875276,2022-02-02,2022,278000.0,Maison,56.0,1.0,54000.0,6.181387,48.683174,4964.285714285715
2022-875281,2022-01-07,2022,340000.0,Appartement,50.0,3.0,54000.0,6.165733,48.690365,6800.0
2022-875292,2022-01-31,2022,87000.0,Appartement,57.0,3.0,54000.0,6.165236,48.692301,1526.3157894736842
2022-875299,2022-01-31,2022,150000.0,Appartement,21.0,1.0,54000.0,6.168023,48.689119,7142.857142857143
2022-875310,2022-02-03,2022,62320.0,Maison,90.0,4.0,54000.0,6.195161,48.678204,692.4444444444445
2022-875315,2022-01-21,2022,96670.0,Appartement,61.0,2.0,54000.0,6.167878,48.700289,1584.7540983606557
2022-875330,2022-01-14,2022,78000.0,Appartement,43.0,2.0,54000.0,6.167247,48.691696,1813.953488372093
2022-875344,2022-01-11,2022,169000.0,Appartement,60.0,3.0,54000.0,6.170382,48.687826,2816.6666666666665
2022-875359,2022-01-13,2022,110000.0,Appartement,80.0,3.0,54000.0,6.187483,48.688335,1375.0
2022-875365,2022-01-17,2022,142000.0,Appartement,60.0,3.0,54000.0,6.174552,48.674811,2366.6666666666665
2022-875366,2022-01-27,2022,54000.0,Appartement,23.0,1.0,54000.0,6.167096,48.699082,2347.8260869565215
2022-875384,2022-02-02,2022,92000.0,Appartement,46.0,2.0,54000.0,6.189266,48.687713,2000.0
2022-875398,2022-01-14,2022,397000.0,Maison,124.0,4.0,54000.0,6.1433,48.690598,3201.6129032258063
2022-875401,2022-01-31,2022,226000.0,Appartement,76.0,4.0,54000.0,6.17595,48.681277,2973.684210526316
2022-875412,2022-02-04,2022,133000.0,Appartement,74.0,3.0,54000.0,6.174198,48.676772,1797.2972972972973
2022-875427,2022-01-20,2022,120000.0,Appartement,41.0,2.0,54000.0,6.172012,48.692057,2926.829268292683
2022-875429,2022-02-04,2022,90229.0,Appartement,64.0,3.0,54000.0,6.172975,48.678043,1409.828125
2022-875457,2022-02-07,2022,366000.0,Maison,118.0,4.0,54000.0,6.193092,48.698484,3101.6949152542375
2022-875459,2022-01-25,2022,97500.0,Appartement,52.0,2.0,54000.0,6.171856,48.690265,1875.0
2022-875468,2022-02-04,2022,286000.0,Appartement,39.0,2.0,54000.0,6.16524,48.682771,7333.333333333333
2022-875481,2022-02-07,2022,93000.0,Appartement,47.0,1.0,54000.0,6.168021,48.668771,1978.723404255319
2022-875506,2022-01-20,2022,51000.0,Appartement,18.0,1.0,54000.0,6.160346,48.687713,2833.3333333333335
2022-875523,2022-01-31,2022,350000.0,Appartement,51.0,2.0,54000.0,6.148024,48.691025,6862.745098039216
2022-875529,2022-02-08,2022,75000.0,Appartement,21.0,1.0,54000.0,6.180505,48.699909,3571.4285714285716
2022-875538,2022-02-04,2022,170600.0,Maison,58.0,4.0,54000.0,6.178947,48.707173,2941.3793103448274
2022-875544,2022-01-18,2022,65000.0,Appartement,39.0,1.0,54000.0,6.177777,48.701601,1666.6666666666667
2022-875553,2022-02-01,2022,58900.0,Appartement,25.0,1.0,54000.0,6.15914,48.696664,2356.0
2022-875555,2022-01-24,2022,110000.0,Appartement,35.0,3.0,54000.0,6.15853,48.685487,3142.8571428571427
2022-875570,2022-02-04,2022,145000.0,Appartement,71.0,3.0,54000.0,6.165372,48.674719,2042.2535211267605
2022-875571,2022-02-08,2022,210000.0,Appartement,93.0,4.0,54000.0,6.183541,48.688037,2258.064516129032
2022-875574,2022-02-10,2022,239300.0,Maison,81.0,4.0,54000.0,6.148071,48.695813,2954.320987654321
2022-875577,2022-02-10,2022,180000.0,Appartement,80.0,3.0,54000.0,6.164999,48.677589,2250.0
2022-875579,2022-02-08,2022,88000.0,Appartement,57.0,3.0,54000.0,6.158365,48.696716,1543.859649122807
2022-875582,2022-01-31,2022,83000.0,Appartement,59.0,3.0,54000.0,6.179241,48.675375,1406.7796610169491
2022-875585,2022-01-27,2022,157200.0,Appartement,47.0,3.0,54000.0,6.168182,48.687913,3344.68085106383
2022-875594,2022-02-08,2022,148000.0,Appartement,66.0,3.0,54000.0,6.170173,48.687625,2242.4242424242425
2022-875595,2022-01-28,2022,270000.0,Maison,70.0,2.0,54000.0,6.169682,48.669798,3857.1428571428573
2022-875596,2022-02-10,2022,194000.0,Appartement,69.0,3.0,54000.0,6.196976,48.681397,2811.5942028985505
2022-875599,2022-02-07,2022,40000.0,Appartement,24.0,1.0,54000.0,6.170438,48.703876,1666.6666666666667
2022-875605,2022-02-11,2022,125000.0,Appartement,85.0,5.0,54000.0,6.161941,48.692737,1470.5882352941176
2022-875610,2022-01-26,2022,90000.0,Appartement,29.0,2.0,54000.0,6.173811,48.67359,3103.448275862069
2022-875612,2022-01-26,2022,192000.0,Appartement,108.0,6.0,54000.0,6.172889,48.676369,1777.7777777777778
2022-875615,2022-02-04,2022,222000.0,Appartement,90.0,4.0,54000.0,6.19885,48.67622,2466.6666666666665
2022-875617,2022-01-31,2022,67370.0,Appartement,20.0,1.0,54000.0,6.175531,48.689366,3368.5
2022-875627,2022-01-21,2022,222350.0,Appartement,78.0,2.0,54000.0,6.178857,48.69504,2850.641025641026
2022-875632,2022-01-24,2022,116000.0,Appartement,84.0,4.0,54000.0,6.160346,48.687713,1380.952380952381
2022-875634,2022-02-11,2022,137000.0,Appartement,52.0,3.0,54000.0,6.166066,48.680678,2634.6153846153848
2022-875635,2022-01-17,2022,186372.0,Appartement,120.0,4.0,54000.0,6.169528,48.688993,1553.1
2022-875642,2022-02-10,2022,222235.0,Appartement,85.0,3.0,54000.0,6.188123,48.684936,2614.529411764706
2022-875648,2022-02-08,2022,48500.0,Appartement,20.0,1.0,54000.0,6.171582,48.683717,2425.0
2022-875649,2022-02-09,2022,389000.0,Appartement,47.0,3.0,54000.0,6.17347,48.671096,8276.595744680852
2022-875653,2022-02-03,2022,91400.0,Appartement,57.0,2.0,54000.0,6.182251,48.681108,1603.5087719298247
2022-875656,2022-02-11,2022,110000.0,Appartement,64.0,3.0,54000.0,6.160249,48.684336,1718.75
2022-875667,2022-01-27,2022,155000.0,Appartement,65.0,3.0,54000.0,6.177621,48.683558,2384.6153846153848
2022-875672,2022-02-04,2022,136100.0,Appartement,48.0,2.0,54000.0,6.174116,48.677701,2835.4166666666665
2022-875702,2022-02-14,2022,276265.0,Maison,118.0,4.0,54000.0,6.171862,48.684509,2341.228813559322
2022-875704,2022-02-14,2022,168150.0,Appartement,84.0,4.0,54000.0,6.172889,48.676369,2001.7857142857142
2022-875717,2022-02-04,2022,56000.0,Appartement,23.0,1.0,54000.0,6.189144,48.682951,2434.782608695652
2022-875718,2022-02-14,2022,125000.0,Appartement,40.0,2.0,54000.0,6.198411,48.698653,3125.0
2022-875721,2022-02-04,2022,48500.0,Appartement,18.0,1.0,54000.0,6.188382,48.684669,2694.4444444444443
2022-875735,2022-02-03,2022,143000.0,Appartement,62.0,3.0,54000.0,6.187298,48.685711,2306.451612903226
2022-875762,2022-02-01,2022,85000.0,Appartement,29.0,2.0,54000.0,6.173811,48.67359,2931.0344827586205
2022-875775,2022-02-03,2022,80000.0,Appartement,29.0,2.0,54000.0,6.173811,48.67359,2758.6206896551726
2022-875776,2022-02-16,2022,158900.0,Appartement,69.0,4.0,54000.0,6.191011,48.686293,2302.8985507246375
2022-875783,2022-02-14,2022,129200.0,Appartement,44.0,3.0,54000.0,6.184713,48.690176,2936.3636363636365
2022-875788,2022-02-09,2022,69700.0,Appartement,29.0,1.0,54000.0,6.187423,48.688655,2403.448275862069
2022-875791,2022-02-07,2022,242000.0,Appartement,104.0,3.0,54000.0,6.183182,48.691243,2326.923076923077
2022-875799,2022-01-28,2022,120000.0,Appartement,55.0,2.0,54000.0,6.168415,48.684597,2181.818181818182
2022-875803,2022-02-09,2022,62000.0,Appartement,19.0,1.0,54000.0,6.183541,48.688037,3263.157894736842
2022-875804,2022-02-08,2022,420000.0,Maison,181.0,6.0,54000.0,6.187925,48.690572,2320.441988950276
2022-875830,2022-02-04,2022,203800.0,Appartement,80.0,4.0,54000.0,6.186345,48.689171,2547.5
2022-875835,2022-02-02,2022,81100.0,Appartement,46.0,2.0,54000.0,6.197255,48.694869,1763.0434782608695
2022-875836,2022-02-08,2022,272000.0,Appartement,96.0,3.0,54000.0,6.17826,48.692626,2833.3333333333335
2022-875837,2022-02-18,2022,204250.0,Appartement,86.0,3.0,54000.0,6.178856,48.68985,2375.0
2022-875847,2022-02-04,2022,138500.0,Maison,67.0,4.0,54100.0,6.142119,48.700052,2067.1641791044776
2022-875848,2022-02-11,2022,140000.0,Appartement,40.0,2.0,54000.0,6.184648,48.688355,3500.0
2022-875852,2022-02-10,2022,282000.0,Appartement,115.0,5.0,54000.0,6.171086,48.669837,2452.1739130434785
2022-875854,2022-01-31,2022,342940.0,Appartement,154.0,7.0,54000.0,6.183947,48.680903,2226.883116883117
2022-875871,2022-02-10,2022,134000.0,Appartement,65.0,3.0,54000.0,6.155874,48.690682,2061.5384615384614
2022-875873,2022-02-11,2022,219000.0,Appartement,107.0,3.0,54000.0,6.187977,48.684141,2046.728971962617
2022-875875,2022-02-11,2022,80750.0,Appartement,30.0,1.0,54000.0,,,2691.6666666666665
2022-875883,2022-02-16,2022,248000.0,Maison,60.0,3.0,54000.0,6.162252,48.69748,4133.333333333333
2022-875890,2022-02-01,2022,411150.0,Appartement,148.0,3.0,54000.0,6.168305,48.70396,2778.0405405405404
2022-875895,2022-02-11,2022,112600.0,Appartement,43.0,2.0,54000.0,6.167939,48.689465,2618.6046511627906
2022-875897,2022-02-17,2022,148500.0,Appartement,90.0,4.0,54000.0,6.179044,48.681412,1650.0
2022-875899,2022-02-09,2022,107000.0,Appartement,41.0,2.0,54000.0,6.164773,48.692779,2609.756097560976
2022-875900,2022-01-25,2022,75000.0,Appartement,35.0,2.0,54000.0,6.188151,48.6885,2142.8571428571427
2022-875901,2022-02-03,2022,116000.0,Appartement,48.0,2.0,54000.0,6.181208,48.675419,2416.6666666666665
2022-875908,2022-02-14,2022,83790.0,Appartement,66.0,4.0,54000.0,6.161941,48.692737,1269.5454545454545
2022-875910,2022-02-18,2022,58000.0,Appartement,22.0,1.0,54000.0,6.186336,48.678773,2636.3636363636365
2022-875919,2022-02-14,2022,185000.0,Appartement,72.0,3.0,54000.0,6.180364,48.701173,2569.4444444444443
2022-875922,2022-02-04,2022,136000.0,Appartement,57.0,2.0,54000.0,6.17459,48.680119,2385.964912280702
2022-875929,2022-01-26,2022,95950.0,Appartement,79.0,4.0,54000.0,6.158365,48.696716,1214.5569620253164
2022-875932,2022-02-08,2022,149000.0,Appartement,57.0,3.0,54000.0,6.191678,48.692413,2614.035087719298
2022-875934,2022-01-31,2022,70000.0,Appartement,51.0,3.0,54000.0,6.158927,48.690216,1372.549019607843
2022-875938,2022-02-18,2022,81000.0,Appartement,31.0,1.0,54000.0,6.158673,48.689461,2612.9032258064517
2022-875943,2022-02-09,2022,159000.0,Appartement,74.0,3.0,54000.0,6.167073,48.686608,2148.6486486486488
2022-875949,2022-02-16,2022,138000.0,Maison,66.0,4.0,54100.0,6.156699,48.705026,2090.909090909091
2022-875958,2022-02-04,2022,72450.0,Appartement,41.0,2.0,54000.0,6.17549,48.684098,1767.0731707317073
2022-876015,2022-02-03,2022,146000.0,Appartement,61.0,2.0,54000.0,6.170735,48.6955,2393.44262295082
2022-876034,2022-02-11,2022,147500.0,Appartement,61.0,3.0,54000.0,6.170805,48.701641,2418.032786885246
2022-876047,2022-02-11,2022,82000.0,Appartement,38.0,2.0,54000.0,6.197236,48.698267,2157.8947368421054
2022-876069,2022-02-08,2022,111100.0,Appartement,34.0,2.0,54000.0,6.169531,48.700073,3267.6470588235293
2022-876083,2022-02-11,2022,148470.0,Appartement,53.0,3.0,54000.0,6.192017,48.691748,2801.3207547169814
2022-876085,2022-02-22,2022,82700.0,Appartement,44.0,2.0,54000.0,6.198774,48.678259,1879.5454545454545
2022-876094,2022-02-22,2022,100200.0,Appartement,40.0,2.0,54000.0,6.170438,48.703876,2505.0
2022-876101,2022-02-23,2022,189100.0,Appartement,25.0,1.0,54000.0,6.180206,48.691003,7564.0
2022-876117,2022-02-03,2022,147455.0,Appartement,72.0,3.0,54000.0,6.180034,48.687951,2047.986111111111
2022-876118,2022-02-22,2022,72000.0,Appartement,36.0,1.0,54000.0,6.180483,48.694913,2000.0
2022-876120,2022-02-02,2022,96800.0,Appartement,43.0,2.0,54000.0,6.201619,48.686386,2251.1627906976746
2022-876139,2022-02-22,2022,96772.0,Appartement,48.0,2.0,54000.0,6.178112,48.696013,2016.0833333333333
2022-876144,2022-02-16,2022,112100.0,Appartement,53.0,2.0,54000.0,6.174004,48.67746,2115.0943396226417
2022-876146,2022-02-21,2022,314000.0,Appartement,102.0,4.0,54000.0,6.172919,48.693066,3078.4313725490197
2022-876157,2022-01-17,2022,152250.0,Appartement,60.0,3.0,54000.0,6.170364,48.70455,2537.5
2022-876167,2022-02-11,2022,90000.0,Appartement,37.0,1.0,54000.0,6.146791,48.695624,2432.4324324324325
2022-876169,2022-02-08,2022,231700.0,Appartement,30.0,2.0,54000.0,6.191648,48.699387,7723.333333333333
2022-876181,2022-01-31,2022,238000.0,Appartement,115.0,4.0,54000.0,6.169307,48.689492,2069.5652173913045
2022-876198,2022-01-31,2022,275000.0,Maison,68.0,4.0,54000.0,6.167574,48.669905,4044.1176470588234
2022-876206,2022-02-23,2022,81000.0,Appartement,43.0,2.0,54000.0,6.185461,48.678988,1883.7209302325582
2022-876211,2022-02-28,2022,171500.0,Appartement,83.0,4.0,54000.0,6.175638,48.675925,2066.265060240964
2022-876212,2022-02-24,2022,60000.0,Appartement,24.0,1.0,54000.0,6.187208,48.694539,2500.0
2022-876219,2022-02-25,2022,119000.0,Appartement,45.0,2.0,54000.0,6.190668,48.691989,2644.4444444444443
2022-876225,2022-02-14,2022,280900.0,Appartement,126.0,4.0,54000.0,6.145165,48.689851,2229.3650793650795
2022-876230,2022-02-24,2022,170000.0,Appartement,84.0,3.0,54000.0,6.179884,48.679794,2023.8095238095239
2022-876234,2022-02-04,2022,89000.0,Appartement,58.0,3.0,54000.0,6.16628,48.70217,1534.4827586206898
2022-876235,2022-02-25,2022,344000.0,Maison,200.0,6.0,54000.0,6.150737,48.691747,1720.0
2022-876253,2022-02-22,2022,165200.0,Appartement,64.0,4.0,54000.0,6.162544,48.687534,2581.25
2022-876256,2022-02-03,2022,52000.0,Appartement,21.0,1.0,54000.0,6.1739,48.704951,2476.190476190476
2022-876262,2022-02-11,2022,121527.9,Appartement,46.0,2.0,54000.0,6.165857,48.690217,2641.910869565217
2022-876269,2022-02-04,2022,49000.0,Appartement,18.0,1.0,54000.0,6.171856,48.690265,2722.222222222222
2022-876273,2022-02-04,2022,72000.0,Appartement,76.0,5.0,54000.0,6.140382,48.692842,947.3684210526316
2022-876282,2022-02-18,2022,96000.0,Appartement,42.0,2.0,54000.0,6.181844,48.683225,2285.714285714286
2022-876283,2022-02-22,2022,662600.0,Maison,125.0,5.0,54000.0,6.186318,48.681028,5300.8
2022-876302,2022-02-16,2022,122543.8,Appartement,40.0,3.0,54000.0,6.180973,48.6841,3063.5950000000003
2022-876304,2022-02-28,2022,111500.0,Appartement,84.0,4.0,54000.0,6.160346,48.687713,1327.3809523809523
2022-876308,2022-02-16,2022,145100.0,Appartement,40.0,2.0,54000.0,6.189161,48.701798,3627.5
2022-876309,2022-02-03,2022,145000.0,Appartement,72.0,3.0,54000.0,6.155424,48.689884,2013.888888888889
2022-876312,2022-02-24,2022,100000.0,Appartement,77.0,4.0,54000.0,6.179727,48.683306,1298.7012987012988
2022-876327,2022-02-14,2022,80750.0,Appartement,42.0,2.0,54000.0,6.198774,48.678259,1922.6190476190477
2022-876341,2022-02-07,2022,138200.0,Appartement,72.0,3.0,54000.0,6.17453,48.684511,1919.4444444444443
2022-876350,2022-02-18,2022,121250.0,Appartement,87.0,3.0,54000.0,6.174757,48.679565,1393.6781609195402
2022-876359,2022-02-18,2022,125250.0,Appartement,58.0,3.0,54000.0,6.164952,48.676979,2159.4827586206898
2022-876360,2022-02-24,2022,136800.0,Appartement,50.0,3.0,54000.0,6.170962,48.683254,2736.0
2022-876365,2022-02-15,2022,169400.0,Appartement,72.0,3.0,54000.0,6.180034,48.687951,2352.777777777778
2022-876371,2022-02-16,2022,428000.0,Appartement,30.0,1.0,54000.0,6.162403,48.681573,14266.666666666666
2022-876385,2022-02-21,2022,353900.0,Appartement,125.0,4.0,54000.0,6.197646,48.676219,2831.2
2022-876405,2022-02-17,2022,167080.0,Appartement,42.0,2.0,54000.0,6.189397,48.697114,3978.095238095238
2022-876441,2022-02-25,2022,100000.0,Appartement,49.0,2.0,54000.0,6.194026,48.694574,2040.8163265306123
2022-876451,2022-02-17,2022,85600.0,Appartement,52.0,3.0,54000.0,6.172507,48.690465,1646.1538461538462
2022-876472,2022-02-25,2022,340000.0,Maison,110.0,6.0,54000.0,6.161517,48.688061,3090.909090909091
2022-876474,2022-02-25,2022,112000.0,Appartement,46.0,3.0,54000.0,6.195589,48.684407,2434.782608695652
2022-876476,2022-02-18,2022,125650.0,Appartement,47.0,2.0,54000.0,6.163007,48.679244,2673.404255319149
2022-876479,2022-02-28,2022,184000.0,Appartement,20.0,1.0,54000.0,6.192673,48.682929,9200.0
2022-876486,2022-02-15,2022,888788.0,Appartement,63.0,3.0,54000.0,6.188653,48.683822,14107.746031746032
2022-876489,2022-02-24,2022,94000.0,Appartement,56.0,2.0,54000.0,6.163225,48.676966,1678.5714285714287
2022-876494,2022-02-15,2022,431212.0,Appartement,29.0,1.0,54000.0,6.188573,48.683834,14869.379310344828
2022-876507,2022-02-17,2022,81000.0,Appartement,34.0,1.0,54000.0,6.169294,48.685154,2382.3529411764707
2022-876509,2022-01-17,2022,90000.0,Appartement,58.0,3.0,54000.0,6.16628,48.70217,1551.7241379310344
2022-876510,2022-02-10,2022,109000.0,Appartement,85.0,5.0,54000.0,6.161941,48.692737,1282.3529411764705
2022-876513,2022-02-24,2022,89000.0,Appartement,34.0,2.0,54000.0,6.189985,48.697361,2617.6470588235293
2022-876516,2022-02-17,2022,115000.0,Appartement,54.0,3.0,54000.0,6.194359,48.678263,2129.6296296296296
2022-876518,2022-02-18,2022,320000.0,Maison,90.0,4.0,54000.0,6.165977,48.674033,3555.5555555555557
2022-876528,2022-02-25,2022,121159.0,Appartement,52.0,2.0,54000.0,6.163376,48.682369,2329.980769230769
2022-876541,2022-02-21,2022,97200.0,Appartement,33.0,1.0,54000.0,6.196489,48.67866,2945.4545454545455
2022-876542,2022-02-25,2022,138850.0,Appartement,67.0,3.0,54000.0,6.165371,48.668426,2072.3880597014927
2022-876551,2022-02-23,2022,83500.0,Appartement,46.0,2.0,54000.0,6.185461,48.678988,1815.2173913043478
2022-876552,2022-02-18,2022,405000.0,Appartement,174.0,7.0,54000.0,6.172566,48.693029,2327.5862068965516
2022-876574,2022-02-25,2022,148850.0,Appartement,44.0,4.0,54000.0,6.163874,48.676152,3382.9545454545455
2022-876612,2022-03-04,2022,56900.0,Appartement,67.0,3.0,54000.0,6.192673,48.682929,849.2537313432836
2022-876632,2022-02-24,2022,65000.0,Appartement,26.0,1.0,54000.0,6.182002,48.702075,2500.0
2022-876633,2022-02-23,2022,93000.0,Appartement,41.0,2.0,54000.0,6.194318,48.677892,2268.2926829268295
2022-876640,2022-03-02,2022,180920.0,Appartement,57.0,3.0,54000.0,6.168347,48.686567,3174.035087719298
2022-876644,2022-02-28,2022,713500.0,Maison,190.0,5.0,54000.0,6.1678,48.684077,3755.2631578947367
2022-876645,2022-03-02,2022,100000.0,Appartement,53.0,3.0,54000.0,6.198338,48.676807,1886.7924528301887
2022-876651,2022-03-01,2022,506000.0,Maison,155.0,6.0,54000.0,6.167092,48.673398,3264.516129032258
2022-876656,2022-03-02,2022,685000.0,Appartement,85.0,3.0,54000.0,6.161834,48.686408,8058.823529411765
2022-876658,2022-02-28,2022,220000.0,Appartement,112.0,5.0,54000.0,6.191168,48.691366,1964.2857142857142
2022-876662,2022-02-28,2022,65000.0,Appartement,42.0,2.0,54000.0,6.198774,48.678259,1547.6190476190477
2022-876666,2022-02-25,2022,76000.0,Appartement,22.0,2.0,54000.0,6.180131,48.683783,3454.5454545454545
2022-876673,2022-02-28,2022,215000.0,Appartement,69.0,4.0,54000.0,6.175719,48.681621,3115.942028985507
2022-876678,2022-03-03,2022,208050.0,Appartement,88.0,3.0,54000.0,6.187911,48.687124,2364.2045454545455
2022-876683,2022-02-18,2022,91000.0,Appartement,52.0,2.0,54000.0,6.163147,48.697664,1750.0
2022-876693,2022-03-01,2022,150000.0,Appartement,81.0,3.0,54000.0,6.185632,48.689459,1851.851851851852
2022-876695,2022-02-25,2022,130400.0,Appartement,67.0,3.0,54000.0,6.194049,48.680295,1946.2686567164178
2022-876698,2022-03-02,2022,141600.0,Appartement,67.0,3.0,54000.0,6.180364,48.701173,2113.4328358208954
2022-876701,2022-02-22,2022,106000.0,Appartement,52.0,2.0,54000.0,6.182082,48.704131,2038.4615384615386
2022-876711,2022-03-02,2022,128170.0,Appartement,84.0,3.0,54000.0,6.174757,48.679565,1525.8333333333333
2022-876719,2022-03-01,2022,88360.0,Appartement,35.0,2.0,54000.0,6.194058,48.678486,2524.5714285714284
2022-876721,2022-02-24,2022,78000.0,Appartement,30.0,1.0,54000.0,6.177676,48.695509,2600.0
2022-876727,2022-03-03,2022,46000.0,Appartement,15.0,2.0,54000.0,6.169576,48.689231,3066.6666666666665
2022-876729,2022-02-24,2022,196000.0,Appartement,80.0,3.0,54000.0,6.195532,48.694835,2450.0
2022-876735,2022-03-02,2022,44035.0,Appartement,28.0,1.0,54000.0,6.174757,48.679565,1572.6785714285713
2022-876736,2022-03-03,2022,135000.0,Maison,65.0,4.0,54000.0,6.166354,48.701888,2076.923076923077
2022-876738,2022-02-28,2022,100700.0,Appartement,35.0,2.0,54000.0,6.200194,48.686707,2877.1428571428573
2022-876739,2022-03-07,2022,960000.0,Appartement,66.0,2.0,54000.0,6.181356,48.700174,14545.454545454546
2022-876748,2022-02-21,2022,175000.0,Appartement,92.0,4.0,54000.0,6.169113,48.685931,1902.1739130434783
2022-876755,2022-03-03,2022,105000.0,Appartement,56.0,2.0,54000.0,6.189131,48.690997,1875.0
2022-876758,2022-03-03,2022,132500.0,Appartement,46.0,2.0,54000.0,6.177777,48.701601,2880.4347826086955
2022-876764,2022-03-04,2022,105600.0,Appartement,33.0,1.0,54000.0,6.169716,48.691443,3200.0
2022-876770,2022-03-01,2022,101550.0,Appartement,53.0,3.0,54000.0,6.201619,48.686386,1916.0377358490566
2022-876774,2022-02-18,2022,79000.0,Appartement,34.0,1.0,54000.0,,,2323.529411764706
2022-876784,2022-02-24,2022,143800.0,Appartement,52.0,2.0,54000.0,6.190272,48.699413,2765.3846153846152
2022-876789,2022-03-09,2022,120000.0,Appartement,51.0,2.0,54000.0,6.162869,48.702886,2352.9411764705883
2022-876814,2022-03-09,2022,379229.0,Appartement,60.0,2.0,54000.0,6.18343,48.690379,6320.483333333334
2022-876820,2022-03-04,2022,161500.0,Appartement,72.0,3.0,54000.0,6.189892,48.691189,2243.0555555555557
2022-876832,2022-02-25,2022,125000.0,Appartement,48.0,2.0,54000.0,6.163007,48.679244,2604.1666666666665
2022-876836,2022-03-04,2022,217400.0,Maison,73.0,3.0,54000.0,6.192136,48.699042,2978.082191780822
2022-876849,2022-02-28,2022,135500.0,Appartement,47.0,2.0,54000.0,6.186624,48.683308,2882.978723404255
2022-876857,2022-03-08,2022,148900.0,Appartement,50.0,2.0,54000.0,6.173782,48.701992,2978.0
2022-876867,2022-03-08,2022,68000.0,Appartement,60.0,4.0,54000.0,6.140382,48.692842,1133.3333333333333
2022-876877,2022-03-01,2022,125500.0,Appartement,55.0,3.0,54000.0,6.195589,48.684407,2281.818181818182
2022-876880,2022-03-03,2022,41363.0,Appartement,26.0,1.0,54000.0,6.174757,48.679565,1590.8846153846155
2022-876888,2022-02-22,2022,299000.0,Appartement,44.0,2.0,54000.0,6.184688,48.689081,6795.454545454545
2022-876908,2022-03-09,2022,105650.0,Appartement,40.0,2.0,54000.0,6.179899,48.68328,2641.25
2022-876910,2022-03-04,2022,181000.0,Appartement,71.0,3.0,54000.0,6.178644,48.683395,2549.2957746478874
2022-876911,2022-03-10,2022,91000.0,Appartement,38.0,2.0,54000.0,6.16202,48.69615,2394.7368421052633
2022-876922,2022-03-04,2022,65000.0,Appartement,39.0,2.0,54000.0,6.169545,48.677926,1666.6666666666667
2022-876939,2022-02-17,2022,123073.0,Maison,108.0,4.0,54100.0,6.140739,48.701448,1139.5648148148148
2022-876950,2022-03-15,2022,94000.0,Appartement,32.0,1.0,54000.0,6.196678,48.698292,2937.5
2022-876952,2022-02-18,2022,97400.0,Appartement,64.0,3.0,54000.0,6.198774,48.678259,1521.875
2022-876967,2022-03-03,2022,62000.0,Appartement,17.0,1.0,54000.0,6.180034,48.687951,3647.0588235294117
2022-876983,2022-02-15,2022,85000.0,Maison,60.0,3.0,54000.0,6.152297,48.692467,1416.6666666666667
2022-876989,2022-03-07,2022,79500.0,Appartement,43.0,2.0,54000.0,6.18128,48.70234,1848.8372093023256
2022-876998,2022-03-04,2022,187050.0,Appartement,68.0,3.0,54000.0,6.168029,48.697829,2750.735294117647
2022-877001,2022-02-17,2022,128000.0,Appartement,40.0,2.0,54000.0,6.159714,48.685874,3200.0
2022-877013,2022-03-09,2022,85000.0,Appartement,77.0,4.0,54000.0,6.18833,48.688523,1103.8961038961038
2022-877017,2022-03-15,2022,70550.0,Appartement,30.0,1.0,54000.0,6.160249,48.684336,2351.6666666666665
2022-877023,2022-03-02,2022,160000.0,Appartement,65.0,3.0,54000.0,6.196291,48.694203,2461.5384615384614
2022-877040,2022-02-25,2022,142500.0,Appartement,86.0,4.0,54000.0,6.180034,48.687951,1656.9767441860465
2022-877044,2022-03-04,2022,260000.0,Appartement,91.0,4.0,54000.0,6.177121,48.684404,2857.1428571428573
2022-877045,2022-03-04,2022,258750.0,Appartement,100.0,5.0,54000.0,6.183048,48.700696,2587.5
2022-877046,2022-03-09,2022,50000.0,Appartement,18.0,1.0,54000.0,6.184121,48.67622,2777.777777777778
2022-877061,2022-03-10,2022,225000.0,Appartement,71.0,2.0,54000.0,6.168802,48.682128,3169.0140845070423
2022-877063,2022-02-21,2022,49500.0,Appartement,42.0,2.0,54000.0,6.185953,48.682616,1178.5714285714287
2022-877067,2022-03-17,2022,340000.0,Appartement,23.0,1.0,54000.0,6.181437,48.694523,14782.608695652174
2022-877072,2022-03-10,2022,110000.0,Appartement,51.0,2.0,54000.0,6.177809,48.685124,2156.8627450980393
2022-877081,2022-03-07,2022,146200.0,Appartement,77.0,3.0,54000.0,6.194026,48.694574,1898.7012987012988
2022-877083,2022-03-08,2022,330000.0,Appartement,118.0,5.0,54000.0,6.188436,48.68872,2796.6101694915255
2022-877086,2022-03-04,2022,163440.0,Appartement,115.0,5.0,54000.0,6.162355,48.703701,1421.2173913043478
2022-877088,2022-03-04,2022,190000.0,Appartement,88.0,3.0,54000.0,6.180369,48.684031,2159.090909090909
2022-877094,2022-03-11,2022,105000.0,Appartement,60.0,3.0,54000.0,6.183595,48.688563,1750.0
2022-877099,2022-02-28,2022,258500.0,Appartement,35.0,2.0,54000.0,6.170984,48.687479,7385.714285714285
2022-877102,2022-03-09,2022,97000.0,Appartement,50.0,3.0,54000.0,6.18932,48.702973,1940.0
2022-877104,2022-03-14,2022,570000.0,Maison,115.0,6.0,54000.0,6.184127,48.676761,4956.521739130435
2022-877108,2022-03-04,2022,136600.0,Appartement,78.0,4.0,54000.0,6.165777,48.700006,1751.2820512820513
2022-877119,2022-03-09,2022,125000.0,Appartement,72.0,2.0,54000.0,6.18833,48.688523,1736.111111111111
2022-877122,2022-03-10,2022,102000.0,Appartement,122.0,4.0,54000.0,6.191821,48.683608,836.0655737704918
2022-877157,2022-03-10,2022,509000.0,Appartement,185.0,5.0,54000.0,6.167937,48.695673,2751.3513513513512
2022-877159,2022-03-14,2022,73475.0,Appartement,69.0,4.0,54000.0,6.188236,48.704414,1064.855072463768
2022-877166,2022-03-10,2022,98600.0,Appartement,46.0,2.0,54000.0,6.176435,48.674031,2143.478260869565
2022-877173,2022-03-11,2022,130000.0,Appartement,58.0,2.0,54000.0,6.177649,48.706884,2241.3793103448274
2022-877177,2022-03-14,2022,180000.0,Maison,94.0,3.0,54000.0,6.171745,48.702546,1914.8936170212767
2022-877180,2022-03-17,2022,199000.0,Appartement,66.0,3.0,54000.0,6.158289,48.698816,3015.151515151515
2022-877185,2022-03-01,2022,205000.0,Appartement,79.0,3.0,54000.0,6.175981,48.698054,2594.9367088607596
2022-877193,2022-03-15,2022,126250.0,Appartement,41.0,1.0,54000.0,6.145165,48.689851,3079.268292682927
2022-877197,2022-02-21,2022,135000.0,Appartement,81.0,3.0,54000.0,6.175627,48.6808,1666.6666666666667
2022-877215,2022-03-04,2022,644000.0,Appartement,215.0,5.0,54000.0,6.184288,48.692551,2995.3488372093025
2022-877216,2022-03-11,2022,225000.0,Maison,76.0,4.0,54000.0,6.14922,48.697767,2960.5263157894738
2022-877223,2022-03-08,2022,150000.0,Appartement,82.0,4.0,54000.0,6.178233,48.682073,1829.2682926829268
2022-877226,2022-03-07,2022,123000.0,Appartement,61.0,3.0,54000.0,6.174552,48.674811,2016.3934426229507
2022-877247,2022-03-18,2022,165000.0,Appartement,50.0,2.0,54000.0,6.180831,48.695452,3300.0
2022-877272,2022-03-15,2022,98000.0,Appartement,37.0,2.0,54000.0,6.187362,48.682157,2648.6486486486488
2022-877276,2022-03-15,2022,190500.0,Appartement,72.0,3.0,54000.0,6.180034,48.687951,2645.8333333333335
2022-877288,2022-02-25,2022,38000.0,Appartement,22.0,2.0,54000.0,6.180131,48.683783,1727.2727272727273
2022-877291,2022-03-07,2022,78000.0,Appartement,32.0,2.0,54000.0,6.166775,48.702017,2437.5
2022-877295,2022-03-18,2022,250800.0,Appartement,89.0,3.0,54000.0,6.18113,48.693739,2817.9775280898875
2022-877312,2022-02-24,2022,293000.0,Appartement,109.0,4.0,54000.0,6.167939,48.689465,2688.0733944954127
2022-877319,2022-03-14,2022,420000.0,Appartement,74.0,4.0,54000.0,6.16854,48.702378,5675.675675675676
2022-877332,2022-03-02,2022,61500.0,Appartement,22.0,2.0,54000.0,6.174847,48.684069,2795.4545454545455
2022-877360,2022-03-08,2022,86000.0,Appartement,39.0,1.0,54000.0,6.18871,48.691919,2205.128205128205
2022-877375,2022-03-16,2022,158000.0,Appartement,70.0,4.0,54000.0,6.166341,48.686316,2257.1428571428573
2022-877378,2022-03-21,2022,247000.0,Appartement,93.0,3.0,54000.0,6.172343,48.690012,2655.9139784946237
2022-877384,2022-03-03,2022,171650.0,Appartement,59.0,3.0,54000.0,6.178037,48.67772,2909.322033898305
2022-877395,2022-03-16,2022,244800.0,Appartement,79.0,3.0,54000.0,6.175428,48.681066,3098.73417721519
2022-877418,2022-02-25,2022,56000.0,Appartement,28.0,1.0,54000.0,6.172798,48.672752,2000.0
2022-877422,2022-03-21,2022,610000.0,Appartement,52.0,3.0,54000.0,6.186491,48.681882,11730.76923076923
2022-877434,2022-03-14,2022,83500.0,Appartement,31.0,2.0,54000.0,6.196614,48.698909,2693.548387096774
2022-877440,2022-03-18,2022,75500.0,Appartement,31.0,2.0,54000.0,6.196614,48.698909,2435.483870967742
2022-877442,2022-02-28,2022,172000.0,Appartement,78.0,4.0,54000.0,6.174552,48.674811,2205.128205128205
2022-877464,2022-03-15,2022,150000.0,Appartement,77.0,3.0,54000.0,6.194026,48.694574,1948.051948051948
2022-877479,2022-03-22,2022,134600.0,Appartement,57.0,3.0,54000.0,6.185557,48.687124,2361.40350877193
2022-877490,2022-03-18,2022,136000.0,Appartement,56.0,2.0,54000.0,6.178856,48.68985,2428.5714285714284
2022-877511,2022-03-16,2022,118000.0,Appartement,51.0,2.0,54000.0,6.185953,48.682616,2313.725490196078
2022-877519,2022-03-16,2022,265000.0,Appartement,42.0,2.0,54000.0,6.193486,48.689307,6309.523809523809
2022-877535,2022-03-17,2022,94300.0,Appartement,55.0,2.0,54000.0,6.160339,48.686271,1714.5454545454545
2022-877557,2022-03-10,2022,145000.0,Appartement,74.0,4.0,54000.0,6.173533,48.683675,1959.4594594594594
2022-877566,2022-03-16,2022,250000.0,Appartement,96.0,4.0,54000.0,6.180549,48.675044,2604.1666666666665
2022-877569,2022-03-11,2022,96000.0,Appartement,38.0,2.0,54000.0,6.183385,48.701153,2526.315789473684
2022-877577,2022-03-15,2022,134000.0,Appartement,67.0,3.0,54000.0,6.19739,48.678284,2000.0
2022-877592,2022-03-15,2022,70000.0,Appartement,25.0,1.0,54000.0,6.159923,48.690632,2800.0
2022-877606,2022-03-07,2022,172000.0,Appartement,66.0,3.0,54000.0,6.19289,48.689409,2606.060606060606
2022-877607,2022-03-07,2022,151000.0,Appartement,23.0,1.0,54000.0,6.167096,48.699082,6565.217391304348
2022-877608,2022-03-24,2022,155000.0,Maison,66.0,4.0,54000.0,6.147834,48.695884,2348.4848484848485
2022-877610,2022-03-18,2022,69900.0,Appartement,30.0,1.0,54000.0,6.1966,48.676768,2330.0
2022-877620,2022-03-10,2022,55000.0,Appartement,23.0,1.0,54000.0,6.167096,48.699082,2391.304347826087
2022-877622,2022-03-18,2022,95000.0,Appartement,32.0,1.0,54000.0,6.166431,48.668122,2968.75
2022-877625,2022-03-22,2022,116500.0,Appartement,45.0,2.0,54000.0,6.171307,48.688257,2588.8888888888887
2022-877630,2022-03-11,2022,225000.0,Appartement,102.0,5.0,54000.0,6.169399,48.688292,2205.8823529411766
2022-877634,2022-03-21,2022,81500.0,Appartement,27.0,1.0,54000.0,6.164773,48.692779,3018.5185185185187
2022-877651,2022-03-01,2022,58000.0,Appartement,20.0,1.0,54000.0,6.178456,48.675451,2900.0
2022-877654,2022-03-16,2022,155000.0,Appartement,48.0,3.0,54000.0,6.187628,48.688307,3229.1666666666665
2022-877662,2022-03-28,2022,498000.0,Maison,150.0,5.0,54000.0,6.160405,48.697971,3320.0
2022-877673,2022-03-17,2022,66000.0,Appartement,25.0,1.0,54000.0,6.174521,48.702165,2640.0
2022-877674,2022-03-22,2022,175900.0,Appartement,96.0,4.0,54000.0,6.179884,48.679794,1832.2916666666667
2022-877693,2022-03-18,2022,115000.0,Appartement,47.0,2.0,54000.0,6.176435,48.674031,2446.808510638298
2022-877694,2022-03-23,2022,69000.0,Appartement,25.0,1.0,54000.0,6.158498,48.69836,2760.0
2022-877697,2022-03-18,2022,100000.0,Appartement,65.0,3.0,54000.0,6.155874,48.690682,1538.4615384615386
2022-877705,2022-03-18,2022,749000.0,Appartement,83.0,4.0,54000.0,6.164783,48.676964,9024.096385542169
2022-877707,2022-03-16,2022,144010.0,Appartement,70.0,3.0,54000.0,6.185123,48.69037,2057.285714285714
2022-877709,2022-03-22,2022,109250.0,Appartement,75.0,5.0,54000.0,6.140382,48.692842,1456.6666666666667
2022-877711,2022-03-22,2022,258000.0,Maison,90.0,4.0,54000.0,6.178096,48.685327,2866.6666666666665
2022-877718,2022-03-17,2022,97200.0,Appartement,37.0,2.0,54000.0,6.178477,48.673526,2627.027027027027
2022-877720,2022-03-22,2022,43239.0,Appartement,28.0,1.0,54000.0,6.174757,48.679565,1544.25
2022-877722,2022-03-21,2022,153319.0,Appartement,87.0,3.0,54000.0,6.174757,48.679565,1762.287356321839
2022-877723,2022-03-23,2022,186000.0,Appartement,76.0,3.0,54000.0,6.161673,48.686707,2447.3684210526317
2022-877748,2022-03-28,2022,284300.0,Appartement,120.0,5.0,54000.0,6.175338,48.683945,2369.1666666666665
2022-877749,2022-03-25,2022,169000.0,Appartement,83.0,4.0,54000.0,6.165777,48.700006,2036.144578313253
2022-877757,2022-03-25,2022,84000.0,Appartement,52.0,2.0,54000.0,6.198563,48.692884,1615.3846153846155
2022-877768,2022-03-28,2022,125800.0,Maison,46.0,3.0,54000.0,6.171154,48.703585,2734.782608695652
2022-877774,2022-03-18,2022,161900.0,Appartement,66.0,3.0,54000.0,6.180364,48.701173,2453.030303030303
2022-877781,2022-03-28,2022,187000.0,Appartement,72.0,3.0,54000.0,6.192007,48.68261,2597.222222222222
2022-877798,2022-03-21,2022,206500.0,Appartement,59.0,3.0,54000.0,6.163486,48.685771,3500.0
2022-877800,2022-03-28,2022,127000.0,Appartement,55.0,2.0,54000.0,6.174552,48.674811,2309.090909090909
2022-877818,2022-03-25,2022,105000.0,Appartement,46.0,2.0,54000.0,6.171086,48.669837,2282.608695652174
2022-877825,2022-03-24,2022,160000.0,Appartement,72.0,4.0,54000.0,6.175709,48.692269,2222.222222222222
2022-877835,2022-03-30,2022,304000.0,Maison,83.0,4.0,54000.0,6.168803,48.68463,3662.6506024096384
2022-877836,2022-03-31,2022,199000.0,Appartement,63.0,3.0,54000.0,6.189331,48.689188,3158.7301587301586
2022-877838,2022-03-16,2022,217000.0,Maison,71.0,3.0,54000.0,6.156492,48.697604,3056.3380281690143
2022-877840,2022-03-31,2022,115000.0,Appartement,41.0,3.0,54000.0,6.172693,48.680353,2804.878048780488
2022-877845,2022-03-30,2022,70000.0,Appartement,35.0,2.0,54000.0,6.173039,48.69889,2000.0
2022-877849,2022-03-23,2022,94500.0,Appartement,55.0,2.0,54000.0,6.198791,48.676916,1718.1818181818182
2022-877863,2022-03-23,2022,76000.0,Appartement,63.0,3.0,54000.0,6.167684,48.683197,1206.3492063492063
2022-877877,2022-03-30,2022,85000.0,Appartement,39.0,2.0,54000.0,6.176294,48.684308,2179.4871794871797
2022-877885,2022-03-25,2022,170100.0,Appartement,48.0,2.0,54000.0,6.178191,48.698064,3543.75
2022-877886,2022-03-24,2022,261500.0,Appartement,79.0,3.0,54000.0,6.179086,48.702249,3310.1265822784812
2022-877894,2022-03-30,2022,102000.0,Appartement,35.0,2.0,54000.0,6.187343,48.685209,2914.285714285714
2022-877902,2022-03-22,2022,1309200.0,Maison,289.0,7.0,54000.0,6.145996,48.689057,4530.103806228373
2022-877909,2022-03-11,2022,222000.0,Appartement,86.0,3.0,54000.0,6.183937,48.688082,2581.3953488372094
2022-877945,2022-03-31,2022,323650.0,Appartement,35.0,2.0,54000.0,6.178992,48.682784,9247.142857142857
2022-877953,2022-03-23,2022,52600.0,Appartement,20.0,1.0,54000.0,6.180512,48.682182,2630.0
2022-877961,2022-03-28,2022,185000.0,Appartement,147.0,4.0,54000.0,6.178606,48.698384,1258.5034013605443
2022-877972,2022-03-23,2022,101800.0,Appartement,32.0,1.0,54000.0,6.171421,48.68962,3181.25
2022-877975,2022-03-16,2022,152000.0,Appartement,86.0,4.0,54000.0,6.180034,48.687951,1767.4418604651162
2022-877983,2022-03-23,2022,86000.0,Appartement,46.0,2.0,54000.0,6.179447,48.702447,1869.5652173913043
2022-877986,2022-03-07,2022,120650.0,Appartement,55.0,3.0,54000.0,6.165138,48.699354,2193.6363636363635
2022-877990,2022-03-04,2022,377000.0,Appartement,45.0,2.0,54000.0,6.195757,48.676374,8377.777777777777
2022-878002,2022-03-29,2022,223000.0,Appartement,64.0,3.0,54000.0,,,3484.375
2022-878036,2022-03-28,2022,270000.0,Appartement,110.0,4.0,54000.0,6.171765,48.68217,2454.5454545454545
2022-878068,2022-03-17,2022,185250.0,Appartement,106.0,3.0,54000.0,6.172475,48.704101,1747.6415094339623
2022-878084,2022-03-29,2022,94800.0,Appartement,39.0,2.0,54000.0,6.175638,48.675925,2430.769230769231
2022-878087,2022-03-31,2022,220000.0,Appartement,21.0,1.0,54000.0,6.168637,48.685168,10476.190476190477
2022-878090,2022-04-04,2022,167010.0,Appartement,77.0,3.0,54000.0,6.177729,48.701133,2168.961038961039
2022-878140,2022-03-28,2022,165000.0,Appartement,147.0,4.0,54000.0,6.178606,48.698384,1122.4489795918366
2022-878146,2022-03-31,2022,75000.0,Appartement,46.0,2.0,54000.0,6.174521,48.702165,1630.4347826086957
2022-878158,2022-04-01,2022,66215.0,Appartement,31.0,1.0,54000.0,6.191515,48.698634,2135.967741935484
2022-878159,2022-04-06,2022,63000.0,Appartement,29.0,1.0,54000.0,6.179955,48.683875,2172.4137931034484
2022-878160,2022-03-22,2022,157455.0,Appartement,57.0,2.0,54000.0,6.178069,48.697928,2762.3684210526317
2022-878164,2022-04-01,2022,63400.0,Appartement,50.0,2.0,54000.0,6.167982,48.68823,1268.0
2022-878167,2022-03-25,2022,163000.0,Appartement,93.0,5.0,54000.0,6.165777,48.700006,1752.6881720430108
2022-878169,2022-03-17,2022,85000.0,Appartement,41.0,2.0,54000.0,6.179955,48.683875,2073.170731707317
2022-878175,2022-03-17,2022,85000.0,Appartement,41.0,2.0,54000.0,6.179955,48.683875,2073.170731707317
2022-878178,2022-03-23,2022,179540.0,Appartement,86.0,4.0,54000.0,6.168456,48.698412,2087.6744186046512
2022-878193,2022-03-11,2022,475000.0,Appartement,82.0,3.0,54000.0,6.159972,48.69032,5792.682926829269
2022-878228,2022-03-31,2022,112550.0,Appartement,23.0,1.0,54000.0,6.167096,48.699082,4893.478260869565
2022-878234,2022-03-30,2022,187130.0,Appartement,90.0,4.0,54000.0,6.196096,48.680189,2079.222222222222
2022-878245,2022-03-30,2022,156650.0,Appartement,76.0,3.0,54000.0,6.186331,48.692236,2061.184210526316
2022-878256,2022-03-31,2022,1050000.0,Appartement,92.0,5.0,54000.0,6.179417,48.700404,11413.04347826087
2022-878261,2022-04-01,2022,169000.0,Appartement,94.0,4.0,54000.0,6.183541,48.686464,1797.872340425532
2022-878268,2022-03-31,2022,158000.0,Appartement,65.0,3.0,54000.0,6.177621,48.683558,2430.769230769231
2022-878281,2022-03-29,2022,151000.0,Appartement,66.0,3.0,54000.0,6.177621,48.683558,2287.878787878788
2022-878289,2022-03-30,2022,337000.0,Maison,95.0,5.0,54000.0,6.169972,48.670166,3547.3684210526317
2022-878290,2022-03-30,2022,102369.0,Appartement,58.0,3.0,54000.0,6.191072,48.679103,1764.9827586206898
2022-878303,2022-03-31,2022,145000.0,Appartement,66.0,3.0,54000.0,6.177621,48.683558,2196.969696969697
2022-878312,2022-04-01,2022,64000.0,Appartement,55.0,3.0,54000.0,6.1488,48.691485,1163.6363636363637
2022-878336,2022-04-06,2022,179120.0,Appartement,92.0,4.0,54000.0,6.199149,48.676511,1946.9565217391305
2022-878340,2022-04-08,2022,245000.0,Appartement,86.0,3.0,54000.0,6.199346,48.698101,2848.8372093023254
2022-878341,2022-04-04,2022,85000.0,Appartement,36.0,2.0,54000.0,6.194058,48.678486,2361.1111111111113
2022-878364,2022-03-05,2022,367500.0,Appartement,92.0,2.0,54000.0,6.162756,48.698355,3994.5652173913045
2022-878368,2022-04-07,2022,67000.0,Appartement,38.0,2.0,54000.0,6.165218,48.681719,1763.157894736842
2022-878380,2022-03-21,2022,54900.0,Appartement,22.0,1.0,54000.0,6.169953,48.699279,2495.4545454545455
2022-878397,2022-04-08,2022,144830.0,Appartement,51.0,2.0,54000.0,6.180364,48.701173,2839.8039215686276
2022-878400,2022-04-07,2022,53100.0,Appartement,19.0,1.0,54000.0,6.180512,48.682182,2794.7368421052633
2022-878416,2022-04-08,2022,126670.0,Appartement,60.0,3.0,54000.0,6.170273,48.685135,2111.1666666666665
2022-878419,2022-04-07,2022,230850.0,Appartement,143.0,6.0,54000.0,6.167684,48.683197,1614.3356643356644
2022-878437,2022-03-30,2022,135200.0,Appartement,88.0,3.0,54000.0,6.187911,48.687124,1536.3636363636363
2022-878439,2022-04-06,2022,137000.0,Appartement,100.0,5.0,54000.0,6.180174,48.675437,1370.0
2022-878450,2022-04-08,2022,222600.0,Appartement,88.0,3.0,54000.0,6.175816,48.701712,2529.5454545454545
2022-878457,2022-03-28,2022,150540.0,Appartement,82.0,2.0,54000.0,6.185959,48.689386,1835.8536585365853
2022-878460,2022-04-07,2022,67700.0,Appartement,44.0,2.0,54000.0,6.15979,48.703644,1538.6363636363637
2022-878464,2022-03-24,2022,380000.0,Maison,118.0,6.0,54000.0,6.175579,48.675206,3220.3389830508477
2022-878485,2022-04-01,2022,153100.0,Appartement,69.0,4.0,54000.0,6.181428,48.687036,2218.840579710145
2022-878507,2022-04-07,2022,140600.0,Appartement,61.0,2.0,54000.0,6.20129,48.687184,2304.9180327868853
2022-878509,2022-03-30,2022,95000.0,Appartement,35.0,1.0,54000.0,6.179044,48.681412,2714.285714285714
2022-878518,2022-04-12,2022,178200.0,Appartement,134.0,5.0,54000.0,6.178037,48.67772,1329.8507462686566
2022-878539,2022-04-04,2022,125000.0,Appartement,63.0,3.0,54000.0,6.171264,48.697736,1984.126984126984
2022-878548,2022-04-07,2022,75000.0,Appartement,24.0,1.0,54000.0,6.173811,48.67359,3125.0
2022-878549,2022-03-30,2022,106000.0,Appartement,44.0,4.0,54000.0,6.19153,48.691994,2409.090909090909
2022-878561,2022-03-28,2022,352000.0,Maison,150.0,6.0,54000.0,6.146216,48.690467,2346.6666666666665
2022-878564,2022-03-30,2022,180000.0,Maison,96.0,4.0,54000.0,6.148493,48.696955,1875.0
2022-878568,2022-03-23,2022,164500.0,Appartement,80.0,3.0,54000.0,6.184081,48.689543,2056.25
2022-878579,2022-04-08,2022,54500.0,Appartement,25.0,1.0,54000.0,6.15914,48.696664,2180.0
2022-878580,2022-04-11,2022,177000.0,Appartement,73.0,3.0,54000.0,6.196976,48.681397,2424.6575342465753
2022-878586,2022-04-04,2022,70000.0,Appartement,28.0,2.0,54000.0,6.173811,48.67359,2500.0
2022-878587,2022-03-21,2022,80000.0,Appartement,38.0,2.0,54000.0,6.196046,48.679324,2105.2631578947367
2022-878594,2022-03-30,2022,396000.0,Maison,167.0,5.0,54000.0,6.168119,48.670688,2371.25748502994
2022-878606,2022-04-05,2022,235000.0,Appartement,40.0,3.0,54000.0,6.193914,48.69011,5875.0
2022-878612,2022-03-31,2022,92000.0,Appartement,79.0,3.0,54000.0,6.194209,48.699181,1164.5569620253164
2022-878616,2022-04-05,2022,355000.0,Appartement,45.0,2.0,54000.0,6.16524,48.682771,7888.888888888889
2022-878619,2022-03-31,2022,58000.0,Appartement,27.0,1.0,54000.0,6.198774,48.678259,2148.1481481481483
2022-878625,2022-04-01,2022,668800.0,Maison,149.0,5.0,54000.0,6.142745,48.692113,4488.5906040268455
2022-878634,2022-04-04,2022,78000.0,Appartement,76.0,4.0,54000.0,6.185333,48.700845,1026.3157894736842
2022-878640,2022-04-06,2022,79000.0,Appartement,35.0,1.0,54000.0,6.184765,48.681231,2257.1428571428573
2022-878642,2022-03-30,2022,162000.0,Appartement,80.0,4.0,54000.0,6.168419,48.703362,2025.0
2022-878646,2022-04-06,2022,60800.0,Appartement,24.0,1.0,54000.0,6.184765,48.681231,2533.3333333333335
2022-878663,2022-04-05,2022,59000.0,Appartement,17.0,1.0,54000.0,6.160346,48.687713,3470.5882352941176
2022-878678,2022-03-29,2022,104850.0,Appartement,67.0,4.0,54000.0,6.158927,48.690216,1564.9253731343283
2022-878683,2022-04-05,2022,99940.0,Appartement,76.0,4.0,54000.0,6.158365,48.696716,1315.0
2022-878691,2022-04-05,2022,95000.0,Appartement,46.0,2.0,54000.0,6.197373,48.678978,2065.217391304348
2022-878694,2022-04-06,2022,190500.0,Appartement,80.0,4.0,54000.0,6.163632,48.687127,2381.25
2022-878711,2022-04-14,2022,370000.0,Appartement,130.0,5.0,54000.0,6.172699,48.682191,2846.153846153846
2022-878718,2022-04-08,2022,241530.0,Appartement,78.0,4.0,54000.0,6.178897,48.69692,3096.5384615384614
2022-878720,2022-04-20,2022,112000.0,Appartement,53.0,3.0,54000.0,6.189744,48.699943,2113.2075471698113
2022-878731,2022-04-15,2022,124650.0,Appartement,46.0,1.0,54000.0,6.186521,48.693123,2709.782608695652
2022-878749,2022-04-08,2022,90400.0,Appartement,36.0,2.0,54000.0,6.17048,48.704258,2511.1111111111113
2022-878765,2022-04-06,2022,135000.0,Appartement,100.0,4.0,54000.0,6.191425,48.697548,1350.0
2022-878772,2022-04-07,2022,47806.0,Appartement,25.0,1.0,54000.0,6.198774,48.678259,1912.24
2022-878779,2022-04-04,2022,147000.0,Maison,74.0,4.0,54100.0,6.138847,48.700244,1986.4864864864865
2022-878780,2022-04-13,2022,281600.0,Maison,99.0,4.0,54000.0,6.149157,48.697366,2844.4444444444443
2022-878782,2022-04-06,2022,152200.0,Appartement,66.0,3.0,54000.0,6.19289,48.689409,2306.060606060606
2022-878783,2022-04-07,2022,99900.0,Appartement,35.0,1.0,54000.0,6.175745,48.691,2854.285714285714
2022-878787,2022-04-12,2022,45000.0,Appartement,16.0,1.0,54000.0,6.180034,48.687951,2812.5
2022-878791,2022-04-15,2022,239350.0,Appartement,107.0,4.0,54000.0,6.163562,48.701524,2236.9158878504672
2022-878809,2022-04-20,2022,130000.0,Appartement,63.0,3.0,54000.0,6.169615,48.689196,2063.4920634920636
2022-878813,2022-04-07,2022,167300.0,Appartement,75.0,3.0,54000.0,6.16691,48.688991,2230.6666666666665
2022-878814,2022-04-11,2022,183000.0,Appartement,96.0,4.0,54000.0,6.16204,48.686252,1906.25
2022-878819,2022-04-11,2022,135000.0,Appartement,42.0,1.0,54000.0,6.186682,48.6932,3214.285714285714
2022-878821,2022-04-01,2022,209000.0,Maison,129.0,4.0,54000.0,6.185876,48.705036,1620.15503875969
2022-878830,2022-04-15,2022,249600.0,Appartement,93.0,3.0,54000.0,6.18173,48.694879,2683.8709677419356
2022-878831,2022-04-14,2022,297200.0,Appartement,99.0,6.0,54000.0,6.17424,48.680453,3002.020202020202
2022-878833,2022-04-08,2022,130000.0,Appartement,42.0,2.0,54000.0,6.178336,48.694777,3095.2380952380954
2022-878837,2022-04-01,2022,75400.0,Appartement,28.0,1.0,54000.0,6.188547,48.679046,2692.8571428571427
2022-878839,2022-04-13,2022,119000.0,Appartement,48.0,2.0,54000.0,6.196935,48.694688,2479.1666666666665
2022-878851,2022-04-22,2022,153000.0,Appartement,81.0,4.0,54000.0,6.175249,48.67664,1888.888888888889
2022-878853,2022-04-22,2022,300000.0,Appartement,76.0,3.0,54000.0,6.184393,48.691894,3947.3684210526317
2022-878863,2022-04-21,2022,117000.0,Appartement,48.0,2.0,54000.0,6.165541,48.668105,2437.5
2022-878864,2022-04-19,2022,135000.0,Appartement,62.0,3.0,54000.0,6.171266,48.687012,2177.4193548387098
2022-878880,2022-03-17,2022,85000.0,Appartement,29.0,2.0,54000.0,6.173811,48.67359,2931.0344827586205
2022-878886,2022-03-24,2022,91750.0,Appartement,64.0,3.0,54000.0,6.198025,48.680738,1433.59375
2022-878896,2022-04-21,2022,107700.0,Appartement,46.0,2.0,54000.0,6.171086,48.669837,2341.304347826087
2022-878916,2022-04-14,2022,74000.0,Appartement,35.0,2.0,54000.0,6.16505,48.684012,2114.285714285714
2022-878931,2022-04-22,2022,114000.0,Appartement,52.0,3.0,54000.0,6.151985,48.697876,2192.3076923076924
2022-878946,2022-03-31,2022,344100.0,Maison,86.0,5.0,54000.0,6.16198,48.69587,4001.1627906976746
2022-878953,2022-04-22,2022,460000.0,Maison,187.0,6.0,54000.0,6.150553,48.692988,2459.8930481283423
2022-878957,2022-04-12,2022,71500.0,Appartement,79.0,4.0,54000.0,6.175016,48.701276,905.0632911392405
2022-878958,2022-04-25,2022,186000.0,Appartement,80.0,3.0,54000.0,6.195532,48.694835,2325.0
2022-878959,2022-04-19,2022,167000.0,Appartement,94.0,4.0,54000.0,6.151881,48.691732,1776.595744680851
2022-878971,2022-04-22,2022,109050.0,Appartement,46.0,2.0,54000.0,6.173956,48.684448,2370.6521739130435
2022-878977,2022-04-12,2022,172750.0,Appartement,64.0,3.0,54000.0,6.20129,48.687184,2699.21875
2022-878980,2022-04-21,2022,209000.0,Appartement,85.0,3.0,54000.0,6.173176,48.698312,2458.823529411765
2022-878981,2022-04-21,2022,106950.0,Appartement,44.0,2.0,54000.0,6.170962,48.683254,2430.681818181818
2022-878986,2022-04-15,2022,194790.0,Appartement,69.0,3.0,54000.0,6.16666,48.697112,2823.0434782608695
2022-878988,2022-04-15,2022,257445.0,Appartement,102.0,3.0,54000.0,6.183003,48.690455,2523.970588235294
2022-878997,2022-03-28,2022,85000.0,Appartement,53.0,3.0,54000.0,6.175464,48.67389,1603.7735849056603
2022-879025,2022-04-22,2022,82000.0,Appartement,48.0,3.0,54000.0,6.192302,48.689172,1708.3333333333333
2022-879031,2022-04-21,2022,130000.0,Maison,63.0,4.0,54100.0,6.141686,48.700302,2063.4920634920636
2022-879037,2022-04-08,2022,59000.0,Appartement,23.0,1.0,54000.0,6.167096,48.699082,2565.217391304348
2022-879042,2022-04-21,2022,271000.0,Appartement,83.0,4.0,54000.0,6.199255,48.692269,3265.0602409638554
2022-879057,2022-04-26,2022,147000.0,Appartement,42.0,2.0,54000.0,6.187197,48.685477,3500.0
2022-879092,2022-04-25,2022,180000.0,Appartement,78.0,3.0,54000.0,6.172919,48.693066,2307.6923076923076
2022-879108,2022-04-01,2022,155000.0,Appartement,84.0,3.0,54000.0,6.179884,48.679794,1845.2380952380952
2022-879111,2022-04-02,2022,69500.0,Appartement,42.0,2.0,54000.0,6.198774,48.678259,1654.7619047619048
2022-879115,2022-04-08,2022,28800.0,Appartement,34.0,2.0,54000.0,6.174069,48.700598,847.0588235294117
2022-879119,2022-04-13,2022,231000.0,Maison,108.0,5.0,54000.0,6.19126,48.689364,2138.8888888888887
2022-879122,2022-04-12,2022,88000.0,Appartement,36.0,2.0,54000.0,6.194058,48.678486,2444.4444444444443
2022-879141,2022-04-22,2022,450000.0,Appartement,168.0,6.0,54000.0,6.167997,48.686252,2678.5714285714284
2022-879148,2022-04-19,2022,156500.0,Appartement,77.0,3.0,54000.0,6.179331,48.703253,2032.4675324675325
2022-879152,2022-04-06,2022,89575.0,Appartement,41.0,3.0,54000.0,6.184765,48.681231,2184.756097560976
2022-879158,2022-04-15,2022,60000.0,Appartement,30.0,1.0,54000.0,6.168921,48.683476,2000.0
2022-879162,2022-04-26,2022,145000.0,Appartement,72.0,3.0,54000.0,6.180034,48.687951,2013.888888888889
2022-879164,2022-04-29,2022,67000.0,Appartement,26.0,1.0,54000.0,6.193984,48.686094,2576.923076923077
2022-879170,2022-04-22,2022,502030.0,Maison,110.0,8.0,54000.0,6.147647,48.690599,4563.909090909091
2022-879172,2022-04-28,2022,49770.0,Appartement,23.0,1.0,54000.0,6.163562,48.684432,2163.913043478261
2022-879178,2022-04-27,2022,105000.0,Appartement,46.0,2.0,54000.0,6.192167,48.689133,2282.608695652174
2022-879179,2022-04-25,2022,79000.0,Appartement,30.0,1.0,54000.0,6.183072,48.700453,2633.3333333333335
2022-879190,2022-04-29,2022,88000.0,Appartement,34.0,1.0,54000.0,6.177777,48.701601,2588.235294117647
2022-879197,2022-04-19,2022,145000.0,Appartement,65.0,3.0,54000.0,6.196834,48.675854,2230.769230769231
2022-879200,2022-04-26,2022,210000.0,Appartement,100.0,4.0,54000.0,6.170463,48.670683,2100.0
2022-879201,2022-04-19,2022,70000.0,Appartement,35.0,1.0,54000.0,6.168921,48.683476,2000.0
2022-879215,2022-04-27,2022,400000.0,Appartement,29.0,2.0,54000.0,6.183423,48.692274,13793.103448275862
2022-879218,2022-04-14,2022,347300.0,Appartement,30.0,1.0,54000.0,6.181712,48.70369,11576.666666666666
2022-879225,2022-04-08,2022,250000.0,Appartement,28.0,2.0,54000.0,6.173178,48.684429,8928.57142857143
2022-879231,2022-04-26,2022,184420.0,Appartement,82.0,3.0,54000.0,6.195532,48.694835,2249.0243902439024
2022-879233,2022-04-13,2022,205500.0,Appartement,102.0,3.0,54000.0,6.161693,48.698885,2014.7058823529412
2022-879240,2022-04-04,2022,266600.0,Maison,120.0,4.0,54000.0,6.154264,48.698116,2221.6666666666665
2022-879250,2022-04-15,2022,120000.0,Appartement,48.0,2.0,54000.0,6.194468,48.679796,2500.0
2022-879276,2022-04-28,2022,121600.0,Appartement,42.0,2.0,54000.0,6.187592,48.685158,2895.2380952380954
2022-879284,2022-04-04,2022,137870.0,Appartement,74.0,3.0,54000.0,6.187883,48.699052,1863.1081081081081
2022-879291,2022-04-07,2022,35222.0,Appartement,18.0,1.0,54000.0,6.186764,48.689389,1956.7777777777778
2022-879292,2022-04-21,2022,103700.0,Maison,99.0,3.0,54000.0,6.186125,48.705021,1047.4747474747476
2022-879298,2022-04-22,2022,135000.0,Appartement,100.0,5.0,54000.0,6.179435,48.682157,1350.0
2022-879299,2022-04-15,2022,65200.0,Appartement,17.0,2.0,54000.0,6.183976,48.69044,3835.294117647059
2022-879300,2022-04-08,2022,180000.0,Appartement,35.0,1.0,54000.0,6.19403,48.689843,5142.857142857143
2022-879321,2022-04-21,2022,85000.0,Appartement,61.0,3.0,54000.0,6.161941,48.692737,1393.4426229508197
2022-879337,2022-04-19,2022,83000.0,Appartement,43.0,2.0,54000.0,6.188151,48.6885,1930.2325581395348
2022-879343,2022-04-27,2022,70700.0,Appartement,98.0,4.0,54000.0,6.179713,48.690609,721.4285714285714
2022-879373,2022-04-20,2022,124000.0,Appartement,46.0,2.0,54000.0,6.200865,48.699118,2695.6521739130435
2022-879376,2022-04-29,2022,47500.0,Appartement,14.0,1.0,54000.0,6.163512,48.69617,3392.8571428571427
2022-879390,2022-04-26,2022,65100.0,Appartement,38.0,2.0,54000.0,6.180642,48.68397,1713.157894736842
2022-879400,2022-04-29,2022,168000.0,Maison,95.0,4.0,54000.0,6.20036,48.686774,1768.421052631579
2022-879407,2022-04-12,2022,106000.0,Appartement,86.0,4.0,54000.0,6.187272,48.678672,1232.5581395348838
2022-879413,2022-04-16,2022,67500.0,Appartement,25.0,2.0,54000.0,6.188856,48.68912,2700.0
2022-879414,2022-04-29,2022,269800.0,Appartement,93.0,3.0,54000.0,6.185904,48.690589,2901.0752688172042
2022-879415,2022-04-25,2022,160000.0,Appartement,68.0,3.0,54000.0,6.172437,48.677819,2352.9411764705883
2022-879426,2022-04-15,2022,230000.0,Appartement,85.0,3.0,54000.0,6.182294,48.682493,2705.8823529411766
2022-879440,2022-04-22,2022,726000.0,Maison,221.0,9.0,54000.0,6.164797,48.684641,3285.0678733031673
2022-879455,2022-04-25,2022,312300.0,Appartement,98.0,4.0,54000.0,6.170484,48.688577,3186.734693877551
2022-879457,2022-04-29,2022,223750.0,Appartement,93.0,4.0,54000.0,6.183541,48.688037,2405.9139784946237
2022-879462,2022-04-29,2022,124500.0,Appartement,63.0,3.0,54000.0,6.188876,48.683713,1976.1904761904761
2022-879491,2022-05-02,2022,276500.0,Maison,91.0,3.0,54000.0,6.19007,48.701013,3038.4615384615386
2022-879494,2022-05-04,2022,200000.0,Appartement,82.0,4.0,54000.0,6.169953,48.699279,2439.0243902439024
2022-879509,2022-04-15,2022,50000.0,Appartement,27.0,1.0,54000.0,6.180366,48.692275,1851.851851851852
2022-879516,2022-04-25,2022,99500.0,Appartement,41.0,2.0,54000.0,6.198025,48.680738,2426.829268292683
2022-879522,2022-04-27,2022,162750.0,Appartement,89.0,4.0,54000.0,6.189131,48.690997,1828.6516853932585
2022-879524,2022-04-19,2022,350000.0,Maison,77.0,4.0,54000.0,6.146015,48.693669,4545.454545454545
2022-879529,2022-04-27,2022,123000.0,Appartement,41.0,3.0,54000.0,6.162772,48.682346,3000.0
2022-879532,2022-05-05,2022,150300.0,Appartement,54.0,3.0,54000.0,6.181437,48.694523,2783.3333333333335
2022-879536,2022-04-26,2022,137000.0,Appartement,67.0,3.0,54000.0,6.174004,48.67746,2044.7761194029852
2022-879547,2022-05-06,2022,135500.0,Appartement,39.0,3.0,54000.0,6.191011,48.686293,3474.358974358974
2022-879549,2022-04-22,2022,100000.0,Appartement,45.0,2.0,54000.0,6.190668,48.691989,2222.222222222222
2022-879551,2022-04-26,2022,121000.0,Appartement,43.0,2.0,54000.0,6.16202,48.69615,2813.953488372093
2022-879554,2022-04-29,2022,135375.0,Appartement,89.0,4.0,54000.0,6.172255,48.685894,1521.0674157303372
2022-879556,2022-05-05,2022,95000.0,Appartement,47.0,2.0,54000.0,6.178204,48.702773,2021.276595744681
2022-879568,2022-05-03,2022,30000.0,Appartement,27.0,1.0,54000.0,6.172795,48.683922,1111.111111111111
2022-879573,2022-04-27,2022,104000.0,Appartement,46.0,2.0,54000.0,6.166127,48.700467,2260.8695652173915
2022-879576,2022-04-25,2022,431000.0,Appartement,186.0,6.0,54000.0,6.171211,48.687493,2317.2043010752686
2022-879586,2022-04-28,2022,244000.0,Appartement,100.0,4.0,54000.0,6.182578,48.681871,2440.0
2022-879588,2022-04-29,2022,70000.0,Appartement,81.0,3.0,54000.0,6.185409,48.68003,864.1975308641976
2022-879589,2022-04-25,2022,185250.0,Maison,62.0,3.0,54000.0,6.191284,48.69782,2987.9032258064517
2022-879603,2022-04-29,2022,280000.0,Maison,73.0,3.0,54000.0,6.16956,48.704891,3835.6164383561645
2022-879604,2022-04-29,2022,160000.0,Appartement,85.0,4.0,54000.0,6.177732,48.675335,1882.3529411764705
2022-879607,2022-04-26,2022,283500.0,Appartement,28.0,1.0,54000.0,6.19793,48.689001,10125.0
2022-879608,2022-04-26,2022,282000.0,Maison,76.0,3.0,54000.0,6.153873,48.691345,3710.5263157894738
2022-879612,2022-04-26,2022,272500.0,Appartement,89.0,4.0,54000.0,6.189725,48.692447,3061.7977528089887
2022-879614,2022-04-25,2022,75100.0,Appartement,26.0,1.0,54000.0,6.178241,48.701885,2888.4615384615386
2022-879629,2022-04-27,2022,304000.0,Appartement,98.0,4.0,54000.0,6.166823,48.687286,3102.0408163265306
2022-879631,2022-05-09,2022,60000.0,Appartement,30.0,1.0,54000.0,6.172631,48.685992,2000.0
2022-879638,2022-05-04,2022,142330.0,Appartement,47.0,2.0,54000.0,6.19637,48.698737,3028.2978723404253
2022-879647,2022-04-15,2022,115000.0,Appartement,33.0,2.0,54000.0,6.175464,48.67389,3484.848484848485
2022-879652,2022-05-06,2022,86000.0,Appartement,33.0,2.0,54000.0,6.176154,48.684438,2606.060606060606
2022-879655,2022-04-27,2022,157000.0,Appartement,58.0,3.0,54000.0,6.177569,48.682262,2706.896551724138
2022-879659,2022-04-14,2022,89500.0,Appartement,33.0,1.0,54000.0,6.196248,48.67759,2712.121212121212
2022-879669,2022-04-29,2022,141900.0,Appartement,48.0,2.0,54000.0,6.183023,48.687146,2956.25
2022-879677,2022-04-20,2022,346750.0,Appartement,117.0,4.0,54000.0,6.197383,48.684941,2963.675213675214
2022-879697,2022-05-03,2022,160000.0,Appartement,116.0,5.0,54000.0,6.18833,48.688523,1379.3103448275863
2022-879698,2022-05-04,2022,180000.0,Appartement,81.0,4.0,54000.0,6.169762,48.685592,2222.222222222222
2022-879714,2022-05-05,2022,200000.0,Appartement,109.0,6.0,54000.0,6.170621,48.687339,1834.8623853211009
2022-879719,2022-04-29,2022,155000.0,Appartement,47.0,3.0,54000.0,6.177354,48.677382,3297.872340425532
2022-879724,2022-04-29,2022,180500.0,Appartement,80.0,4.0,54000.0,6.195532,48.694835,2256.25
2022-879737,2022-04-25,2022,120650.0,Appartement,56.0,2.0,54000.0,6.171427,48.701432,2154.464285714286
2022-879739,2022-05-07,2022,208750.0,Maison,80.0,4.0,54000.0,6.147323,48.694827,2609.375
2022-879764,2022-05-05,2022,110000.0,Appartement,65.0,3.0,54000.0,6.17957,48.675973,1692.3076923076924
2022-879770,2022-05-03,2022,270000.0,Maison,160.0,5.0,54000.0,6.148643,48.694635,1687.5
2022-879775,2022-05-10,2022,128960.0,Appartement,64.0,3.0,54000.0,6.180889,48.701934,2015.0
2022-879778,2022-05-11,2022,128500.0,Appartement,75.0,3.0,54000.0,6.187483,48.688335,1713.3333333333333
2022-879780,2022-05-11,2022,36000.0,Appartement,10.0,1.0,54000.0,6.184413,48.689672,3600.0
2022-879787,2022-05-03,2022,55000.0,Appartement,37.0,2.0,54000.0,6.169269,48.682548,1486.4864864864865
2022-879789,2022-05-10,2022,120650.0,Appartement,55.0,2.0,54000.0,6.185276,48.691836,2193.6363636363635
2022-879790,2022-05-10,2022,125000.0,Appartement,62.0,3.0,54000.0,6.165777,48.700006,2016.1290322580646
2022-879800,2022-04-28,2022,75000.0,Appartement,37.0,1.0,54000.0,6.170199,48.693706,2027.027027027027
2022-879807,2022-05-09,2022,212950.0,Appartement,91.0,3.0,54000.0,6.18348,48.68134,2340.1098901098903
2022-879808,2022-04-29,2022,64011.0,Appartement,38.0,1.0,54000.0,6.174757,48.679565,1684.5
2022-879812,2022-05-05,2022,195000.0,Appartement,47.0,3.0,54000.0,6.194123,48.689419,4148.936170212766
2022-879814,2022-04-28,2022,115000.0,Appartement,55.0,3.0,54000.0,6.165138,48.699354,2090.909090909091
2022-879823,2022-05-11,2022,74000.0,Appartement,30.0,1.0,54000.0,6.188572,48.688541,2466.6666666666665
2022-879824,2022-05-11,2022,50000.0,Appartement,26.0,1.0,54000.0,6.193984,48.686094,1923.076923076923
2022-879836,2022-05-09,2022,115100.0,Appartement,60.0,2.0,54000.0,6.197945,48.677852,1918.3333333333333
2022-879843,2022-04-26,2022,46000.0,Appartement,30.0,1.0,54000.0,6.193632,48.689256,1533.3333333333333
2022-879844,2022-05-06,2022,110000.0,Appartement,56.0,3.0,54000.0,6.161941,48.692737,1964.2857142857142
2022-879850,2022-05-02,2022,115300.0,Appartement,67.0,4.0,54000.0,6.158927,48.690216,1720.8955223880596
2022-879852,2022-05-02,2022,80000.0,Appartement,40.0,1.0,54000.0,6.185336,48.683929,2000.0
2022-879853,2022-05-06,2022,151000.0,Appartement,56.0,2.0,54000.0,6.158673,48.689461,2696.4285714285716
2022-879855,2022-05-05,2022,182000.0,Appartement,81.0,3.0,54000.0,6.191114,48.691651,2246.9135802469136
2022-879861,2022-04-27,2022,174300.0,Appartement,61.0,3.0,54000.0,6.173045,48.700581,2857.377049180328
2022-879863,2022-04-29,2022,125000.0,Appartement,86.0,3.0,54000.0,6.180822,48.702355,1453.4883720930231
2022-879870,2022-05-03,2022,314000.0,Appartement,130.0,5.0,54000.0,6.168035,48.686365,2415.3846153846152
2022-879879,2022-05-03,2022,245000.0,Appartement,90.0,3.0,54000.0,6.165695,48.684907,2722.222222222222
2022-879883,2022-04-26,2022,80000.0,Appartement,50.0,2.0,54000.0,6.176945,48.697236,1600.0
2022-879885,2022-04-26,2022,173150.0,Appartement,72.0,3.0,54000.0,6.180034,48.687951,2404.8611111111113
2022-879893,2022-05-10,2022,130000.0,Appartement,59.0,3.0,54000.0,6.177621,48.683558,2203.3898305084745
2022-879894,2022-05-02,2022,178000.0,Maison,74.0,4.0,54100.0,6.13987,48.699985,2405.4054054054054
2022-879896,2022-05-06,2022,90800.0,Appartement,30.0,1.0,54000.0,6.197945,48.677852,3026.6666666666665
2022-879901,2022-05-10,2022,224000.0,Appartement,46.0,2.0,54000.0,6.181036,48.70119,4869.565217391304
2022-879906,2022-05-02,2022,195000.0,Appartement,69.0,3.0,54000.0,6.155424,48.689884,2826.086956521739
2022-879911,2022-05-05,2022,58400.0,Appartement,51.0,3.0,54000.0,6.180553,48.674472,1145.0980392156862
2022-879913,2022-05-06,2022,77000.0,Appartement,37.0,2.0,54000.0,6.17013,48.696585,2081.0810810810813
2022-879920,2022-05-16,2022,226000.0,Appartement,106.0,4.0,54000.0,6.176371,48.705751,2132.0754716981132
2022-879925,2022-04-29,2022,69000.0,Appartement,23.0,1.0,54000.0,6.167096,48.699082,3000.0
2022-879931,2022-04-26,2022,304000.0,Maison,83.0,5.0,54000.0,6.150313,48.697591,3662.6506024096384
2022-879954,2022-05-06,2022,54000.0,Appartement,20.0,1.0,54000.0,6.174534,48.683451,2700.0
2022-879965,2022-05-06,2022,114000.0,Appartement,80.0,4.0,54000.0,6.161363,48.698889,1425.0
2022-879966,2022-05-13,2022,137000.0,Appartement,54.0,2.0,54000.0,6.186826,48.694922,2537.037037037037
2022-879967,2022-05-06,2022,142000.0,Appartement,65.0,3.0,54000.0,6.185584,48.680482,2184.6153846153848
2022-879994,2022-05-05,2022,54500.0,Appartement,26.0,1.0,54000.0,6.163562,48.684432,2096.153846153846
2022-879999,2022-05-16,2022,200000.0,Appartement,89.0,4.0,54000.0,6.16161,48.686691,2247.191011235955
2022-880002,2022-05-18,2022,229000.0,Appartement,70.0,3.0,54000.0,6.168471,48.682054,3271.4285714285716
2022-880015,2022-04-26,2022,77000.0,Appartement,32.0,1.0,54000.0,6.171209,48.68615,2406.25
2022-880019,2022-05-10,2022,58500.0,Appartement,23.0,1.0,54000.0,6.167096,48.699082,2543.478260869565
2022-880032,2022-04-19,2022,78790.0,Appartement,33.0,2.0,54000.0,6.1752,48.683558,2387.5757575757575
2022-880042,2022-05-13,2022,159000.0,Appartement,83.0,4.0,54000.0,6.165777,48.700006,1915.6626506024097
2022-880043,2022-04-20,2022,120000.0,Appartement,77.0,3.0,54000.0,6.170706,48.699474,1558.4415584415585
2022-880064,2022-04-29,2022,285650.0,Maison,98.0,4.0,54000.0,6.148964,48.695171,2914.795918367347
2022-880066,2022-05-16,2022,137070.0,Appartement,49.0,3.0,54000.0,6.159282,48.685817,2797.3469387755104
2022-880078,2022-05-17,2022,90000.0,Appartement,54.0,3.0,54000.0,6.158927,48.690216,1666.6666666666667
2022-880081,2022-05-10,2022,122000.0,Appartement,53.0,3.0,54000.0,6.201619,48.686386,2301.8867924528304
2022-880084,2022-04-28,2022,218500.0,Appartement,109.0,5.0,54000.0,6.160249,48.684336,2004.5871559633028
2022-880086,2022-04-29,2022,171000.0,Maison,70.0,3.0,54000.0,6.188913,48.680319,2442.8571428571427
2022-880090,2022-05-12,2022,93100.0,Appartement,30.0,1.0,54000.0,6.186956,48.687554,3103.3333333333335
2022-880091,2022-05-05,2022,90000.0,Appartement,43.0,2.0,54000.0,6.191755,48.696366,2093.0232558139537
2022-880097,2022-05-16,2022,114200.0,Appartement,51.0,2.0,54000.0,6.197649,48.677356,2239.2156862745096
2022-880111,2022-05-11,2022,100000.0,Appartement,78.0,5.0,54000.0,6.161941,48.692737,1282.051282051282
2022-880122,2022-05-06,2022,300000.0,Appartement,116.0,4.0,54000.0,6.172699,48.682191,2586.206896551724
2022-880124,2022-05-06,2022,100000.0,Appartement,42.0,2.0,54000.0,6.201286,48.698833,2380.9523809523807
2022-880134,2022-05-18,2022,261150.0,Maison,64.0,3.0,54000.0,6.190654,48.692314,4080.46875
2022-880141,2022-05-12,2022,32000.0,Appartement,48.0,3.0,54000.0,6.177569,48.682262,666.6666666666666
2022-880147,2022-04-27,2022,59054.0,Appartement,24.0,1.0,54000.0,6.15794,48.699285,2460.5833333333335
2022-880155,2022-05-09,2022,277150.0,Appartement,91.0,3.0,54000.0,6.163398,48.699431,3045.6043956043954
2022-880158,2022-05-16,2022,108000.0,Maison,50.0,2.0,54000.0,6.166341,48.686316,2160.0
2022-880160,2022-05-12,2022,50000.0,Appartement,38.0,2.0,54000.0,6.163276,48.681302,1315.7894736842106
2022-880167,2022-05-06,2022,113000.0,Appartement,48.0,2.0,54000.0,6.194468,48.679796,2354.1666666666665
2022-880168,2022-05-10,2022,465500.0,Appartement,169.0,5.0,54000.0,6.176521,48.696949,2754.437869822485
2022-880176,2022-05-13,2022,96000.0,Appartement,35.0,2.0,54000.0,6.196614,48.698909,2742.8571428571427
2022-880189,2022-05-06,2022,108700.0,Appartement,54.0,3.0,54000.0,6.175374,48.680113,2012.962962962963
2022-880194,2022-04-25,2022,73885.0,Appartement,34.0,1.0,54000.0,6.194044,48.690495,2173.0882352941176
2022-880205,2022-05-19,2022,58020.0,Appartement,23.0,1.0,54000.0,6.193632,48.689256,2522.608695652174
2022-880208,2022-05-05,2022,114000.0,Appartement,45.0,2.0,54000.0,6.178872,48.698175,2533.3333333333335
2022-880212,2022-05-17,2022,167000.0,Appartement,52.0,2.0,54000.0,6.167939,48.689465,3211.5384615384614
2022-880213,2022-05-12,2022,119900.0,Appartement,98.0,5.0,54000.0,6.20192,48.699095,1223.469387755102
2022-880218,2022-05-10,2022,150000.0,Appartement,81.0,4.0,54000.0,6.189038,48.688517,1851.851851851852
2022-880236,2022-05-13,2022,64000.0,Appartement,32.0,1.0,54000.0,6.162692,48.694747,2000.0
2022-880237,2022-05-09,2022,180500.0,Maison,95.0,5.0,54100.0,6.158613,48.701202,1900.0
2022-880243,2022-05-12,2022,65107.0,Appartement,48.0,2.0,54000.0,6.166158,48.684271,1356.3958333333333
2022-880245,2022-05-09,2022,61850.0,Appartement,40.0,1.0,54000.0,6.150703,48.696011,1546.25
2022-880248,2022-05-09,2022,67000.0,Appartement,33.0,2.0,54000.0,6.168067,48.687121,2030.3030303030303
2022-880251,2022-05-11,2022,173630.0,Appartement,60.0,3.0,54000.0,6.17309,48.696536,2893.8333333333335
2022-880254,2022-05-06,2022,92500.0,Appartement,42.0,2.0,54000.0,6.167442,48.681857,2202.3809523809523
2022-880256,2022-05-13,2022,115000.0,Appartement,50.0,2.0,54000.0,6.170986,48.683736,2300.0
2022-880270,2022-04-29,2022,85500.0,Appartement,32.0,2.0,54000.0,6.165445,48.690435,2671.875
2022-880277,2022-05-19,2022,130000.0,Appartement,74.0,3.0,54000.0,6.17957,48.675973,1756.7567567567567
2022-880278,2022-05-18,2022,76040.0,Appartement,24.0,1.0,54000.0,6.164188,48.69927,3168.3333333333335
2022-880286,2022-04-25,2022,76000.0,Appartement,49.0,2.0,54000.0,6.181182,48.674258,1551.0204081632653
2022-880301,2022-05-18,2022,80000.0,Appartement,76.0,5.0,54000.0,6.18833,48.688523,1052.6315789473683
2022-880311,2022-05-12,2022,250000.0,Maison,90.0,3.0,54000.0,6.169035,48.669481,2777.777777777778
2022-880322,2022-05-12,2022,54200.0,Appartement,33.0,2.0,54000.0,6.177537,48.695021,1642.4242424242425
2022-880323,2022-05-03,2022,450000.0,Maison,182.0,6.0,54000.0,6.141467,48.689533,2472.5274725274726
2022-880335,2022-05-06,2022,105000.0,Appartement,46.0,2.0,54000.0,6.194601,48.680847,2282.608695652174
2022-880337,2022-05-06,2022,109000.0,Appartement,44.0,1.0,54000.0,6.173601,48.682701,2477.2727272727275
2022-880347,2022-05-05,2022,219250.0,Appartement,95.0,4.0,54000.0,6.179904,48.690596,2307.8947368421054
2022-880354,2022-04-29,2022,114500.0,Appartement,55.0,2.0,54000.0,6.180328,48.702983,2081.818181818182
2022-880360,2022-05-23,2022,110759.0,Appartement,88.0,4.0,54000.0,6.172975,48.678043,1258.625
2022-880373,2022-05-19,2022,121400.0,Appartement,47.0,2.0,54000.0,6.191821,48.683608,2582.978723404255
2022-880380,2022-05-19,2022,123500.0,Appartement,48.0,2.0,54000.0,6.163998,48.682543,2572.9166666666665
2022-880385,2022-05-18,2022,100000.0,Appartement,36.0,2.0,54000.0,6.176041,48.672678,2777.777777777778
2022-880392,2022-05-19,2022,151000.0,Appartement,53.0,3.0,54000.0,6.165521,48.691504,2849.056603773585
2022-880411,2022-05-12,2022,101000.0,Appartement,51.0,2.0,54000.0,6.176435,48.674031,1980.3921568627452
2022-880416,2022-05-09,2022,72500.0,Appartement,30.0,1.0,54000.0,6.194044,48.690495,2416.6666666666665
2022-880423,2022-05-17,2022,189000.0,Appartement,71.0,3.0,54000.0,6.183937,48.688082,2661.9718309859154
2022-880432,2022-05-23,2022,136000.0,Appartement,51.0,3.0,54000.0,6.168676,48.682478,2666.6666666666665
2022-880435,2022-05-04,2022,136000.0,Appartement,45.0,3.0,54000.0,6.15853,48.685487,3022.222222222222
2022-880442,2022-05-19,2022,100000.0,Appartement,38.0,2.0,54000.0,6.162688,48.698194,2631.5789473684213
2022-880447,2022-05-06,2022,100800.0,Appartement,61.0,2.0,54000.0,6.179182,48.687711,1652.4590163934427
2022-880462,2022-05-18,2022,59700.0,Appartement,52.0,2.0,54000.0,6.188469,48.687436,1148.076923076923
2022-880479,2022-05-23,2022,73500.0,Appartement,28.0,1.0,54000.0,6.182941,48.687819,2625.0
2022-880480,2022-05-10,2022,70000.0,Appartement,34.0,2.0,54000.0,6.185305,48.685949,2058.823529411765
2022-880482,2022-05-12,2022,90000.0,Appartement,42.0,1.0,54000.0,6.186682,48.6932,2142.8571428571427
2022-880483,2022-05-12,2022,162600.0,Appartement,93.0,5.0,54000.0,6.183595,48.688563,1748.3870967741937
2022-880503,2022-05-03,2022,269000.0,Maison,52.0,3.0,54000.0,6.149439,48.697925,5173.076923076923
2022-880512,2022-05-16,2022,52100.0,Appartement,20.0,1.0,54000.0,6.194026,48.694574,2605.0
2022-880533,2022-05-13,2022,305000.0,Appartement,122.0,5.0,54000.0,6.183755,48.682656,2500.0
2022-880534,2022-05-18,2022,270000.0,Appartement,108.0,5.0,54000.0,6.162667,48.680736,2500.0
2022-880562,2022-05-25,2022,194000.0,Appartement,53.0,2.0,54000.0,6.1835,48.70135,3660.377358490566
2022-880576,2022-05-16,2022,114800.0,Appartement,48.0,2.0,54000.0,6.187423,48.688655,2391.6666666666665
2022-880581,2022-05-23,2022,1024000.0,Maison,93.0,3.0,54000.0,6.170052,48.694928,11010.752688172042
2022-880612,2022-05-04,2022,85000.0,Appartement,31.0,1.0,54000.0,6.172266,48.701981,2741.935483870968
2022-880617,2022-05-18,2022,101000.0,Appartement,26.0,1.0,54000.0,6.177572,48.676831,3884.6153846153848
2022-880637,2022-05-16,2022,80645.0,Appartement,35.0,1.0,54000.0,6.172484,48.690794,2304.1428571428573
2022-880639,2022-05-24,2022,154000.0,Appartement,60.0,3.0,54000.0,6.16818,48.687006,2566.6666666666665
2022-880642,2022-05-18,2022,395000.0,Maison,89.0,6.0,54000.0,6.160194,48.689878,4438.202247191011
2022-880652,2022-05-24,2022,132200.0,Appartement,53.0,3.0,54000.0,6.178928,48.683816,2494.3396226415093
2022-880655,2022-05-24,2022,122500.0,Appartement,72.0,3.0,54000.0,6.180034,48.687951,1701.388888888889
2022-880659,2022-05-25,2022,187700.0,Appartement,68.0,3.0,54000.0,6.180918,48.706308,2760.294117647059
2022-880660,2022-05-17,2022,28550.0,Appartement,19.0,1.0,54000.0,6.202785,48.698228,1502.6315789473683
2022-880661,2022-05-17,2022,180000.0,Appartement,67.0,3.0,54000.0,6.173866,48.682585,2686.5671641791046
2022-880680,2022-05-30,2022,969000.0,Maison,275.0,10.0,54000.0,6.169545,48.70355,3523.6363636363635
2022-880684,2022-05-24,2022,712120.0,Maison,170.0,4.0,54000.0,6.164875,48.685589,4188.941176470588
2022-880707,2022-05-19,2022,156800.0,Appartement,56.0,2.0,54000.0,6.192048,48.696468,2800.0
2022-880709,2022-05-16,2022,90250.0,Appartement,35.0,2.0,54000.0,6.191025,48.687512,2578.5714285714284
2022-880711,2022-05-16,2022,241200.0,Appartement,77.0,4.0,54000.0,6.181586,48.693327,3132.4675324675327
2022-880714,2022-05-17,2022,155000.0,Appartement,99.0,5.0,54000.0,6.175249,48.67664,1565.6565656565656
2022-880723,2022-05-18,2022,410000.0,Appartement,128.0,4.0,54000.0,6.164781,48.674864,3203.125
2022-880725,2022-05-16,2022,127500.0,Appartement,68.0,4.0,54000.0,6.172342,48.687417,1875.0
2022-880734,2022-05-24,2022,80000.0,Appartement,28.0,2.0,54000.0,6.173811,48.67359,2857.1428571428573
2022-880745,2022-05-20,2022,131000.0,Appartement,60.0,3.0,54000.0,6.146602,48.691746,2183.3333333333335
2022-880748,2022-05-23,2022,90000.0,Appartement,35.0,1.0,54000.0,6.19659,48.693185,2571.4285714285716
2022-880749,2022-05-27,2022,121000.0,Appartement,53.0,3.0,54000.0,6.142502,48.693498,2283.0188679245284
2022-880766,2022-05-23,2022,117500.0,Appartement,44.0,2.0,54000.0,,,2670.4545454545455
2022-880767,2022-05-23,2022,591780.0,Maison,200.0,8.0,54000.0,6.145921,48.691389,2958.9
2022-880784,2022-06-01,2022,385000.0,Appartement,68.0,3.0,54000.0,6.196328,48.677262,5661.764705882353
2022-880798,2022-05-23,2022,143500.0,Appartement,69.0,4.0,54000.0,6.181428,48.687036,2079.710144927536
2022-880811,2022-05-25,2022,65000.0,Appartement,16.0,1.0,54000.0,6.17886,48.698484,4062.5
2022-880819,2022-05-10,2022,147275.0,Appartement,59.0,3.0,54000.0,6.177574,48.695744,2496.186440677966
2022-880820,2022-05-12,2022,342000.0,Appartement,83.0,3.0,54000.0,6.187342,48.692741,4120.481927710844
2022-880822,2022-06-01,2022,111150.0,Appartement,40.0,2.0,54000.0,6.196489,48.67866,2778.75
2022-880831,2022-05-30,2022,290000.0,Appartement,97.0,4.0,54000.0,6.196976,48.681397,2989.6907216494847
2022-880836,2022-05-27,2022,201000.0,Appartement,66.0,2.0,54000.0,6.176584,48.69113,3045.4545454545455
2022-880837,2022-05-24,2022,265000.0,Appartement,46.0,3.0,54000.0,6.160139,48.68676,5760.869565217391
2022-880842,2022-05-31,2022,195000.0,Appartement,60.0,3.0,54000.0,6.194057,48.689494,3250.0
2022-880846,2022-05-30,2022,139800.0,Appartement,81.0,4.0,54000.0,6.175249,48.67664,1725.9259259259259
2022-880851,2022-05-23,2022,220000.0,Appartement,113.0,5.0,54000.0,6.170966,48.703542,1946.9026548672566
2022-880856,2022-05-31,2022,75600.0,Appartement,45.0,3.0,54000.0,6.185063,48.686491,1680.0
2022-880864,2022-05-31,2022,113400.0,Appartement,50.0,2.0,54000.0,6.151088,48.697918,2268.0
2022-880865,2022-05-11,2022,130000.0,Appartement,63.0,1.0,54000.0,6.170319,48.689789,2063.4920634920636
2022-880882,2022-05-17,2022,65060.0,Appartement,18.0,1.0,54000.0,6.1734,48.700198,3614.4444444444443
2022-880888,2022-05-30,2022,33000.0,Appartement,36.0,2.0,54000.0,6.168606,48.682827,916.6666666666666
2022-880899,2022-06-01,2022,75000.0,Maison,100.0,4.0,54000.0,6.143819,48.696395,750.0
2022-880904,2022-05-11,2022,152000.0,Appartement,57.0,3.0,54000.0,6.179197,48.695805,2666.6666666666665
2022-880906,2022-05-23,2022,99994.0,Appartement,100.0,4.0,54000.0,6.181427,48.680649,999.94
2022-880917,2022-05-25,2022,61000.0,Appartement,21.0,1.0,54000.0,6.187272,48.678672,2904.7619047619046
2022-880921,2022-05-09,2022,71200.0,Appartement,71.0,5.0,54000.0,6.140382,48.692842,1002.8169014084507
2022-880923,2022-05-18,2022,131100.0,Appartement,50.0,3.0,54000.0,6.177447,48.677241,2622.0
2022-880924,2022-05-17,2022,85900.0,Appartement,36.0,1.0,54000.0,6.19169,48.697319,2386.1111111111113
2022-880931,2022-05-10,2022,161000.0,Appartement,59.0,3.0,54000.0,6.179241,48.675375,2728.813559322034
2022-880939,2022-06-03,2022,373000.0,Maison,113.0,5.0,54000.0,6.18493,48.677534,3300.8849557522126
2022-880943,2022-06-06,2022,55000.0,Appartement,24.0,1.0,54000.0,6.15794,48.699285,2291.6666666666665
2022-880950,2022-05-24,2022,101000.0,Appartement,36.0,2.0,54000.0,6.168921,48.683476,2805.5555555555557
2022-880970,2022-05-09,2022,58500.0,Appartement,23.0,1.0,54000.0,6.198774,48.678259,2543.478260869565
2022-880986,2022-05-31,2022,63500.0,Appartement,57.0,3.0,54000.0,6.161941,48.692737,1114.0350877192982
2022-880995,2022-05-25,2022,92000.0,Appartement,48.0,2.0,54000.0,6.156177,48.696949,1916.6666666666667
2022-881001,2022-06-06,2022,420000.0,Appartement,51.0,2.0,54000.0,6.161991,48.688753,8235.29411764706
2022-881002,2022-05-30,2022,106900.0,Appartement,46.0,2.0,54000.0,6.162355,48.703701,2323.913043478261
2022-881007,2022-06-01,2022,79520.0,Appartement,29.0,2.0,54000.0,6.194044,48.690495,2742.0689655172414
2022-881014,2022-05-23,2022,147500.0,Appartement,85.0,3.0,54000.0,6.175745,48.691,1735.2941176470588
2022-881017,2022-06-01,2022,243500.0,Maison,60.0,3.0,54000.0,6.191663,48.679549,4058.3333333333335
2022-881019,2022-05-24,2022,68000.0,Appartement,39.0,1.0,54000.0,6.194324,48.680277,1743.5897435897436
2022-881030,2022-05-23,2022,163000.0,Appartement,78.0,4.0,54000.0,6.16563,48.667438,2089.74358974359
2022-881047,2022-05-11,2022,250000.0,Maison,67.0,5.0,54000.0,6.139944,48.691192,3731.3432835820895
2022-881049,2022-05-24,2022,212300.0,Appartement,63.0,4.0,54000.0,6.170942,48.690734,3369.84126984127
2022-881052,2022-05-24,2022,119977.0,Appartement,47.0,2.0,54000.0,6.180483,48.694913,2552.7021276595747
2022-881059,2022-06-02,2022,131000.0,Appartement,64.0,3.0,54000.0,6.17137,48.685813,2046.875
2022-881065,2022-06-09,2022,215000.0,Appartement,73.0,3.0,54000.0,6.179533,48.678918,2945.205479452055
2022-881067,2022-06-02,2022,380500.0,Appartement,120.0,3.0,54000.0,6.181547,48.691391,3170.8333333333335
2022-881068,2022-06-03,2022,110000.0,Appartement,37.0,2.0,54000.0,6.178341,48.682234,2972.972972972973
2022-881069,2022-06-08,2022,252700.0,Appartement,94.0,4.0,54000.0,6.16284,48.683322,2688.2978723404253
2022-881085,2022-05-16,2022,95000.0,Appartement,17.0,1.0,54000.0,6.171948,48.682526,5588.235294117647
2022-881087,2022-05-20,2022,96500.0,Appartement,40.0,2.0,54000.0,6.159825,48.686656,2412.5
2022-881096,2022-05-31,2022,197000.0,Appartement,72.0,3.0,54000.0,6.158124,48.686045,2736.1111111111113
2022-881103,2022-06-07,2022,150950.0,Appartement,89.0,4.0,54000.0,6.190472,48.692766,1696.0674157303372
2022-881109,2022-05-12,2022,660250.0,Maison,173.0,5.0,54000.0,6.19009,48.688012,3816.473988439306
2022-881121,2022-05-31,2022,152200.0,Appartement,72.0,3.0,54000.0,6.160346,48.687713,2113.8888888888887
2022-881129,2022-05-19,2022,90500.0,Appartement,40.0,2.0,54000.0,6.179518,48.700557,2262.5
2022-881131,2022-06-01,2022,96000.0,Appartement,66.0,4.0,54000.0,6.161941,48.692737,1454.5454545454545
2022-881133,2022-06-03,2022,107850.0,Appartement,48.0,2.0,54000.0,6.194044,48.690495,2246.875
2022-881140,2022-05-24,2022,261700.0,Appartement,100.0,4.0,54000.0,6.190184,48.688655,2617.0
2022-881146,2022-05-25,2022,115317.0,Appartement,72.0,5.0,54000.0,6.138649,48.691662,1601.625
2022-881153,2022-06-09,2022,96500.0,Appartement,25.0,2.0,54000.0,6.171264,48.686087,3860.0
2022-881156,2022-05-14,2022,293000.0,Appartement,107.0,5.0,54000.0,6.158347,48.685678,2738.3177570093458
2022-881190,2022-06-01,2022,150000.0,Appartement,22.0,1.0,54000.0,6.181493,48.694575,6818.181818181818
2022-881202,2022-06-08,2022,52250.0,Appartement,20.0,1.0,54000.0,6.164815,48.686821,2612.5
2022-881204,2022-05-25,2022,1027000.0,Maison,266.0,6.0,54000.0,6.15999,48.695571,3860.902255639098
2022-881214,2022-06-01,2022,125000.0,Maison,66.0,3.0,54100.0,6.15674,48.704484,1893.939393939394
2022-881215,2022-06-02,2022,110000.0,Appartement,60.0,4.0,54000.0,6.174687,48.680145,1833.3333333333333
2022-881216,2022-05-24,2022,60050.0,Appartement,25.0,1.0,54000.0,6.185464,48.681255,2402.0
2022-881221,2022-05-27,2022,85725.0,Appartement,29.0,1.0,54000.0,6.177676,48.695509,2956.0344827586205
2022-881225,2022-06-07,2022,110000.0,Appartement,49.0,2.0,54000.0,6.201619,48.686386,2244.8979591836733
2022-881231,2022-06-10,2022,145000.0,Maison,75.0,4.0,54000.0,6.178749,48.705692,1933.3333333333333
2022-881241,2022-05-31,2022,163250.0,Appartement,73.0,3.0,54000.0,6.160346,48.687713,2236.301369863014
2022-881243,2022-05-30,2022,293000.0,Appartement,28.0,1.0,54000.0,6.174521,48.702165,10464.285714285714
2022-881250,2022-06-10,2022,196700.0,Appartement,80.0,3.0,54000.0,6.167687,48.6985,2458.75
2022-881252,2022-06-02,2022,210000.0,Appartement,96.0,3.0,54000.0,6.17702,48.70047,2187.5
2022-881257,2022-06-06,2022,67000.0,Appartement,34.0,2.0,54000.0,6.174069,48.700598,1970.5882352941176
2022-881258,2022-06-10,2022,334950.0,Maison,65.0,3.0,54000.0,6.191853,48.698909,5153.076923076923
2022-881273,2022-05-31,2022,90000.0,Appartement,39.0,2.0,54000.0,6.179124,48.684141,2307.6923076923076
2022-881290,2022-05-24,2022,148050.0,Appartement,91.0,5.0,54000.0,6.183569,48.678006,1626.923076923077
2022-881294,2022-05-24,2022,165000.0,Appartement,87.0,4.0,54000.0,6.162029,48.682043,1896.551724137931
2022-881297,2022-05-24,2022,210000.0,Maison,105.0,5.0,54000.0,6.14901,48.691186,2000.0
2022-881301,2022-05-30,2022,78000.0,Appartement,52.0,2.0,54000.0,6.185409,48.68003,1500.0
2022-881305,2022-05-17,2022,65000.0,Appartement,25.0,1.0,54000.0,6.15914,48.696664,2600.0
2022-881317,2022-05-20,2022,81500.0,Appartement,50.0,2.0,54000.0,6.162683,48.698968,1630.0
2022-881320,2022-05-31,2022,110500.0,Appartement,50.0,3.0,54000.0,6.162185,48.681856,2210.0
2022-881321,2022-05-19,2022,199500.0,Appartement,74.0,4.0,54000.0,6.190543,48.691203,2695.945945945946
2022-881333,2022-05-30,2022,100000.0,Appartement,96.0,3.0,54000.0,6.171472,48.687154,1041.6666666666667
2022-881338,2022-06-09,2022,100000.0,Appartement,79.0,3.0,54000.0,6.16691,48.688991,1265.8227848101267
2022-881343,2022-06-13,2022,57350.0,Appartement,52.0,3.0,54000.0,6.188469,48.687436,1102.8846153846155
2022-881344,2022-05-30,2022,74333.0,Appartement,83.0,3.0,54000.0,6.170176,48.689703,895.5783132530121
2022-881349,2022-06-01,2022,147500.0,Appartement,64.0,3.0,54000.0,6.17137,48.685813,2304.6875
2022-881356,2022-05-18,2022,117000.0,Appartement,72.0,3.0,54000.0,6.180034,48.687951,1625.0
2022-881372,2022-06-07,2022,120000.0,Appartement,52.0,2.0,54000.0,6.187272,48.678672,2307.6923076923076
2022-881374,2022-06-01,2022,145800.0,Appartement,30.0,1.0,54000.0,6.17031,48.691192,4860.0
2022-881375,2022-05-30,2022,347000.0,Maison,76.0,4.0,54000.0,6.174234,48.705274,4565.789473684211
2022-881390,2022-05-31,2022,214400.0,Appartement,80.0,3.0,54000.0,6.177835,48.698249,2680.0
2022-881405,2022-05-30,2022,350000.0,Maison,80.0,4.0,54000.0,6.173541,48.679846,4375.0
2022-881412,2022-05-25,2022,185000.0,Appartement,141.0,5.0,54000.0,6.156428,48.697701,1312.0567375886526
2022-881434,2022-06-09,2022,97200.0,Appartement,20.0,1.0,54000.0,6.180512,48.682182,4860.0
2022-881448,2022-06-13,2022,62945.0,Appartement,20.0,1.0,54000.0,6.169895,48.687621,3147.25
2022-881456,2022-06-02,2022,42300.0,Appartement,16.0,1.0,54000.0,6.172653,48.684211,2643.75
2022-881469,2022-06-15,2022,234000.0,Appartement,121.0,5.0,54000.0,6.175199,48.699365,1933.8842975206612
2022-881499,2022-06-17,2022,223250.0,Appartement,100.0,5.0,54000.0,6.16827,48.683675,2232.5
2022-881510,2022-06-14,2022,114000.0,Appartement,43.0,2.0,54000.0,6.190151,48.686951,2651.1627906976746
2022-881515,2022-06-03,2022,323000.0,Maison,89.0,4.0,54000.0,6.19788,48.688852,3629.2134831460676
2022-881520,2022-05-16,2022,98300.0,Appartement,34.0,2.0,54000.0,6.177574,48.695744,2891.176470588235
2022-881523,2022-06-13,2022,58500.0,Appartement,25.0,1.0,54000.0,6.196215,48.683799,2340.0
2022-881534,2022-06-10,2022,260000.0,Maison,81.0,5.0,54000.0,6.144426,48.696874,3209.8765432098767
2022-881536,2022-06-09,2022,230000.0,Maison,134.0,6.0,54000.0,6.191529,48.698981,1716.4179104477612
2022-881537,2022-06-03,2022,70000.0,Appartement,54.0,2.0,54000.0,6.158673,48.689461,1296.2962962962963
2022-881540,2022-05-23,2022,184500.0,Appartement,76.0,3.0,54000.0,6.1623,48.699032,2427.6315789473683
2022-881577,2022-06-14,2022,40000.0,Appartement,47.0,2.0,54000.0,6.179727,48.683306,851.063829787234
2022-881579,2022-06-13,2022,128000.0,Appartement,51.0,2.0,54000.0,6.181844,48.683225,2509.8039215686276
2022-881594,2022-06-09,2022,176500.0,Appartement,88.0,3.0,54000.0,6.186975,48.687846,2005.6818181818182
2022-881601,2022-05-31,2022,128000.0,Appartement,49.0,1.0,54000.0,6.161798,48.688126,2612.2448979591836
2022-881607,2022-06-16,2022,83400.0,Appartement,36.0,1.0,54000.0,6.176513,48.701836,2316.6666666666665
2022-881611,2022-06-14,2022,300000.0,Appartement,103.0,4.0,54000.0,6.177873,48.6806,2912.621359223301
2022-881616,2022-06-20,2022,120500.0,Appartement,54.0,3.0,54000.0,6.181428,48.687036,2231.4814814814813
2022-881624,2022-06-15,2022,105000.0,Appartement,47.0,3.0,54000.0,6.166341,48.686316,2234.0425531914893
2022-881634,2022-06-15,2022,60000.0,Appartement,18.0,1.0,54000.0,6.1734,48.700198,3333.3333333333335
2022-881636,2022-05-24,2022,132000.0,Appartement,71.0,3.0,54000.0,6.169976,48.686685,1859.1549295774648
2022-881639,2022-06-08,2022,54500.0,Appartement,15.0,1.0,54000.0,6.164349,48.681568,3633.3333333333335
2022-881640,2022-06-13,2022,98000.0,Appartement,66.0,4.0,54000.0,6.161941,48.692737,1484.8484848484848
2022-881646,2022-06-16,2022,108270.0,Appartement,42.0,2.0,54000.0,6.185559,48.690461,2577.8571428571427
2022-881648,2022-06-17,2022,400000.0,Appartement,185.0,6.0,54000.0,6.192696,48.682833,2162.162162162162
2022-881655,2022-06-14,2022,304000.0,Maison,109.0,4.0,54000.0,6.14877,48.692427,2788.9908256880735
2022-881656,2022-06-15,2022,194000.0,Appartement,94.0,3.0,54000.0,6.181209,48.693267,2063.8297872340427
2022-881666,2022-06-15,2022,147400.0,Appartement,52.0,2.0,54000.0,6.185145,48.686606,2834.6153846153848
2022-881673,2022-05-17,2022,120095.0,Appartement,90.0,5.0,54000.0,6.166683,48.697584,1334.388888888889
2022-881675,2022-06-09,2022,79200.0,Appartement,43.0,2.0,54000.0,6.173666,48.701522,1841.860465116279
2022-881693,2022-06-20,2022,208000.0,Appartement,100.0,4.0,54000.0,6.170463,48.670683,2080.0
2022-881704,2022-06-14,2022,80000.0,Appartement,27.0,1.0,54000.0,6.194359,48.678263,2962.962962962963
2022-881726,2022-06-10,2022,164500.0,Appartement,79.0,4.0,54000.0,6.191118,48.699752,2082.278481012658
2022-881729,2022-05-31,2022,350000.0,Appartement,53.0,2.0,54000.0,6.177281,48.706518,6603.773584905661
2022-881731,2022-06-20,2022,179550.0,Appartement,84.0,4.0,54000.0,6.166523,48.698223,2137.5
2022-881734,2022-06-17,2022,114000.0,Appartement,46.0,2.0,54000.0,6.173162,48.701653,2478.2608695652175
2022-881738,2022-06-17,2022,154500.0,Appartement,52.0,2.0,54000.0,6.190272,48.699413,2971.153846153846
2022-881778,2022-06-01,2022,58000.0,Appartement,49.0,2.0,54000.0,6.180158,48.693081,1183.6734693877552
2022-881780,2022-06-03,2022,210000.0,Appartement,120.0,4.0,54000.0,6.18833,48.688523,1750.0
2022-881794,2022-06-02,2022,100000.0,Appartement,48.0,2.0,54000.0,6.165777,48.700006,2083.3333333333335
2022-881798,2022-06-07,2022,118000.0,Appartement,55.0,2.0,54000.0,6.165347,48.678144,2145.4545454545455
2022-881810,2022-06-01,2022,93000.0,Appartement,42.0,2.0,54000.0,6.187272,48.678672,2214.285714285714
2022-881829,2022-06-15,2022,137800.0,Appartement,51.0,2.0,54000.0,6.184288,48.692551,2701.9607843137255
2022-881831,2022-06-08,2022,95000.0,Appartement,47.0,2.0,54000.0,6.185409,48.68003,2021.276595744681
2022-881837,2022-05-23,2022,140000.0,Maison,93.0,4.0,54000.0,6.196772,48.688677,1505.3763440860216
2022-881850,2022-06-15,2022,112000.0,Appartement,73.0,4.0,54000.0,6.138771,48.692841,1534.2465753424658
2022-881856,2022-06-20,2022,295000.0,Maison,49.0,3.0,54000.0,6.158653,48.691848,6020.408163265306
2022-881859,2022-06-10,2022,174025.0,Appartement,102.0,5.0,54000.0,6.161745,48.688387,1706.1274509803923
2022-881869,2022-06-14,2022,271050.0,Appartement,107.0,4.0,54000.0,6.191489,48.698577,2533.177570093458
2022-881873,2022-06-10,2022,97000.0,Appartement,54.0,3.0,54000.0,6.170505,48.697454,1796.2962962962963
2022-881875,2022-06-02,2022,65000.0,Appartement,30.0,2.0,54000.0,6.194044,48.690495,2166.6666666666665
2022-881880,2022-06-16,2022,114000.0,Appartement,63.0,3.0,54000.0,6.187362,48.682157,1809.5238095238096
2022-881884,2022-06-15,2022,40000.0,Appartement,37.0,1.0,54000.0,6.187483,48.688335,1081.081081081081
2022-881897,2022-06-15,2022,54000.0,Appartement,18.0,1.0,54000.0,6.179269,48.689175,3000.0
2022-881899,2022-06-08,2022,65100.0,Appartement,62.0,4.0,54000.0,6.140382,48.692842,1050.0
2022-881908,2022-06-07,2022,143200.0,Appartement,78.0,5.0,54000.0,6.184535,48.676275,1835.8974358974358
2022-881915,2022-06-23,2022,90000.0,Appartement,58.0,4.0,54000.0,6.164815,48.686821,1551.7241379310344
2022-881920,2022-06-10,2022,185000.0,Appartement,100.0,4.0,54000.0,6.185652,48.685102,1850.0
2022-881922,2022-05-30,2022,95650.0,Appartement,53.0,2.0,54000.0,6.18762,48.680442,1804.7169811320755
2022-881923,2022-06-10,2022,59000.0,Appartement,73.0,4.0,54000.0,6.138771,48.692841,808.2191780821918
2022-881925,2022-06-21,2022,104000.0,Appartement,61.0,4.0,54000.0,6.163712,48.676248,1704.9180327868853
2022-881928,2022-05-25,2022,120500.0,Appartement,59.0,3.0,54000.0,6.17562,48.702957,2042.3728813559321
2022-881929,2022-06-01,2022,120000.0,Appartement,45.0,2.0,54000.0,6.179705,48.701627,2666.6666666666665
2022-881930,2022-06-17,2022,335000.0,Maison,76.0,4.0,54000.0,6.169097,48.693371,4407.894736842105
2022-881939,2022-06-15,2022,151000.0,Appartement,57.0,2.0,54000.0,6.178607,48.701105,2649.122807017544
2022-881940,2022-06-10,2022,130400.0,Appartement,59.0,3.0,54000.0,6.181428,48.687036,2210.169491525424
2022-881942,2022-05-30,2022,66600.0,Appartement,23.0,1.0,54000.0,6.185508,48.688706,2895.6521739130435
2022-881943,2022-06-15,2022,795250.0,Appartement,100.0,4.0,54000.0,6.16621,48.686529,7952.5
2022-881944,2022-06-16,2022,147250.0,Appartement,37.0,1.0,54000.0,6.160334,48.698562,3979.7297297297296
2022-881949,2022-06-15,2022,97500.0,Appartement,39.0,2.0,54000.0,6.178204,48.698112,2500.0
2022-881955,2022-06-20,2022,300000.0,Appartement,113.0,5.0,54000.0,6.168243,48.697225,2654.8672566371683
2022-881975,2022-06-09,2022,81000.0,Appartement,17.0,1.0,54000.0,6.174178,48.680069,4764.705882352941
2022-882001,2022-06-24,2022,175700.0,Appartement,55.0,2.0,54000.0,6.166823,48.687286,3194.5454545454545
2022-882013,2022-06-20,2022,98000.0,Appartement,41.0,2.0,54000.0,6.15794,48.699285,2390.243902439024
2022-882014,2022-06-03,2022,345000.0,Appartement,127.0,5.0,54000.0,6.172012,48.692057,2716.535433070866
2022-882018,2022-06-02,2022,257500.0,Appartement,63.0,2.0,54000.0,6.155791,48.698536,4087.3015873015875
2022-882043,2022-06-20,2022,280250.0,Appartement,97.0,3.0,54000.0,6.167939,48.689465,2889.175257731959
2022-882072,2022-06-01,2022,130000.0,Appartement,69.0,3.0,54000.0,6.176871,48.684967,1884.0579710144928
2022-882078,2022-06-20,2022,78580.0,Appartement,24.0,2.0,54000.0,6.171154,48.703585,3274.1666666666665
2022-882079,2022-06-10,2022,99000.0,Appartement,83.0,4.0,54000.0,6.165719,48.674499,1192.7710843373493
2022-882085,2022-06-22,2022,225000.0,Maison,120.0,5.0,54000.0,6.189421,48.683487,1875.0
2022-882115,2022-06-10,2022,385000.0,Appartement,125.0,5.0,54000.0,6.199472,48.697966,3080.0
2022-882120,2022-06-22,2022,182000.0,Appartement,65.0,3.0,54000.0,6.163147,48.697664,2800.0
2022-882122,2022-06-24,2022,220000.0,Appartement,147.0,5.0,54000.0,6.185059,48.689797,1496.5986394557824
2022-882127,2022-06-03,2022,187000.0,Appartement,86.0,4.0,54000.0,6.180034,48.687951,2174.4186046511627
2022-882130,2022-06-10,2022,146750.0,Appartement,80.0,4.0,54000.0,6.170787,48.691,1834.375
2022-882137,2022-06-23,2022,95000.0,Appartement,37.0,2.0,54000.0,6.187842,48.694667,2567.5675675675675
2022-882138,2022-06-24,2022,118800.0,Appartement,51.0,1.0,54000.0,6.17856,48.694203,2329.4117647058824
2022-882160,2022-06-21,2022,74000.0,Appartement,25.0,1.0,54000.0,6.172368,48.699807,2960.0
2022-882163,2022-06-01,2022,585000.0,Appartement,230.0,8.0,54000.0,6.17411,48.698588,2543.478260869565
2022-882166,2022-06-21,2022,205000.0,Appartement,86.0,2.0,54000.0,6.176221,48.705747,2383.720930232558
2022-882176,2022-06-22,2022,77400.0,Appartement,43.0,2.0,54000.0,6.145376,48.692202,1800.0
2022-882181,2022-06-07,2022,144400.0,Appartement,65.0,3.0,54000.0,6.169258,48.684704,2221.5384615384614
2022-882196,2022-06-24,2022,113300.0,Appartement,50.0,3.0,54000.0,6.190375,48.688311,2266.0
2022-882200,2022-06-22,2022,250000.0,Appartement,97.0,4.0,54000.0,6.178184,48.680036,2577.319587628866
2022-882213,2022-06-21,2022,109500.0,Appartement,48.0,2.0,54000.0,6.181428,48.687036,2281.25
2022-882214,2022-06-26,2022,1570000.0,Appartement,165.0,4.0,54000.0,6.180524,48.676101,9515.151515151516
2022-882222,2022-06-22,2022,86000.0,Appartement,38.0,2.0,54000.0,6.172866,48.686997,2263.157894736842
2022-882235,2022-06-27,2022,136000.0,Appartement,61.0,1.0,54000.0,6.183744,48.687596,2229.5081967213114
2022-882237,2022-06-27,2022,205200.0,Appartement,83.0,4.0,54000.0,6.175638,48.675925,2472.289156626506
2022-882248,2022-06-28,2022,495500.0,Maison,150.0,7.0,54000.0,6.174183,48.674762,3303.3333333333335
2022-882274,2022-06-22,2022,99000.0,Appartement,83.0,4.0,54000.0,6.165719,48.674499,1192.7710843373493
2022-882276,2022-06-03,2022,80000.0,Appartement,48.0,2.0,54000.0,6.166422,48.684416,1666.6666666666667
2022-882280,2022-06-28,2022,171500.0,Appartement,82.0,3.0,54000.0,6.170936,48.690024,2091.4634146341464
2022-882285,2022-06-17,2022,50000.0,Appartement,48.0,2.0,54000.0,6.194324,48.680277,1041.6666666666667
2022-882286,2022-06-16,2022,87000.0,Appartement,39.0,1.0,54000.0,6.18871,48.691919,2230.769230769231
2022-882290,2022-07-01,2022,129000.0,Appartement,63.0,3.0,54000.0,6.167451,48.674262,2047.6190476190477
2022-882306,2022-06-07,2022,176000.0,Appartement,75.0,3.0,54000.0,6.184765,48.681231,2346.6666666666665
2022-882327,2022-06-20,2022,66900.0,Appartement,24.0,1.0,54000.0,6.177102,48.692005,2787.5
2022-882331,2022-06-24,2022,978250.0,Maison,258.0,7.0,54000.0,6.182403,48.679106,3791.6666666666665
2022-882343,2022-06-14,2022,119680.0,Appartement,49.0,2.0,54000.0,6.20129,48.687184,2442.4489795918366
2022-882344,2022-06-24,2022,69000.0,Appartement,35.0,1.0,54000.0,6.168921,48.683476,1971.4285714285713
2022-882347,2022-07-01,2022,59000.0,Appartement,23.0,1.0,54000.0,6.179862,48.689549,2565.217391304348
2022-882349,2022-07-04,2022,62000.0,Appartement,22.0,1.0,54000.0,6.179862,48.689549,2818.181818181818
2022-882352,2022-07-01,2022,112000.0,Appartement,43.0,2.0,54000.0,6.173666,48.701522,2604.6511627906975
2022-882354,2022-07-01,2022,159000.0,Appartement,73.0,3.0,54000.0,6.186378,48.691554,2178.082191780822
2022-882356,2022-05-31,2022,65000.0,Appartement,25.0,1.0,54000.0,,,2600.0
2022-882359,2022-06-17,2022,163000.0,Appartement,74.0,3.0,54000.0,6.179972,48.682898,2202.7027027027025
2022-882362,2022-06-30,2022,76000.0,Appartement,37.0,1.0,54000.0,6.189526,48.703442,2054.054054054054
2022-882363,2022-06-15,2022,321800.0,Appartement,110.0,4.0,54000.0,6.174979,48.683845,2925.4545454545455
2022-882365,2022-06-20,2022,130000.0,Appartement,105.0,4.0,54000.0,6.179182,48.687711,1238.095238095238
2022-882366,2022-06-20,2022,226000.0,Appartement,68.0,4.0,54000.0,6.191479,48.691906,3323.529411764706
2022-882373,2022-06-29,2022,100000.0,Appartement,36.0,1.0,54000.0,6.178184,48.680036,2777.777777777778
2022-882376,2022-06-23,2022,125000.0,Appartement,54.0,2.0,54000.0,6.180088,48.684257,2314.814814814815
2022-882377,2022-06-16,2022,123500.0,Appartement,78.0,4.0,54000.0,6.165953,48.667969,1583.3333333333333
2022-882396,2022-06-27,2022,65000.0,Appartement,31.0,1.0,54000.0,6.177777,48.701601,2096.7741935483873
2022-882400,2022-06-30,2022,615000.0,Appartement,220.0,7.0,54000.0,6.162034,48.687398,2795.4545454545455
2022-882402,2022-06-28,2022,67000.0,Appartement,76.0,5.0,54100.0,,,881.578947368421
2022-882404,2022-06-29,2022,230720.0,Appartement,54.0,2.0,54000.0,6.182778,48.700211,4272.592592592592
2022-882409,2022-06-30,2022,99970.0,Appartement,30.0,1.0,54000.0,6.188795,48.690016,3332.3333333333335
2022-882415,2022-06-24,2022,100000.0,Appartement,46.0,2.0,54000.0,6.180776,48.683228,2173.913043478261
2022-882466,2022-06-24,2022,96500.0,Appartement,41.0,2.0,54000.0,6.168372,48.68608,2353.6585365853657
2022-882467,2022-06-24,2022,78000.0,Appartement,30.0,1.0,54000.0,6.172631,48.685992,2600.0
2022-882468,2022-06-23,2022,228000.0,Maison,80.0,4.0,54000.0,6.195682,48.685104,2850.0
2022-882480,2022-06-29,2022,274500.0,Appartement,98.0,4.0,54000.0,6.18548,48.679739,2801.0204081632655
2022-882482,2022-06-29,2022,300960.0,Appartement,180.0,4.0,54000.0,6.180158,48.693081,1672.0
2022-882491,2022-06-08,2022,92000.0,Appartement,54.0,2.0,54000.0,6.198025,48.680738,1703.7037037037037
2022-882496,2022-06-27,2022,67500.0,Appartement,30.0,2.0,54000.0,6.174271,48.684607,2250.0
2022-882497,2022-06-13,2022,172000.0,Appartement,30.0,1.0,54000.0,6.164466,48.699136,5733.333333333333
2022-882498,2022-06-13,2022,90000.0,Appartement,33.0,2.0,54000.0,6.194359,48.678263,2727.2727272727275
2022-882501,2022-06-14,2022,83075.0,Appartement,58.0,2.0,54000.0,6.172255,48.685894,1432.3275862068965
2022-882517,2022-06-24,2022,280000.0,Appartement,123.0,4.0,54000.0,6.187234,48.69162,2276.4227642276423
2022-882522,2022-06-27,2022,118750.0,Appartement,78.0,4.0,54000.0,6.161941,48.692737,1522.4358974358975
2022-882524,2022-06-20,2022,56600.0,Appartement,14.0,1.0,54000.0,6.166306,48.692615,4042.8571428571427
2022-882525,2022-07-01,2022,66000.0,Appartement,32.0,1.0,54000.0,6.194044,48.690495,2062.5
2022-882526,2022-06-24,2022,138000.0,Appartement,55.0,3.0,54000.0,6.177505,48.692311,2509.090909090909
2022-882547,2022-06-24,2022,225000.0,Appartement,75.0,3.0,54000.0,6.162244,48.686619,3000.0
2022-882556,2022-06-24,2022,135500.0,Appartement,64.0,3.0,54000.0,6.198774,48.678259,2117.1875
2022-882557,2022-05-31,2022,337150.0,Appartement,126.0,5.0,54000.0,6.173187,48.680719,2675.7936507936506
2022-882561,2022-06-27,2022,125000.0,Appartement,47.0,2.0,54000.0,6.181319,48.695566,2659.574468085106
2022-882587,2022-06-30,2022,400000.0,Appartement,168.0,4.0,54000.0,6.172674,48.699542,2380.9523809523807
2022-882604,2022-06-30,2022,128000.0,Appartement,78.0,3.0,54000.0,6.16691,48.688991,1641.025641025641
2022-882609,2022-06-24,2022,281500.0,Appartement,114.0,2.0,54000.0,6.184157,48.687085,2469.2982456140353
2022-882634,2022-07-05,2022,350000.0,Appartement,35.0,2.0,54000.0,6.15732,48.690944,10000.0
2022-882663,2022-07-07,2022,127000.0,Appartement,60.0,3.0,54000.0,6.194855,48.68812,2116.6666666666665
2022-882670,2022-06-07,2022,280300.0,Appartement,106.0,4.0,54000.0,6.160323,48.689667,2644.3396226415093
2022-882679,2022-06-14,2022,144000.0,Appartement,75.0,4.0,54000.0,6.150703,48.696011,1920.0
2022-882682,2022-06-23,2022,103000.0,Appartement,69.0,2.0,54000.0,6.156722,48.698774,1492.7536231884058
2022-882694,2022-06-22,2022,85000.0,Appartement,102.0,4.0,54000.0,6.173986,48.688168,833.3333333333334
2022-882695,2022-06-20,2022,54500.0,Appartement,13.0,1.0,54000.0,6.171671,48.686967,4192.307692307692
2022-882699,2022-06-28,2022,68000.0,Appartement,38.0,1.0,54000.0,6.173162,48.701653,1789.4736842105262
2022-882708,2022-06-30,2022,117000.0,Appartement,67.0,3.0,54000.0,6.178114,48.689073,1746.2686567164178
2022-882710,2022-06-29,2022,245000.0,Maison,60.0,4.0,54000.0,6.155703,48.697896,4083.3333333333335
2022-882728,2022-07-05,2022,52470.0,Appartement,20.0,1.0,54000.0,6.174423,48.694251,2623.5
2022-882733,2022-06-21,2022,83850.0,Appartement,30.0,1.0,54000.0,6.172842,48.685197,2795.0
2022-882747,2022-06-30,2022,221000.0,Appartement,84.0,4.0,54000.0,6.170383,48.686621,2630.9523809523807
2022-882762,2022-06-14,2022,196470.0,Appartement,75.0,3.0,54000.0,6.183375,48.691456,2619.6
2022-882773,2022-07-05,2022,66245.0,Appartement,36.0,1.0,54000.0,6.174757,48.679565,1840.138888888889
2022-882779,2022-07-04,2022,75650.0,Appartement,27.0,1.0,54000.0,6.146591,48.696397,2801.8518518518517
2022-882781,2022-06-29,2022,96655.0,Appartement,32.0,1.0,54000.0,6.187498,48.684437,3020.46875
2022-882783,2022-07-01,2022,176650.0,Appartement,95.0,2.0,54000.0,6.182294,48.682493,1859.4736842105262
2022-882792,2022-06-22,2022,266000.0,Appartement,96.0,5.0,54000.0,6.184105,48.67776,2770.8333333333335
2022-882793,2022-07-07,2022,110200.0,Appartement,34.0,1.0,54000.0,6.191025,48.687512,3241.176470588235
2022-882802,2022-06-28,2022,110000.0,Appartement,53.0,2.0,54000.0,6.170922,48.698058,2075.4716981132074
2022-882804,2022-06-29,2022,50100.0,Appartement,20.0,1.0,54000.0,6.180512,48.682182,2505.0
2022-882809,2022-06-29,2022,180000.0,Appartement,66.0,3.0,54000.0,6.19289,48.689409,2727.2727272727275
2022-882810,2022-06-24,2022,120000.0,Appartement,65.0,3.0,54000.0,6.164752,48.683513,1846.1538461538462
2022-882812,2022-06-30,2022,93000.0,Appartement,43.0,2.0,54000.0,6.181179,48.691049,2162.7906976744184
2022-882826,2022-06-17,2022,88750.0,Maison,139.0,5.0,54000.0,6.146401,48.696306,638.4892086330935
2022-882832,2022-06-30,2022,300000.0,Appartement,38.0,2.0,54000.0,6.153803,48.697799,7894.736842105263
2022-882835,2022-06-28,2022,127500.0,Appartement,55.0,2.0,54000.0,6.178379,48.701854,2318.181818181818
2022-882838,2022-07-06,2022,133000.0,Appartement,15.0,1.0,54000.0,6.174069,48.700598,8866.666666666666
2022-882848,2022-06-14,2022,78579.0,Appartement,50.0,2.0,54000.0,6.197965,48.689405,1571.58
2022-882852,2022-06-30,2022,161930.0,Appartement,80.0,4.0,54000.0,6.174431,48.704802,2024.125
2022-882854,2022-06-30,2022,83500.0,Appartement,72.0,3.0,54000.0,6.180034,48.687951,1159.7222222222222
2022-882855,2022-07-08,2022,710000.0,Maison,280.0,8.0,54000.0,6.167139,48.692322,2535.714285714286
2022-882859,2022-06-23,2022,73500.0,Appartement,44.0,2.0,54000.0,6.1951,48.681512,1670.4545454545455
2022-882865,2022-07-07,2022,73500.0,Appartement,35.0,2.0,54000.0,6.18309,48.686272,2100.0
2022-882870,2022-06-10,2022,55000.0,Appartement,24.0,2.0,54000.0,6.184478,48.687344,2291.6666666666665
2022-882871,2022-07-05,2022,237500.0,Appartement,59.0,2.0,54000.0,6.181371,48.692757,4025.423728813559
2022-882877,2022-06-30,2022,115000.0,Appartement,54.0,1.0,54000.0,6.167274,48.695337,2129.6296296296296
2022-882884,2022-06-28,2022,130000.0,Appartement,87.0,3.0,54000.0,6.181445,48.691494,1494.2528735632184
2022-882888,2022-06-17,2022,109000.0,Appartement,60.0,2.0,54000.0,6.179463,48.696743,1816.6666666666667
2022-882894,2022-07-05,2022,77150.0,Appartement,32.0,1.0,54000.0,6.194531,48.689921,2410.9375
2022-882905,2022-06-28,2022,90000.0,Appartement,45.0,2.0,54000.0,6.182147,48.675882,2000.0
2022-882912,2022-06-22,2022,173000.0,Appartement,96.0,4.0,54000.0,6.160249,48.684336,1802.0833333333333
2022-882930,2022-06-10,2022,80000.0,Appartement,25.0,1.0,54000.0,6.184478,48.687344,3200.0
2022-882931,2022-07-04,2022,203000.0,Appartement,86.0,4.0,54000.0,6.177898,48.67642,2360.4651162790697
2022-882942,2022-07-05,2022,161500.0,Appartement,63.0,3.0,54000.0,6.191696,48.688722,2563.4920634920636
2022-882957,2022-07-13,2022,375000.0,Appartement,148.0,5.0,54000.0,6.172911,48.688061,2533.7837837837837
2022-882960,2022-07-11,2022,128000.0,Appartement,50.0,2.0,54000.0,6.161798,48.688126,2560.0
2022-882968,2022-07-01,2022,104500.0,Appartement,39.0,2.0,54000.0,6.174271,48.684607,2679.4871794871797
2022-882972,2022-03-29,2022,300000.0,Appartement,100.0,4.0,54000.0,6.168405,48.691021,3000.0
2022-882976,2022-06-27,2022,90000.0,Appartement,70.0,2.0,54000.0,6.186744,48.694392,1285.7142857142858
2022-882977,2022-07-06,2022,84000.0,Appartement,105.0,4.0,54000.0,6.179182,48.687711,800.0
2022-882987,2022-07-06,2022,91200.0,Appartement,28.0,1.0,54000.0,6.181428,48.687036,3257.1428571428573
2022-882989,2022-07-01,2022,171490.0,Maison,64.0,5.0,54000.0,6.164996,48.670241,2679.53125
2022-882991,2022-07-13,2022,112300.0,Appartement,49.0,2.0,54000.0,6.164151,48.703724,2291.8367346938776
2022-883001,2022-07-08,2022,97000.0,Appartement,41.0,2.0,54000.0,6.177102,48.692005,2365.8536585365855
2022-883002,2022-07-12,2022,220000.0,Appartement,84.0,3.0,54000.0,6.181662,48.676915,2619.0476190476193
2022-883004,2022-07-07,2022,100000.0,Appartement,53.0,2.0,54000.0,6.164844,48.703341,1886.7924528301887
2022-883007,2022-07-05,2022,80750.0,Appartement,51.0,3.0,54000.0,6.198025,48.680738,1583.3333333333333
2022-883010,2022-07-06,2022,119250.0,Appartement,63.0,3.0,54000.0,6.151789,48.697849,1892.857142857143
2022-883015,2022-07-01,2022,259000.0,Appartement,75.0,3.0,54000.0,6.162419,48.680697,3453.3333333333335
2022-883018,2022-07-01,2022,163000.0,Appartement,59.0,3.0,54000.0,6.16926,48.682274,2762.7118644067796
2022-883027,2022-07-12,2022,170100.0,Appartement,33.0,2.0,54000.0,6.196096,48.683989,5154.545454545455
2022-883035,2022-06-21,2022,305000.0,Appartement,60.0,2.0,54000.0,6.172887,48.674659,5083.333333333333
2022-883037,2022-07-15,2022,476000.0,Maison,110.0,5.0,54000.0,6.169168,48.698589,4327.272727272727
2022-883038,2022-07-12,2022,284230.0,Maison,90.0,6.0,54000.0,6.191684,48.679229,3158.1111111111113
2022-883043,2022-07-06,2022,177000.0,Appartement,47.0,2.0,54000.0,6.178827,48.696052,3765.9574468085107
2022-883049,2022-07-11,2022,130150.0,Appartement,64.0,4.0,54000.0,6.140382,48.692842,2033.59375
2022-883053,2022-06-16,2022,90000.0,Appartement,76.0,5.0,54000.0,6.138996,48.691142,1184.2105263157894
2022-883056,2022-06-29,2022,224520.0,Appartement,87.0,3.0,54000.0,6.176784,48.680477,2580.689655172414
2022-883061,2022-07-12,2022,136850.0,Appartement,47.0,3.0,54000.0,6.171233,48.683267,2911.7021276595747
2022-883063,2022-07-07,2022,444000.0,Appartement,204.0,7.0,54000.0,6.172674,48.699542,2176.470588235294
2022-883065,2022-07-08,2022,370000.0,Maison,87.0,4.0,54000.0,6.164244,48.677757,4252.873563218391
2022-883073,2022-07-13,2022,304000.0,Maison,151.0,8.0,54000.0,6.158746,48.699909,2013.2450331125829
2022-883077,2022-07-13,2022,119000.0,Appartement,43.0,2.0,54000.0,6.167247,48.691696,2767.4418604651164
2022-883086,2022-07-01,2022,308000.0,Appartement,90.0,3.0,54000.0,6.189397,48.697114,3422.222222222222
2022-883109,2022-07-04,2022,209700.0,Appartement,72.0,3.0,54000.0,6.180034,48.687951,2912.5
2022-883116,2022-06-21,2022,195000.0,Appartement,69.0,3.0,54000.0,6.185584,48.680482,2826.086956521739
2022-883118,2022-07-04,2022,323000.0,Maison,82.0,4.0,54000.0,6.156952,48.6914,3939.0243902439024
2022-883119,2022-06-16,2022,174800.0,Appartement,91.0,4.0,54000.0,6.170594,48.684678,1920.8791208791208
2022-883123,2022-07-15,2022,151200.0,Appartement,66.0,3.0,54000.0,6.188469,48.687436,2290.909090909091
2022-883133,2022-07-15,2022,111690.0,Appartement,29.0,1.0,54000.0,6.196623,48.689339,3851.3793103448274
2022-883141,2022-06-24,2022,300000.0,Appartement,30.0,2.0,54000.0,6.164221,48.675788,10000.0
2022-883147,2022-07-11,2022,176000.0,Appartement,72.0,3.0,54000.0,6.180034,48.687951,2444.4444444444443
2022-883150,2022-07-04,2022,333700.0,Maison,158.0,6.0,54000.0,6.20016,48.685877,2112.025316455696
2022-883166,2022-06-30,2022,111460.0,Appartement,48.0,2.0,54000.0,6.177244,48.684536,2322.0833333333335
2022-883173,2022-07-13,2022,267500.0,Appartement,90.0,4.0,54000.0,6.177956,48.675132,2972.222222222222
2022-883177,2022-06-27,2022,140500.0,Appartement,78.0,4.0,54000.0,6.165218,48.681719,1801.2820512820513
2022-883188,2022-07-07,2022,123900.0,Appartement,52.0,2.0,54000.0,6.173838,48.685328,2382.6923076923076
2022-883195,2022-07-12,2022,500000.0,Appartement,182.0,6.0,54000.0,6.161448,48.683616,2747.252747252747
2022-883197,2022-06-20,2022,232750.0,Appartement,82.0,3.0,54000.0,6.179713,48.690609,2838.4146341463415
2022-883203,2022-07-12,2022,90500.0,Appartement,28.0,1.0,54000.0,6.184393,48.691894,3232.1428571428573
2022-883220,2022-07-18,2022,137808.9,Appartement,49.0,2.0,54000.0,6.174198,48.676772,2812.4265306122447
2022-883222,2022-07-02,2022,669400.0,Maison,160.0,6.0,54000.0,6.138818,48.688944,4183.75
2022-883230,2022-07-07,2022,145000.0,Appartement,37.0,2.0,54000.0,6.175015,48.700711,3918.9189189189187
2022-883237,2022-06-30,2022,145000.0,Appartement,72.0,3.0,54000.0,6.180034,48.687951,2013.888888888889
2022-883244,2022-06-23,2022,157000.0,Appartement,83.0,4.0,54000.0,6.165777,48.700006,1891.566265060241
2022-883247,2022-07-04,2022,142500.0,Appartement,82.0,4.0,54000.0,6.175638,48.675925,1737.8048780487804
2022-883260,2022-07-13,2022,117000.0,Appartement,37.0,2.0,54000.0,6.176011,48.676997,3162.162162162162
2022-883263,2022-07-07,2022,350000.0,Appartement,29.0,2.0,54000.0,6.177427,48.706597,12068.965517241379
2022-883264,2022-06-24,2022,153000.0,Appartement,76.0,4.0,54000.0,6.165777,48.700006,2013.157894736842
2022-883270,2022-07-05,2022,161000.0,Appartement,59.0,3.0,54000.0,6.18922,48.687821,2728.813559322034
2022-883271,2022-06-30,2022,142500.0,Appartement,83.0,4.0,54000.0,6.175638,48.675925,1716.867469879518
2022-883275,2022-07-13,2022,514000.0,Appartement,90.0,7.0,54000.0,6.159986,48.685519,5711.111111111111
2022-883281,2022-07-05,2022,271000.0,Appartement,100.0,5.0,54000.0,6.179367,48.704579,2710.0
2022-883282,2022-07-18,2022,140795.0,Appartement,92.0,3.0,54000.0,6.16167,48.697754,1530.3804347826087
2022-883285,2022-07-05,2022,150000.0,Appartement,142.0,5.0,54000.0,6.169682,48.669798,1056.338028169014
2022-883296,2022-07-18,2022,130000.0,Appartement,46.0,2.0,54000.0,6.174556,48.701195,2826.086956521739
2022-883297,2022-07-18,2022,593000.0,Appartement,37.0,2.0,54000.0,6.17523,48.671871,16027.027027027027
2022-883309,2022-07-15,2022,137840.0,Appartement,45.0,4.0,54000.0,6.174201,48.691072,3063.1111111111113
2022-883310,2022-06-29,2022,142500.0,Appartement,54.0,3.0,54000.0,6.169689,48.682685,2638.8888888888887
2022-883331,2022-06-27,2022,167000.0,Maison,84.0,3.0,54000.0,6.160414,48.698121,1988.095238095238
2022-883343,2022-06-24,2022,80793.0,Appartement,33.0,2.0,54000.0,6.18553,48.68144,2448.2727272727275
2022-883351,2022-06-28,2022,321100.0,Appartement,101.0,3.0,54000.0,6.179867,48.690286,3179.207920792079
2022-883352,2022-07-11,2022,120000.0,Appartement,56.0,2.0,54000.0,6.19659,48.693185,2142.8571428571427
2022-883353,2022-06-28,2022,122213.0,Appartement,94.0,3.0,54000.0,6.167247,48.691696,1300.1382978723404
2022-883354,2022-07-13,2022,90000.0,Appartement,53.0,3.0,54000.0,6.18922,48.687821,1698.1132075471698
2022-883359,2022-07-18,2022,172900.0,Maison,58.0,3.0,54000.0,6.163244,48.699748,2981.0344827586205
2022-883372,2022-07-07,2022,147570.0,Appartement,55.0,2.0,54000.0,6.176541,48.683637,2683.090909090909
2022-883412,2022-07-12,2022,299500.0,Appartement,130.0,4.0,54000.0,6.181979,48.692095,2303.846153846154
2022-883428,2022-07-11,2022,121000.0,Appartement,47.0,2.0,54000.0,6.194359,48.678263,2574.468085106383
2022-883429,2022-07-04,2022,190500.0,Appartement,68.0,2.0,54000.0,6.159714,48.685874,2801.470588235294
2022-883433,2022-07-18,2022,82500.0,Appartement,42.0,2.0,54000.0,6.1488,48.691485,1964.2857142857142
2022-883437,2022-07-22,2022,137500.0,Appartement,60.0,3.0,54000.0,6.201619,48.686386,2291.6666666666665
2022-883438,2022-07-22,2022,159050.0,Appartement,79.0,3.0,54000.0,6.177199,48.689421,2013.2911392405063
2022-883444,2022-07-08,2022,156000.0,Appartement,72.0,4.0,54000.0,6.170541,48.676901,2166.6666666666665
2022-883447,2022-07-18,2022,199000.0,Appartement,63.0,3.0,54000.0,6.196984,48.677111,3158.7301587301586
2022-883456,2022-06-30,2022,164000.0,Appartement,78.0,3.0,54000.0,6.146791,48.695624,2102.5641025641025
2022-883459,2022-07-20,2022,180000.0,Appartement,72.0,1.0,54000.0,6.196485,48.681057,2500.0
2022-883460,2022-07-08,2022,528750.0,Maison,196.0,8.0,54000.0,6.179216,48.67482,2697.704081632653
2022-883468,2022-06-23,2022,178000.0,Appartement,73.0,3.0,54000.0,6.187272,48.678672,2438.3561643835615
2022-883496,2022-06-30,2022,76000.0,Appartement,38.0,2.0,54000.0,6.173234,48.684084,2000.0
2022-883511,2022-07-06,2022,176000.0,Appartement,82.0,3.0,54000.0,6.172288,48.674545,2146.3414634146343
2022-883514,2022-07-04,2022,177800.0,Appartement,73.0,3.0,54000.0,6.173917,48.701632,2435.6164383561645
2022-883515,2022-07-11,2022,118757.7,Appartement,78.0,3.0,54000.0,6.16691,48.688991,1522.5346153846153
2022-883526,2022-06-30,2022,39250.0,Appartement,35.0,1.0,54000.0,6.197945,48.677852,1121.4285714285713
2022-883530,2022-07-08,2022,93000.0,Appartement,73.0,4.0,54000.0,6.163545,48.686553,1273.972602739726
2022-883533,2022-07-11,2022,160850.0,Appartement,75.0,4.0,54000.0,6.17562,48.702957,2144.6666666666665
2022-883540,2022-07-20,2022,365000.0,Appartement,121.0,5.0,54000.0,6.171118,48.690389,3016.528925619835
2022-883542,2022-07-04,2022,138000.0,Appartement,50.0,3.0,54000.0,6.176234,48.672925,2760.0
2022-883552,2022-07-18,2022,120000.0,Maison,66.0,4.0,54100.0,6.155634,48.703774,1818.1818181818182
2022-883554,2022-07-12,2022,131000.0,Appartement,47.0,2.0,54000.0,6.173315,48.682505,2787.2340425531916
2022-883560,2022-06-29,2022,150000.0,Appartement,68.0,3.0,54000.0,6.178959,48.678259,2205.8823529411766
2022-883566,2022-07-01,2022,246000.0,Appartement,62.0,4.0,54000.0,6.187421,48.688724,3967.7419354838707
2022-883572,2022-07-19,2022,92250.0,Appartement,30.0,1.0,54000.0,6.196678,48.698292,3075.0
2022-883584,2022-07-12,2022,99500.0,Appartement,39.0,2.0,54000.0,6.177199,48.689421,2551.2820512820513
2022-883585,2022-07-18,2022,101000.0,Appartement,46.0,2.0,54000.0,6.162355,48.703701,2195.6521739130435
2022-883592,2022-07-22,2022,151000.0,Appartement,76.0,3.0,54000.0,6.183023,48.687146,1986.842105263158
2022-883600,2022-07-01,2022,111150.0,Appartement,33.0,2.0,54000.0,6.173601,48.682701,3368.181818181818
2022-883603,2022-06-29,2022,118750.0,Appartement,48.0,2.0,54000.0,6.197075,48.694994,2473.9583333333335
2022-883605,2022-06-24,2022,144600.0,Appartement,43.0,2.0,54000.0,6.190112,48.69401,3362.7906976744184
2022-883609,2022-07-20,2022,154375.0,Appartement,55.0,3.0,54000.0,6.161688,48.687517,2806.818181818182
2022-883617,2022-07-21,2022,335900.0,Appartement,120.0,6.0,54000.0,6.171498,48.693693,2799.1666666666665
2022-883621,2022-07-01,2022,94700.0,Appartement,38.0,2.0,54000.0,6.173543,48.684551,2492.1052631578946
2022-883624,2022-06-29,2022,90600.0,Appartement,40.0,2.0,54000.0,6.191358,48.697386,2265.0
2022-883628,2022-06-30,2022,141000.0,Appartement,74.0,4.0,54000.0,6.150703,48.696011,1905.4054054054054
2022-883631,2022-06-28,2022,162500.0,Appartement,86.0,4.0,54000.0,6.165777,48.700006,1889.5348837209303
2022-883636,2022-06-30,2022,139000.0,Appartement,64.0,3.0,54000.0,6.194058,48.678486,2171.875
2022-883644,2022-06-27,2022,95000.0,Appartement,25.0,1.0,54000.0,6.186336,48.678773,3800.0
2022-883646,2022-06-28,2022,99000.0,Appartement,48.0,2.0,54000.0,6.165777,48.700006,2062.5
2022-883648,2022-07-08,2022,153500.0,Appartement,76.0,3.0,54000.0,6.184344,48.687542,2019.7368421052631
2022-883650,2022-07-01,2022,83700.0,Appartement,46.0,2.0,54000.0,6.176088,48.69914,1819.5652173913043
2022-883658,2022-06-28,2022,128850.0,Appartement,62.0,3.0,54000.0,6.194058,48.678486,2078.2258064516127
2022-883663,2022-07-22,2022,64800.0,Appartement,17.0,1.0,54000.0,6.176435,48.674031,3811.764705882353
2022-883675,2022-06-28,2022,437000.0,Appartement,160.0,4.0,54000.0,6.170811,48.691598,2731.25
2022-883677,2022-07-12,2022,451250.0,Appartement,254.0,7.0,54000.0,6.187839,48.691709,1776.5748031496064
2022-883691,2022-07-04,2022,90000.0,Appartement,60.0,3.0,54000.0,6.194552,48.689977,1500.0
2022-883693,2022-07-19,2022,47434.0,Appartement,15.0,1.0,54000.0,6.18259,48.690178,3162.266666666667
2022-883709,2022-07-12,2022,246350.0,Appartement,84.0,3.0,54000.0,6.192382,48.697415,2932.7380952380954
2022-883712,2022-07-05,2022,155000.0,Appartement,80.0,4.0,54000.0,6.169977,48.686113,1937.5
2022-883716,2022-07-11,2022,175600.0,Appartement,85.0,4.0,54000.0,6.147045,48.692068,2065.8823529411766
2022-883723,2022-07-04,2022,99000.0,Appartement,67.0,3.0,54000.0,6.17957,48.675973,1477.6119402985075
2022-883725,2022-07-22,2022,260000.0,Appartement,90.0,4.0,54000.0,6.170155,48.694596,2888.8888888888887
2022-883732,2022-07-25,2022,104000.0,Appartement,52.0,2.0,54000.0,6.175745,48.691,2000.0
2022-883738,2022-07-22,2022,87878.4,Appartement,38.0,1.0,54000.0,6.174757,48.679565,2312.5894736842106
2022-883740,2022-07-11,2022,59825.0,Appartement,29.0,1.0,54000.0,6.171421,48.68962,2062.9310344827586
2022-883741,2022-07-22,2022,110000.0,Maison,100.0,4.0,54000.0,6.143819,48.696395,1100.0
2022-883745,2022-07-19,2022,145000.0,Appartement,51.0,3.0,54000.0,6.194552,48.689977,2843.1372549019607
2022-883746,2022-07-26,2022,100000.0,Appartement,28.0,1.0,54000.0,6.188547,48.679046,3571.4285714285716
2022-883751,2022-07-07,2022,148000.0,Maison,52.0,3.0,54000.0,6.166268,48.701946,2846.153846153846
2022-883752,2022-07-18,2022,235000.0,Maison,80.0,4.0,54000.0,6.143272,48.692117,2937.5
2022-883781,2022-07-21,2022,120000.0,Appartement,48.0,2.0,54000.0,6.173686,48.677579,2500.0
2022-883794,2022-07-13,2022,98160.0,Appartement,50.0,2.0,54000.0,6.190668,48.691989,1963.2
2022-883795,2022-07-11,2022,666200.0,Appartement,160.0,4.0,54000.0,6.195077,48.69319,4163.75
2022-883803,2022-07-04,2022,76500.0,Appartement,23.0,1.0,54000.0,6.179197,48.695805,3326.086956521739
2022-883816,2022-07-04,2022,110000.0,Appartement,60.0,2.0,54000.0,6.153475,48.690674,1833.3333333333333
2022-883836,2022-07-11,2022,92360.0,Appartement,47.0,2.0,54000.0,6.180642,48.68397,1965.1063829787233
2022-883845,2022-07-26,2022,552200.0,Maison,172.0,10.0,54000.0,6.170722,48.688107,3210.4651162790697
2022-883855,2022-07-05,2022,283900.0,Appartement,73.0,3.0,54000.0,6.190539,48.693484,3889.041095890411
2022-883874,2022-07-13,2022,194750.0,Appartement,78.0,4.0,54000.0,6.174552,48.674811,2496.7948717948716
2022-883889,2022-07-26,2022,156135.0,Appartement,56.0,3.0,54000.0,6.196614,48.698909,2788.125
2022-883893,2022-07-07,2022,190000.0,Appartement,97.0,5.0,54000.0,6.160346,48.687713,1958.7628865979382
2022-883905,2022-07-15,2022,139000.0,Appartement,49.0,2.0,54000.0,6.186963,48.683864,2836.734693877551
2022-883914,2022-07-27,2022,190000.0,Appartement,30.0,2.0,54000.0,6.194044,48.690495,6333.333333333333
2022-883918,2022-07-08,2022,88300.0,Appartement,27.0,1.0,54000.0,6.177199,48.689421,3270.3703703703704
2022-883922,2022-07-13,2022,71000.0,Appartement,20.0,1.0,54000.0,6.175531,48.689366,3550.0
2022-883926,2022-07-22,2022,349000.0,Appartement,118.0,2.0,54000.0,6.170181,48.700943,2957.6271186440677
2022-883928,2022-07-19,2022,329720.0,Appartement,116.0,4.0,54000.0,6.175217,48.694426,2842.4137931034484
2022-883936,2022-07-07,2022,115000.0,Appartement,50.0,3.0,54000.0,6.167253,48.681806,2300.0
2022-883949,2022-07-20,2022,123720.0,Appartement,44.0,2.0,54000.0,6.188154,48.699114,2811.818181818182
2022-883951,2022-07-20,2022,107000.0,Appartement,55.0,2.0,54000.0,6.174004,48.67746,1945.4545454545455
2022-883954,2022-07-20,2022,152000.0,Appartement,97.0,4.0,54000.0,6.184105,48.67776,1567.0103092783504
2022-883957,2022-07-21,2022,70500.0,Appartement,53.0,2.0,54000.0,6.179182,48.687711,1330.188679245283
2022-883965,2022-07-13,2022,83000.0,Appartement,30.0,2.0,54000.0,6.194044,48.690495,2766.6666666666665
2022-883971,2022-07-13,2022,238000.0,Appartement,97.0,4.0,54000.0,6.164846,48.688163,2453.6082474226805
2022-883991,2022-07-05,2022,148875.0,Appartement,55.0,3.0,54000.0,6.184388,48.687039,2706.818181818182
2022-884001,2022-07-07,2022,227850.0,Appartement,82.0,4.0,54000.0,6.167329,48.689812,2778.6585365853657
2022-884002,2022-07-12,2022,145350.0,Appartement,54.0,3.0,54000.0,6.181428,48.687036,2691.6666666666665
2022-884005,2022-07-12,2022,111580.0,Appartement,74.0,3.0,54000.0,6.160249,48.684336,1507.837837837838
2022-884013,2022-07-08,2022,219150.0,Appartement,84.0,3.0,54000.0,6.188104,48.691479,2608.9285714285716
2022-884016,2022-07-12,2022,257000.0,Maison,107.0,5.0,54000.0,6.152238,48.697866,2401.8691588785045
2022-884022,2022-07-20,2022,117000.0,Appartement,44.0,2.0,54000.0,6.170594,48.684678,2659.090909090909
2022-884025,2022-07-08,2022,364900.0,Maison,80.0,4.0,54000.0,6.160929,48.698225,4561.25
2022-884031,2022-07-15,2022,618500.0,Maison,155.0,5.0,54000.0,6.176263,48.676684,3990.3225806451615
2022-884035,2022-07-07,2022,201400.0,Appartement,85.0,4.0,54000.0,6.147045,48.692068,2369.4117647058824
2022-884036,2022-07-07,2022,255550.0,Maison,64.0,4.0,54000.0,6.156527,48.698491,3992.96875
2022-884038,2022-06-29,2022,59000.0,Appartement,24.0,1.0,54000.0,6.193702,48.689115,2458.3333333333335
2022-884042,2022-07-26,2022,166000.0,Appartement,89.0,3.0,54000.0,6.171086,48.669837,1865.1685393258426
2022-884046,2022-07-19,2022,245000.0,Maison,105.0,6.0,54000.0,6.191571,48.69975,2333.3333333333335
2022-884056,2022-07-22,2022,50350.0,Appartement,18.0,1.0,54000.0,6.160346,48.687713,2797.222222222222
2022-884069,2022-07-29,2022,77750.0,Appartement,24.0,1.0,54000.0,6.191588,48.688442,3239.5833333333335
2022-884089,2022-07-19,2022,419500.0,Appartement,58.0,1.0,54000.0,6.190609,48.699733,7232.758620689655
2022-884097,2022-07-26,2022,152000.0,Appartement,86.0,4.0,54000.0,6.191247,48.691108,1767.4418604651162
2022-884100,2022-07-21,2022,101000.0,Appartement,51.0,2.0,54000.0,6.138897,48.694835,1980.3921568627452
2022-884112,2022-07-19,2022,267500.0,Appartement,62.0,2.0,54000.0,6.189495,48.692394,4314.5161290322585
2022-884115,2022-07-02,2022,82000.0,Appartement,27.0,1.0,54000.0,6.170922,48.698058,3037.037037037037
2022-884124,2022-08-01,2022,195860.0,Appartement,73.0,3.0,54000.0,6.190539,48.693484,2683.013698630137
2022-884136,2022-07-29,2022,82000.0,Appartement,40.0,2.0,54000.0,6.156113,48.69747,2050.0
2022-884137,2022-07-25,2022,142000.0,Appartement,65.0,3.0,54000.0,6.180471,48.699998,2184.6153846153848
2022-884139,2022-08-01,2022,129100.0,Appartement,50.0,1.0,54000.0,6.177277,48.697175,2582.0
2022-884141,2022-07-11,2022,765000.0,Maison,163.0,6.0,54000.0,6.165118,48.684807,4693.251533742331
2022-884154,2022-07-27,2022,91000.0,Appartement,39.0,2.0,54000.0,6.172417,48.674908,2333.3333333333335
2022-884163,2022-07-05,2022,507150.0,Maison,125.0,5.0,54000.0,6.15512,48.690851,4057.2
2022-884169,2022-07-28,2022,454500.0,Maison,132.0,6.0,54000.0,6.165245,48.691063,3443.181818181818
2022-884175,2022-08-01,2022,109250.0,Maison,55.0,3.0,54000.0,6.142129,48.695944,1986.3636363636363
2022-884182,2022-07-29,2022,460000.0,Appartement,95.0,4.0,54000.0,6.18377,48.695215,4842.105263157895
2022-884186,2022-08-01,2022,192000.0,Appartement,79.0,4.0,54000.0,6.195532,48.694835,2430.3797468354433
2022-884187,2022-07-29,2022,124000.0,Appartement,21.0,1.0,54000.0,6.172417,48.674908,5904.761904761905
2022-884190,2022-08-01,2022,161730.0,Appartement,54.0,3.0,54000.0,6.181428,48.687036,2995.0
2022-884191,2022-07-05,2022,288000.0,Appartement,96.0,5.0,54000.0,6.176198,48.68177,3000.0
2022-884195,2022-07-28,2022,60000.0,Appartement,21.0,1.0,54000.0,6.172417,48.674908,2857.1428571428573
2022-884196,2022-07-28,2022,335000.0,Appartement,45.0,3.0,54000.0,6.164523,48.686765,7444.444444444444
2022-884198,2022-06-30,2022,96920.0,Appartement,40.0,2.0,54000.0,6.17254,48.702056,2423.0
2022-884202,2022-07-11,2022,146800.0,Appartement,44.0,2.0,54000.0,6.178843,48.693545,3336.3636363636365
2022-884206,2022-07-18,2022,184000.0,Appartement,75.0,4.0,54000.0,6.174004,48.67746,2453.3333333333335
2022-884218,2022-07-08,2022,65000.0,Appartement,24.0,2.0,54000.0,6.186331,48.692236,2708.3333333333335
2022-884220,2022-07-26,2022,54650.0,Appartement,38.0,1.0,54000.0,6.196489,48.67866,1438.157894736842
2022-884224,2022-07-27,2022,335000.0,Appartement,115.0,3.0,54000.0,6.182028,48.694468,2913.0434782608695
2022-884230,2022-07-12,2022,93100.0,Appartement,48.0,2.0,54000.0,6.170787,48.691,1939.5833333333333
2022-884232,2022-07-27,2022,130149.0,Appartement,68.0,3.0,54000.0,6.175249,48.67664,1913.9558823529412
2022-884235,2022-07-27,2022,182500.0,Appartement,69.0,3.0,54000.0,6.195532,48.694835,2644.927536231884
2022-884242,2022-07-29,2022,176000.0,Appartement,93.0,3.0,54000.0,6.194612,48.688532,1892.47311827957
2022-884244,2022-07-08,2022,144950.0,Appartement,71.0,4.0,54000.0,6.17983,48.704407,2041.5492957746478
2022-884257,2022-07-13,2022,76500.0,Appartement,35.0,1.0,54000.0,6.186963,48.683864,2185.714285714286
2022-884271,2022-07-26,2022,94050.0,Appartement,41.0,2.0,54000.0,6.163505,48.698829,2293.9024390243903
2022-884280,2022-07-27,2022,191500.0,Appartement,98.0,4.0,54000.0,6.179713,48.690609,1954.0816326530612
2022-884308,2022-07-25,2022,66700.0,Appartement,21.0,1.0,54000.0,6.196614,48.698909,3176.190476190476
2022-884321,2022-07-28,2022,75000.0,Appartement,33.0,1.0,54000.0,6.191236,48.686626,2272.7272727272725
2022-884323,2022-07-25,2022,189050.0,Appartement,65.0,3.0,54000.0,6.168911,48.702387,2908.4615384615386
2022-884326,2022-07-18,2022,87500.0,Appartement,39.0,2.0,54000.0,6.168911,48.702387,2243.5897435897436
2022-884327,2022-07-25,2022,237500.0,Appartement,114.0,4.0,54000.0,6.167937,48.695673,2083.3333333333335
2022-884338,2022-07-28,2022,209000.0,Appartement,92.0,2.0,54000.0,6.180326,48.690967,2271.7391304347825
2022-884346,2022-07-22,2022,66500.0,Appartement,24.0,1.0,54000.0,6.176945,48.697236,2770.8333333333335
2022-884348,2022-07-21,2022,145000.0,Appartement,52.0,2.0,54000.0,6.186663,48.694426,2788.4615384615386
2022-884357,2022-07-19,2022,209300.0,Appartement,90.0,3.0,54000.0,6.180158,48.693081,2325.5555555555557
2022-884359,2022-07-07,2022,275000.0,Appartement,101.0,3.0,54000.0,6.177873,48.6806,2722.772277227723
2022-884371,2022-07-18,2022,135000.0,Appartement,65.0,4.0,54000.0,6.142502,48.693498,2076.923076923077
2022-884374,2022-07-26,2022,184000.0,Appartement,67.0,3.0,54000.0,6.19659,48.693185,2746.268656716418
2022-884381,2022-07-26,2022,115000.0,Appartement,44.0,2.0,54000.0,6.183072,48.700453,2613.6363636363635
2022-884413,2022-07-27,2022,340000.0,Appartement,207.0,7.0,54000.0,6.152905,48.69152,1642.512077294686
2022-884422,2022-07-13,2022,178000.0,Appartement,119.0,4.0,54000.0,6.182082,48.704131,1495.7983193277312
2022-884425,2022-07-29,2022,121000.0,Appartement,55.0,3.0,54000.0,6.171335,48.704242,2200.0
2022-884427,2022-08-01,2022,340000.0,Appartement,54.0,2.0,54000.0,6.191821,48.683608,6296.2962962962965
2022-884429,2022-07-08,2022,81500.0,Appartement,40.0,2.0,54000.0,6.198195,48.676243,2037.5
2022-884437,2022-08-05,2022,280250.0,Appartement,115.0,4.0,54000.0,6.142492,48.695425,2436.9565217391305
2022-884440,2022-08-05,2022,52100.0,Appartement,20.0,1.0,54000.0,6.180512,48.682182,2605.0
2022-884443,2022-07-29,2022,129250.0,Appartement,67.0,4.0,54000.0,6.158927,48.690216,1929.1044776119404
2022-884452,2022-07-29,2022,127000.0,Appartement,86.0,4.0,54000.0,6.17957,48.675973,1476.7441860465117
2022-884455,2022-07-27,2022,107511.0,Appartement,52.0,2.0,54000.0,6.185409,48.68003,2067.519230769231
2022-884471,2022-07-22,2022,153800.0,Appartement,66.0,4.0,54000.0,6.171534,48.685899,2330.3030303030305
2022-884475,2022-08-02,2022,82000.0,Appartement,40.0,2.0,54000.0,6.183892,48.700688,2050.0
2022-884478,2022-07-19,2022,167200.0,Appartement,68.0,3.0,54000.0,6.16731,48.695245,2458.823529411765
2022-884480,2022-08-02,2022,155000.0,Appartement,64.0,2.0,54000.0,6.185398,48.690409,2421.875
2022-884483,2022-08-03,2022,133800.0,Appartement,62.0,3.0,54000.0,6.169448,48.676731,2158.064516129032
2022-884487,2022-07-29,2022,248000.0,Maison,32.0,2.0,54000.0,6.200823,48.686281,7750.0
2022-884492,2022-07-27,2022,51000.0,Appartement,15.0,1.0,54000.0,6.178117,48.68351,3400.0
2022-884499,2022-07-27,2022,177000.0,Appartement,56.0,3.0,54000.0,6.19191,48.689792,3160.714285714286
2022-884503,2022-07-18,2022,160000.0,Appartement,100.0,4.0,54000.0,6.186317,48.68463,1600.0
2022-884504,2022-08-01,2022,97250.0,Appartement,41.0,2.0,54000.0,6.185409,48.68003,2371.951219512195
2022-884507,2022-07-11,2022,149300.0,Appartement,78.0,3.0,54000.0,6.161693,48.698885,1914.1025641025642
2022-884517,2022-07-19,2022,317143.0,Appartement,34.0,2.0,54000.0,6.171322,48.674911,9327.735294117647
2022-884520,2022-07-18,2022,62660.0,Appartement,33.0,2.0,54000.0,6.16651,48.702355,1898.7878787878788
2022-884521,2022-08-04,2022,214450.0,Appartement,63.0,3.0,54000.0,6.173998,48.672596,3403.968253968254
2022-884525,2022-07-26,2022,53400.0,Appartement,18.0,1.0,54000.0,6.1734,48.700198,2966.6666666666665
2022-884526,2022-07-29,2022,60500.0,Appartement,17.0,1.0,54000.0,6.180284,48.700323,3558.823529411765
2022-884528,2022-07-29,2022,499900.0,Appartement,184.0,7.0,54000.0,6.173256,48.698784,2716.8478260869565
2022-884534,2022-07-27,2022,132500.0,Appartement,58.0,2.0,54000.0,6.156112,48.697844,2284.4827586206898
2022-884535,2022-07-29,2022,457000.0,Appartement,129.0,5.0,54000.0,6.177779,48.694482,3542.6356589147285
2022-884540,2022-08-04,2022,93000.0,Appartement,45.0,2.0,54000.0,6.165777,48.700006,2066.6666666666665
2022-884554,2022-07-12,2022,172020.0,Appartement,47.0,2.0,54000.0,6.190272,48.699413,3660.0
2022-884558,2022-08-04,2022,114000.0,Appartement,66.0,4.0,54000.0,6.161941,48.692737,1727.2727272727273
2022-884562,2022-07-29,2022,75000.0,Appartement,42.0,2.0,54000.0,6.187272,48.678672,1785.7142857142858
2022-884564,2022-07-28,2022,166000.0,Appartement,60.0,3.0,54000.0,6.190833,48.696135,2766.6666666666665
2022-884583,2022-08-04,2022,86500.0,Appartement,36.0,2.0,54000.0,6.163093,48.684683,2402.777777777778
2022-884584,2022-07-28,2022,195000.0,Appartement,67.0,3.0,54000.0,6.170641,48.684543,2910.4477611940297
2022-884589,2022-07-28,2022,105000.0,Appartement,52.0,3.0,54000.0,6.158927,48.690216,2019.2307692307693
2022-884598,2022-08-03,2022,37660.0,Appartement,19.0,1.0,54000.0,6.186461,48.684793,1982.1052631578948
2022-884601,2022-08-03,2022,80000.0,Appartement,25.0,2.0,54000.0,6.182493,48.701774,3200.0
2022-884605,2022-07-04,2022,80000.0,Appartement,45.0,2.0,54000.0,6.176109,48.683819,1777.7777777777778
2022-884609,2022-08-04,2022,71430.0,Appartement,21.0,1.0,54000.0,6.19121,48.686081,3401.4285714285716
2022-884617,2022-07-28,2022,71600.0,Appartement,28.0,1.0,54000.0,6.181428,48.687036,2557.1428571428573
2022-884624,2022-08-03,2022,337250.0,Appartement,111.0,3.0,54000.0,6.180158,48.693081,3038.288288288288
2022-884631,2022-08-10,2022,369000.0,Appartement,146.0,8.0,54000.0,6.178443,48.697538,2527.3972602739727
2022-884632,2022-07-19,2022,320000.0,Appartement,52.0,2.0,54000.0,6.173974,48.683045,6153.846153846154
2022-884633,2022-08-10,2022,102000.0,Appartement,67.0,4.0,54000.0,6.158927,48.690216,1522.3880597014925
2022-884653,2022-08-02,2022,149000.0,Appartement,27.0,2.0,54000.0,6.185303,48.688946,5518.518518518518
2022-884656,2022-08-09,2022,109440.0,Maison,80.0,4.0,54000.0,6.195361,48.678074,1368.0
2022-884662,2022-08-02,2022,95000.0,Appartement,42.0,2.0,54000.0,6.179416,48.699127,2261.904761904762
2022-884679,2022-07-28,2022,58100.0,Appartement,18.0,1.0,54000.0,6.183541,48.686464,3227.777777777778
2022-884684,2022-08-03,2022,256000.0,Appartement,98.0,4.0,54000.0,6.17996,48.690473,2612.2448979591836
2022-884685,2022-08-10,2022,145000.0,Appartement,42.0,2.0,54000.0,6.198025,48.680738,3452.3809523809523
2022-884687,2022-08-10,2022,98900.0,Appartement,40.0,1.0,54000.0,6.187871,48.68105,2472.5
2022-884699,2022-07-29,2022,802885.0,Appartement,93.0,2.0,54000.0,6.180128,48.690414,8633.172043010753
2022-884714,2022-07-26,2022,97520.0,Appartement,38.0,2.0,54000.0,6.196976,48.681397,2566.315789473684
2022-884734,2022-07-27,2022,115000.0,Appartement,44.0,4.0,54000.0,6.19153,48.691994,2613.6363636363635
2022-884735,2022-08-09,2022,333000.0,Maison,107.0,5.0,54000.0,6.197399,48.688532,3112.1495327102803
2022-884749,2022-07-28,2022,65000.0,Appartement,24.0,1.0,54000.0,6.17455,48.684681,2708.3333333333335
2022-884754,2022-07-26,2022,60700.0,Appartement,18.0,1.0,54000.0,6.1734,48.700198,3372.222222222222
2022-884760,2022-08-04,2022,105000.0,Appartement,47.0,2.0,54000.0,6.176435,48.674031,2234.0425531914893
2022-884768,2022-08-16,2022,76100.0,Appartement,37.0,3.0,54000.0,6.189264,48.703617,2056.7567567567567
2022-884771,2022-07-25,2022,87350.0,Appartement,46.0,2.0,54000.0,6.201619,48.686386,1898.9130434782608
2022-884781,2022-08-05,2022,369320.0,Maison,130.0,6.0,54000.0,6.146062,48.691431,2840.923076923077
2022-884785,2022-07-25,2022,122150.0,Appartement,56.0,3.0,54000.0,6.16883,48.689296,2181.25
2022-884786,2022-07-27,2022,536649.0,Maison,130.0,6.0,54000.0,6.196031,48.681467,4128.069230769231
2022-884787,2022-08-11,2022,80000.0,Appartement,32.0,2.0,54000.0,6.172653,48.684211,2500.0
2022-884804,2022-07-29,2022,275500.0,Appartement,38.0,2.0,54000.0,6.159976,48.690382,7250.0
2022-884808,2022-07-20,2022,171000.0,Appartement,69.0,3.0,54000.0,6.162688,48.698194,2478.2608695652175
2022-884815,2022-08-09,2022,152275.0,Appartement,67.0,4.0,54000.0,6.177591,48.707549,2272.7611940298507
2022-884825,2022-08-10,2022,510000.0,Maison,157.0,10.0,54000.0,6.170074,48.677446,3248.4076433121018
2022-884831,2022-07-27,2022,92150.0,Appartement,28.0,2.0,54000.0,6.181549,48.681609,3291.0714285714284
2022-884835,2022-07-25,2022,71400.0,Appartement,36.0,1.0,54000.0,6.162692,48.694747,1983.3333333333333
2022-884845,2022-07-22,2022,110000.0,Appartement,50.0,2.0,54000.0,6.172631,48.685992,2200.0
2022-884847,2022-08-04,2022,241100.0,Appartement,131.0,4.0,54000.0,6.172599,48.694474,1840.4580152671756
2022-884853,2022-08-05,2022,340000.0,Appartement,130.0,5.0,54000.0,6.168035,48.686365,2615.3846153846152
2022-884879,2022-08-18,2022,133900.0,Appartement,63.0,3.0,54000.0,6.165236,48.692301,2125.3968253968255
2022-884880,2022-08-17,2022,181830.0,Appartement,76.0,3.0,54000.0,6.189953,48.688544,2392.5
2022-884882,2022-08-09,2022,185775.0,Appartement,78.0,4.0,54000.0,6.181427,48.680649,2381.730769230769
2022-884890,2022-08-03,2022,548625.0,Maison,180.0,8.0,54000.0,6.165629,48.685398,3047.9166666666665
2022-884892,2022-07-21,2022,360000.0,Appartement,34.0,2.0,54000.0,6.178007,48.695602,10588.235294117647
2022-884893,2022-08-03,2022,352650.0,Maison,94.0,4.0,54000.0,6.174189,48.682659,3751.595744680851
2022-884895,2022-07-22,2022,128000.0,Appartement,65.0,3.0,54000.0,6.174861,48.684672,1969.2307692307693
2022-884897,2022-08-05,2022,203000.0,Appartement,93.0,3.0,54000.0,6.173395,48.69859,2182.7956989247314
2022-884901,2022-07-22,2022,155000.0,Appartement,86.0,4.0,54000.0,6.180034,48.687951,1802.3255813953488
2022-884920,2022-07-08,2022,450000.0,Appartement,40.0,2.0,54000.0,6.198247,48.678413,11250.0
2022-884922,2022-08-09,2022,99750.0,Appartement,87.0,3.0,54000.0,6.179182,48.687711,1146.551724137931
2022-884923,2022-08-08,2022,417308.0,Appartement,49.0,3.0,54000.0,6.184565,48.676789,8516.489795918367
2022-884936,2022-08-03,2022,77000.0,Appartement,30.0,1.0,54000.0,6.163007,48.679244,2566.6666666666665
2022-884945,2022-07-19,2022,102500.0,Appartement,85.0,3.0,54000.0,6.173986,48.688168,1205.8823529411766
2022-884950,2022-07-25,2022,170872.23,Appartement,100.0,4.0,54000.0,6.181427,48.680649,1708.7223000000001
2022-884958,2022-06-21,2022,124800.0,Appartement,51.0,2.0,54000.0,6.187969,48.694499,2447.0588235294117
2022-884990,2022-08-16,2022,153000.0,Appartement,57.0,3.0,54000.0,6.183798,48.690226,2684.2105263157896
2022-885010,2022-08-19,2022,106000.0,Appartement,47.0,3.0,54000.0,6.180253,48.700194,2255.31914893617
2022-885022,2022-08-11,2022,362000.0,Appartement,120.0,4.0,54000.0,6.174556,48.701195,3016.6666666666665
2022-885026,2022-08-01,2022,203000.0,Appartement,70.0,3.0,54000.0,6.1664,48.67591,2900.0
2022-885040,2022-08-17,2022,148000.0,Appartement,74.0,4.0,54000.0,6.181428,48.687036,2000.0
2022-885043,2022-08-19,2022,162000.0,Appartement,76.0,3.0,54000.0,6.189331,48.689188,2131.5789473684213
2022-885045,2022-08-19,2022,840000.0,Maison,190.0,8.0,54000.0,6.164262,48.677393,4421.0526315789475
2022-885047,2022-08-22,2022,116500.0,Appartement,49.0,2.0,54000.0,6.169294,48.685154,2377.5510204081634
2022-885050,2022-08-18,2022,129400.0,Appartement,67.0,2.0,54000.0,6.184081,48.689543,1931.3432835820895
2022-885054,2022-08-19,2022,567475.0,Appartement,116.0,3.0,54000.0,6.168812,48.686302,4892.025862068966
2022-885065,2022-08-19,2022,400000.0,Maison,180.0,5.0,54000.0,6.18524,48.686476,2222.222222222222
2022-885070,2022-08-22,2022,55000.0,Appartement,27.0,2.0,54000.0,6.198338,48.676807,2037.037037037037
2022-885078,2022-08-22,2022,76590.0,Appartement,23.0,1.0,54000.0,6.185519,48.684065,3330.0
2022-885082,2022-07-29,2022,143000.0,Appartement,96.0,4.0,54000.0,6.191522,48.680484,1489.5833333333333
2022-885089,2022-08-22,2022,128000.0,Appartement,74.0,3.0,54000.0,6.160249,48.684336,1729.7297297297298
2022-885101,2022-08-22,2022,86000.0,Appartement,41.0,2.0,54000.0,6.185409,48.68003,2097.560975609756
2022-885103,2022-07-26,2022,138000.0,Appartement,50.0,3.0,54000.0,6.173892,48.679599,2760.0
2022-885105,2022-07-29,2022,127000.0,Appartement,67.0,4.0,54000.0,6.158927,48.690216,1895.5223880597016
2022-885107,2022-08-22,2022,140000.0,Appartement,65.0,3.0,54000.0,6.20129,48.687184,2153.846153846154
2022-885117,2022-08-16,2022,178400.0,Appartement,74.0,4.0,54000.0,6.173162,48.701653,2410.810810810811
2022-885120,2022-08-10,2022,69600.0,Appartement,25.0,1.0,54000.0,6.188382,48.684669,2784.0
2022-885122,2022-08-05,2022,181995.0,Appartement,57.0,3.0,54000.0,6.188858,48.691426,3192.8947368421054
2022-885126,2022-08-22,2022,135000.0,Appartement,58.0,3.0,54000.0,6.18918,48.690852,2327.5862068965516
2022-885131,2022-08-08,2022,375000.0,Maison,142.0,6.0,54000.0,6.150078,48.691127,2640.845070422535
2022-885153,2022-08-24,2022,107000.0,Appartement,50.0,2.0,54000.0,6.185228,48.679309,2140.0
2022-885155,2022-08-02,2022,185000.0,Appartement,82.0,4.0,54000.0,6.175638,48.675925,2256.0975609756097
2022-885158,2022-07-26,2022,87400.0,Appartement,34.0,1.0,54000.0,6.194044,48.690495,2570.5882352941176
2022-885159,2022-08-23,2022,340000.0,Appartement,42.0,2.0,54000.0,6.184818,48.688784,8095.238095238095
2022-885160,2022-08-23,2022,790000.0,Appartement,79.0,3.0,54000.0,6.171217,48.684361,10000.0
2022-885181,2022-08-23,2022,129750.0,Appartement,68.0,2.0,54000.0,6.172592,48.687466,1908.0882352941176
2022-885192,2022-08-11,2022,87210.0,Appartement,50.0,2.0,54000.0,6.180034,48.687951,1744.2
2022-885201,2022-08-05,2022,327000.0,Appartement,60.0,3.0,54000.0,6.191695,48.686405,5450.0
2022-885205,2022-08-13,2022,86000.0,Appartement,32.0,1.0,54000.0,6.173187,48.680719,2687.5
2022-885215,2022-08-22,2022,200500.0,Appartement,77.0,3.0,54000.0,6.168953,48.682848,2603.896103896104
2022-885236,2022-08-01,2022,210000.0,Appartement,79.0,3.0,54000.0,6.17595,48.681277,2658.227848101266
2022-885262,2022-08-23,2022,290400.0,Appartement,95.0,3.0,54000.0,6.188287,48.694086,3056.842105263158
2022-885263,2022-07-25,2022,180000.0,Appartement,92.0,4.0,54000.0,6.156177,48.696949,1956.5217391304348
2022-885299,2022-08-30,2022,137850.0,Appartement,68.0,3.0,54000.0,6.177344,48.68457,2027.2058823529412
2022-885302,2022-08-26,2022,280000.0,Appartement,100.0,5.0,54000.0,6.174331,48.699897,2800.0
2022-885305,2022-08-26,2022,112500.0,Appartement,46.0,2.0,54000.0,6.170936,48.690024,2445.6521739130435
2022-885312,2022-08-26,2022,99000.0,Appartement,50.0,2.0,54000.0,6.180034,48.687951,1980.0
2022-885319,2022-08-19,2022,151000.0,Appartement,88.0,4.0,54000.0,6.172507,48.690465,1715.909090909091
2022-885324,2022-08-19,2022,217410.0,Appartement,86.0,4.0,54000.0,6.180034,48.687951,2528.0232558139537
2022-885326,2022-08-22,2022,231500.0,Maison,133.0,5.0,54000.0,6.142263,48.690784,1740.6015037593984
2022-885327,2022-08-08,2022,58000.0,Appartement,27.0,1.0,54000.0,6.181428,48.687036,2148.1481481481483
2022-885331,2022-08-19,2022,151200.0,Appartement,79.0,3.0,54000.0,6.16691,48.688991,1913.9240506329113
2022-885336,2022-08-22,2022,148200.0,Appartement,51.0,2.0,54000.0,6.186521,48.693123,2905.8823529411766
2022-885338,2022-08-08,2022,55500.0,Appartement,24.0,2.0,54000.0,6.166651,48.701563,2312.5
2022-885340,2022-08-22,2022,63300.0,Appartement,25.0,1.0,54000.0,6.158498,48.69836,2532.0
2022-885341,2022-08-18,2022,210000.0,Appartement,101.0,4.0,54000.0,6.169497,48.682575,2079.207920792079
2022-885347,2022-08-18,2022,214000.0,Appartement,76.0,3.0,54000.0,6.174258,48.700711,2815.7894736842104
2022-885353,2022-08-26,2022,238950.0,Appartement,82.0,4.0,54000.0,6.180889,48.701934,2914.0243902439024
2022-885354,2022-08-09,2022,65000.0,Appartement,26.0,1.0,54000.0,6.170922,48.698058,2500.0
2022-885359,2022-08-23,2022,285000.0,Maison,67.0,4.0,54000.0,6.191411,48.69796,4253.731343283582
2022-885365,2022-08-25,2022,136000.0,Appartement,65.0,3.0,54000.0,6.165677,48.66818,2092.3076923076924
2022-885367,2022-08-24,2022,84550.0,Appartement,37.0,2.0,54000.0,6.198025,48.680738,2285.135135135135
2022-885379,2022-08-26,2022,189800.0,Appartement,63.0,3.0,54000.0,6.196984,48.677111,3012.6984126984125
2022-885387,2022-08-18,2022,85000.0,Appartement,66.0,4.0,54000.0,6.1488,48.691485,1287.878787878788
2022-885388,2022-08-30,2022,145380.0,Appartement,69.0,3.0,54000.0,6.198563,48.692884,2106.9565217391305
2022-885403,2022-08-18,2022,126450.0,Appartement,57.0,3.0,54000.0,6.189929,48.686434,2218.4210526315787
2022-885407,2022-08-30,2022,300000.0,Maison,94.0,5.0,54000.0,6.162573,48.682748,3191.4893617021276
2022-885414,2022-08-09,2022,133200.0,Appartement,58.0,3.0,54000.0,6.173858,48.673509,2296.551724137931
2022-885433,2022-08-09,2022,103250.0,Appartement,42.0,2.0,54000.0,6.198774,48.678259,2458.3333333333335
2022-885437,2022-08-17,2022,169000.0,Maison,101.0,5.0,54000.0,6.163488,48.668759,1673.2673267326732
2022-885439,2022-08-25,2022,89740.0,Appartement,37.0,1.0,54000.0,6.172919,48.693066,2425.4054054054054
2022-885444,2022-08-25,2022,129000.0,Appartement,61.0,2.0,54000.0,6.1739,48.704951,2114.754098360656
2022-885448,2022-08-11,2022,112500.0,Appartement,86.0,3.0,54000.0,6.154596,48.69862,1308.139534883721
2022-885451,2022-08-12,2022,161500.0,Appartement,81.0,2.0,54000.0,6.190151,48.686951,1993.8271604938273
2022-885459,2022-08-16,2022,120000.0,Appartement,50.0,2.0,54000.0,6.175781,48.679721,2400.0
2022-885471,2022-08-05,2022,105500.0,Appartement,65.0,3.0,54000.0,6.142502,48.693498,1623.076923076923
2022-885475,2022-08-26,2022,234000.0,Appartement,86.0,4.0,54000.0,6.197236,48.698267,2720.9302325581393
2022-885479,2022-08-20,2022,100700.0,Appartement,40.0,2.0,54000.0,6.195526,48.696701,2517.5
2022-885481,2022-08-01,2022,115000.0,Appartement,50.0,2.0,54000.0,6.180034,48.687951,2300.0
2022-885540,2022-08-10,2022,230000.0,Maison,110.0,4.0,54000.0,6.143165,48.691783,2090.909090909091
2022-885545,2022-08-19,2022,706000.0,Maison,94.0,5.0,54000.0,6.149624,48.690187,7510.63829787234
2022-885551,2022-08-17,2022,473000.0,Appartement,214.0,5.0,54000.0,6.175481,48.694123,2210.2803738317757
2022-885563,2022-08-25,2022,200000.0,Maison,75.0,4.0,54000.0,6.178749,48.705692,2666.6666666666665
2022-885571,2022-08-19,2022,224000.0,Appartement,88.0,3.0,54000.0,6.181874,48.678827,2545.4545454545455
2022-885572,2022-08-22,2022,238100.0,Maison,90.0,4.0,54000.0,6.18733,48.700283,2645.5555555555557
2022-885574,2022-08-22,2022,151900.0,Appartement,55.0,2.0,54000.0,6.160339,48.686271,2761.818181818182
2022-885581,2022-08-19,2022,110000.0,Appartement,61.0,3.0,54000.0,6.177818,48.673537,1803.27868852459
2022-885582,2022-08-23,2022,66000.0,Appartement,23.0,1.0,54000.0,6.196248,48.67759,2869.5652173913045
2022-885593,2022-08-08,2022,95000.0,Appartement,48.0,2.0,54000.0,6.180034,48.687951,1979.1666666666667
2022-885601,2022-08-16,2022,65000.0,Appartement,29.0,1.0,54000.0,6.181428,48.687036,2241.3793103448274
2022-885608,2022-08-31,2022,361000.0,Maison,128.0,4.0,54000.0,6.172526,48.700619,2820.3125
2022-885623,2022-08-16,2022,329500.0,Appartement,131.0,3.0,54000.0,6.158347,48.685678,2515.267175572519
2022-885638,2022-08-30,2022,475000.0,Appartement,61.0,3.0,54000.0,6.192122,48.682494,7786.88524590164
2022-885640,2022-08-25,2022,203950.0,Appartement,85.0,3.0,54000.0,6.174004,48.67746,2399.4117647058824
2022-885647,2022-08-19,2022,121750.0,Appartement,47.0,2.0,54000.0,6.197075,48.694994,2590.425531914894
2022-885648,2022-08-19,2022,201500.0,Appartement,66.0,4.0,54000.0,6.165566,48.684107,3053.030303030303
2022-885657,2022-09-01,2022,198000.0,Appartement,68.0,3.0,54000.0,6.194359,48.678263,2911.764705882353
2022-885659,2022-09-02,2022,210000.0,Appartement,85.0,4.0,54000.0,6.190734,48.70079,2470.5882352941176
2022-885663,2022-09-01,2022,100000.0,Appartement,71.0,3.0,54000.0,6.178644,48.683395,1408.4507042253522
2022-885670,2022-09-02,2022,143300.0,Appartement,66.0,2.0,54000.0,6.167656,48.696235,2171.212121212121
2022-885682,2022-06-29,2022,121400.0,Appartement,47.0,2.0,54000.0,6.173787,48.701137,2582.978723404255
2022-885713,2022-08-18,2022,98000.0,Appartement,31.0,1.0,54000.0,6.172317,48.686379,3161.2903225806454
2022-885715,2022-08-25,2022,108000.0,Appartement,48.0,2.0,54000.0,6.177869,48.697333,2250.0
2022-885725,2022-08-12,2022,93100.0,Appartement,34.0,1.0,54000.0,6.173838,48.685328,2738.235294117647
2022-885727,2022-08-26,2022,630000.0,Appartement,70.0,4.0,54000.0,6.143497,48.69272,9000.0
2022-885728,2022-08-12,2022,143450.0,Appartement,54.0,2.0,54000.0,6.184081,48.689543,2656.4814814814813
2022-885745,2022-08-30,2022,181000.0,Appartement,70.0,3.0,54000.0,6.167687,48.6985,2585.714285714286
2022-885762,2022-08-26,2022,198500.0,Appartement,107.0,4.0,54000.0,6.172749,48.699296,1855.1401869158879
2022-885764,2022-09-02,2022,94790.0,Appartement,38.0,2.0,54000.0,6.191566,48.68619,2494.4736842105262
2022-885766,2022-08-29,2022,133000.0,Appartement,54.0,2.0,54000.0,6.161124,48.688592,2462.962962962963
2022-885769,2022-09-05,2022,383500.0,Maison,100.0,5.0,54000.0,6.175644,48.682901,3835.0
2022-885773,2022-08-31,2022,335000.0,Appartement,110.0,4.0,54000.0,6.171765,48.68217,3045.4545454545455
2022-885774,2022-08-25,2022,48400.0,Appartement,63.0,3.0,54000.0,6.179182,48.687711,768.2539682539683
2022-885777,2022-09-01,2022,109000.0,Appartement,56.0,3.0,54000.0,6.148242,48.692202,1946.4285714285713
2022-885788,2022-09-01,2022,150000.0,Appartement,85.0,5.0,54000.0,6.163874,48.683862,1764.7058823529412
2022-885789,2022-08-18,2022,147300.0,Appartement,61.0,3.0,54000.0,6.176435,48.674031,2414.754098360656
2022-885794,2022-08-18,2022,72500.0,Appartement,48.0,2.0,54000.0,6.171703,48.674581,1510.4166666666667
2022-885797,2022-08-26,2022,224000.0,Appartement,70.0,2.0,54000.0,6.197881,48.677922,3200.0
2022-885798,2022-08-24,2022,85000.0,Appartement,27.0,1.0,54000.0,6.163505,48.698829,3148.1481481481483
2022-885809,2022-08-31,2022,260000.0,Appartement,88.0,3.0,54000.0,6.189123,48.692783,2954.5454545454545
2022-885811,2022-09-02,2022,111000.0,Appartement,42.0,2.0,54000.0,6.178843,48.693545,2642.8571428571427
2022-885813,2022-08-23,2022,130000.0,Appartement,68.0,2.0,54000.0,6.186326,48.683099,1911.764705882353
2022-885814,2022-09-05,2022,640000.0,Appartement,219.0,6.0,54000.0,6.176275,48.696704,2922.3744292237443
2022-885816,2022-08-09,2022,426550.0,Appartement,140.0,6.0,54000.0,6.170852,48.702241,3046.785714285714
2022-885820,2022-08-11,2022,100000.0,Appartement,43.0,2.0,54000.0,6.182002,48.702075,2325.5813953488373
2022-885826,2022-09-01,2022,407000.0,Appartement,38.0,2.0,54000.0,6.17788,48.701951,10710.526315789473
2022-885829,2022-09-02,2022,57000.0,Appartement,17.0,1.0,54000.0,6.180284,48.700323,3352.9411764705883
2022-885831,2022-08-30,2022,61140.0,Appartement,22.0,1.0,54000.0,6.187239,48.689122,2779.090909090909
2022-885833,2022-08-31,2022,209000.0,Appartement,60.0,3.0,54000.0,6.167693,48.687732,3483.3333333333335
2022-885845,2022-08-10,2022,161000.0,Appartement,69.0,3.0,54000.0,6.172204,48.689955,2333.3333333333335
2022-885848,2022-08-29,2022,170500.0,Appartement,76.0,3.0,54000.0,6.146791,48.695624,2243.4210526315787
2022-885852,2022-09-02,2022,140000.0,Appartement,49.0,2.0,54000.0,6.191821,48.683608,2857.1428571428573
2022-885854,2022-08-31,2022,104000.0,Appartement,46.0,2.0,54000.0,6.169294,48.685154,2260.8695652173915
2022-885856,2022-08-26,2022,82000.0,Appartement,32.0,1.0,54000.0,6.174004,48.67746,2562.5
2022-885894,2022-08-30,2022,80000.0,Appartement,53.0,2.0,54000.0,6.162869,48.702886,1509.433962264151
2022-885898,2022-08-26,2022,85000.0,Appartement,55.0,3.0,54000.0,6.191365,48.686239,1545.4545454545455
2022-885901,2022-09-02,2022,114000.0,Appartement,78.0,4.0,54000.0,6.181427,48.680649,1461.5384615384614
2022-885902,2022-09-07,2022,53000.0,Appartement,43.0,2.0,54000.0,6.198055,48.676998,1232.5581395348838
2022-885907,2022-09-01,2022,133050.0,Appartement,114.0,5.0,54000.0,6.181427,48.680649,1167.1052631578948
2022-885908,2022-08-31,2022,170000.0,Appartement,65.0,3.0,54000.0,6.168911,48.702387,2615.3846153846152
2022-885913,2022-08-31,2022,94360.0,Appartement,36.0,2.0,54000.0,6.189985,48.697361,2621.1111111111113
2022-885924,2022-08-18,2022,98000.0,Appartement,50.0,2.0,54000.0,6.180034,48.687951,1960.0
2022-885928,2022-08-16,2022,225000.0,Maison,63.0,3.0,54000.0,6.152913,48.692295,3571.4285714285716
2022-885931,2022-08-19,2022,401000.0,Appartement,155.0,7.0,54000.0,6.167249,48.698331,2587.0967741935483
2022-885932,2022-08-19,2022,93000.0,Appartement,40.0,2.0,54000.0,6.170865,48.687825,2325.0
2022-885937,2022-08-24,2022,89000.0,Appartement,36.0,1.0,54000.0,6.179564,48.694656,2472.222222222222
2022-885944,2022-09-05,2022,190050.0,Appartement,62.0,3.0,54000.0,6.175015,48.700711,3065.3225806451615
2022-885947,2022-08-31,2022,180000.0,Appartement,90.0,2.0,54000.0,6.195539,48.679656,2000.0
2022-885948,2022-09-07,2022,114900.0,Appartement,47.0,2.0,54000.0,6.173187,48.680719,2444.68085106383
2022-885949,2022-09-07,2022,65000.0,Appartement,38.0,2.0,54000.0,6.180642,48.68397,1710.5263157894738
2022-885959,2022-08-19,2022,108000.0,Appartement,42.0,2.0,54000.0,6.179899,48.68328,2571.4285714285716
2022-885967,2022-09-06,2022,112500.0,Appartement,70.0,4.0,54000.0,6.191738,48.696658,1607.142857142857
2022-885974,2022-09-09,2022,310000.0,Appartement,100.0,4.0,54000.0,6.167325,48.686741,3100.0
2022-885981,2022-08-24,2022,94050.0,Appartement,30.0,2.0,54000.0,6.174628,48.674266,3135.0
2022-885987,2022-08-30,2022,151000.0,Appartement,83.0,4.0,54000.0,6.187272,48.678672,1819.2771084337348
2022-885990,2022-09-08,2022,92000.0,Appartement,43.0,2.0,54000.0,6.201619,48.686386,2139.5348837209303
2022-885991,2022-08-23,2022,122550.0,Appartement,43.0,2.0,54000.0,6.169895,48.687621,2850.0
2022-885995,2022-08-29,2022,165850.0,Appartement,60.0,2.0,54000.0,6.184591,48.69053,2764.1666666666665
2022-886001,2022-09-09,2022,60000.0,Appartement,30.0,1.0,54000.0,6.170438,48.703876,2000.0
2022-886004,2022-08-19,2022,120000.0,Appartement,106.0,5.0,54000.0,6.185603,48.689335,1132.0754716981132
2022-886006,2022-08-12,2022,83000.0,Appartement,35.0,1.0,54000.0,6.173613,48.700774,2371.4285714285716
2022-886010,2022-08-29,2022,214500.0,Appartement,78.0,3.0,54000.0,6.18411,48.689907,2750.0
2022-886015,2022-09-05,2022,205000.0,Appartement,77.0,3.0,54000.0,6.168021,48.668771,2662.3376623376626
2022-886016,2022-09-09,2022,141000.0,Appartement,63.0,3.0,54000.0,6.170566,48.686221,2238.095238095238
2022-886019,2022-08-31,2022,75000.0,Appartement,48.0,2.0,54000.0,6.162306,48.704953,1562.5
2022-886025,2022-08-19,2022,118750.0,Appartement,42.0,2.0,54000.0,6.198025,48.680738,2827.3809523809523
2022-886028,2022-08-26,2022,90000.0,Appartement,95.0,3.0,54000.0,6.179182,48.687711,947.3684210526316
2022-886039,2022-09-01,2022,105500.0,Appartement,42.0,2.0,54000.0,6.198774,48.678259,2511.904761904762
2022-886047,2022-09-06,2022,145000.0,Appartement,79.0,4.0,54000.0,6.153475,48.690674,1835.4430379746836
2022-886053,2022-08-23,2022,154565.0,Appartement,50.0,3.0,54000.0,6.170962,48.683254,3091.3
2022-886055,2022-09-02,2022,129500.0,Appartement,51.0,3.0,54000.0,6.175988,48.701471,2539.2156862745096
2022-886067,2022-08-30,2022,88500.0,Appartement,33.0,2.0,54000.0,6.179972,48.682898,2681.818181818182
2022-886078,2022-08-29,2022,420000.0,Appartement,120.0,5.0,54000.0,6.167939,48.689465,3500.0
2022-886079,2022-08-22,2022,115000.0,Appartement,45.0,2.0,54000.0,6.167632,48.67831,2555.5555555555557
2022-886083,2022-08-26,2022,264900.0,Appartement,113.0,5.0,54000.0,6.16702,48.69872,2344.2477876106195
2022-886084,2022-08-24,2022,351500.0,Maison,170.0,6.0,54000.0,6.171083,48.701992,2067.6470588235293
2022-886096,2022-09-12,2022,93500.0,Appartement,55.0,3.0,54000.0,6.1488,48.691485,1700.0
2022-886099,2022-09-07,2022,114110.0,Appartement,50.0,3.0,54000.0,6.167459,48.681387,2282.2
2022-886107,2022-09-05,2022,440000.0,Maison,163.0,6.0,54000.0,6.145318,48.691021,2699.3865030674847
2022-886119,2022-09-03,2022,435000.0,Maison,86.0,4.0,54000.0,6.161152,48.694485,5058.139534883721
2022-886121,2022-09-05,2022,114000.0,Appartement,52.0,3.0,54000.0,6.173353,48.703183,2192.3076923076924
2022-886123,2022-09-05,2022,285150.0,Appartement,86.0,4.0,54000.0,6.180034,48.687951,3315.6976744186045
2022-886126,2022-09-02,2022,185000.0,Appartement,82.0,4.0,54000.0,6.186963,48.683864,2256.0975609756097
2022-886130,2022-09-13,2022,442000.0,Maison,90.0,3.0,54000.0,6.165317,48.684383,4911.111111111111
2022-886131,2022-09-02,2022,80700.0,Appartement,77.0,3.0,54000.0,6.180782,48.689454,1048.051948051948
2022-886133,2022-09-09,2022,82000.0,Appartement,32.0,1.0,54000.0,6.18318,48.68632,2562.5
2022-886134,2022-09-12,2022,129000.0,Appartement,76.0,4.0,54000.0,6.166651,48.701563,1697.3684210526317
2022-886138,2022-09-05,2022,102500.0,Appartement,81.0,3.0,54000.0,6.185409,48.68003,1265.432098765432
2022-886140,2022-09-09,2022,450000.0,Maison,112.0,6.0,54000.0,6.162023,48.698084,4017.8571428571427
2022-886163,2022-08-19,2022,114000.0,Appartement,47.0,2.0,54000.0,6.186624,48.683308,2425.531914893617
2022-886166,2022-09-02,2022,298000.0,Maison,125.0,5.0,54000.0,6.197811,48.689002,2384.0
2022-886171,2022-09-12,2022,142900.0,Appartement,40.0,2.0,54000.0,6.173998,48.672596,3572.5
2022-886172,2022-08-19,2022,554300.0,Maison,115.0,7.0,54000.0,6.162738,48.67729,4820.0
2022-886200,2022-08-18,2022,433800.0,Maison,130.0,4.0,54000.0,6.175851,48.67712,3336.923076923077
2022-886209,2022-08-18,2022,61750.0,Appartement,18.0,1.0,54000.0,6.1734,48.700198,3430.5555555555557
2022-886227,2022-09-12,2022,130000.0,Appartement,50.0,2.0,54000.0,6.173866,48.682585,2600.0
2022-886230,2022-09-12,2022,274000.0,Appartement,101.0,5.0,54000.0,6.174447,48.683984,2712.871287128713
2022-886236,2022-08-29,2022,347400.0,Appartement,114.0,5.0,54000.0,6.176088,48.69914,3047.3684210526317
2022-886237,2022-08-31,2022,171000.0,Appartement,70.0,3.0,54000.0,6.169294,48.685154,2442.8571428571427
2022-886238,2022-09-09,2022,123900.0,Appartement,49.0,3.0,54000.0,6.168219,48.683354,2528.5714285714284
2022-886239,2022-08-18,2022,218500.0,Appartement,88.0,4.0,54000.0,6.187592,48.685158,2482.9545454545455
2022-886249,2022-08-18,2022,81000.0,Appartement,28.0,2.0,54000.0,6.18318,48.68632,2892.8571428571427
2022-886254,2022-09-14,2022,152500.0,Appartement,93.0,3.0,54000.0,6.185305,48.685949,1639.784946236559
2022-886258,2022-09-05,2022,124000.0,Appartement,73.0,3.0,54000.0,6.153475,48.690674,1698.6301369863013
2022-886272,2022-09-15,2022,95000.0,Appartement,71.0,3.0,54000.0,6.178644,48.683395,1338.0281690140846
2022-886273,2022-08-25,2022,136800.0,Appartement,64.0,4.0,54000.0,6.158927,48.690216,2137.5
2022-886274,2022-08-29,2022,47700.0,Appartement,19.0,1.0,54000.0,6.176109,48.683819,2510.5263157894738
2022-886278,2022-09-14,2022,119000.0,Appartement,40.0,2.0,54000.0,6.159676,48.685971,2975.0
2022-886282,2022-09-15,2022,130150.0,Appartement,74.0,3.0,54000.0,6.164995,48.668193,1758.7837837837837
2022-886286,2022-08-25,2022,162000.0,Appartement,43.0,2.0,54000.0,6.167939,48.689465,3767.4418604651164
2022-886337,2022-08-25,2022,466000.0,Appartement,117.0,3.0,54000.0,6.177512,48.697985,3982.905982905983
2022-886340,2022-09-09,2022,195000.0,Appartement,101.0,5.0,54000.0,6.165218,48.681719,1930.6930693069307
2022-886346,2022-08-30,2022,109000.0,Appartement,43.0,2.0,54000.0,6.180445,48.691083,2534.8837209302324
2022-886355,2022-08-31,2022,205000.0,Maison,66.0,4.0,54000.0,6.147919,48.695908,3106.060606060606
2022-886365,2022-08-29,2022,373000.0,Maison,90.0,4.0,54000.0,6.174424,48.675758,4144.444444444444
2022-886379,2022-08-29,2022,110000.0,Appartement,44.0,2.0,54000.0,6.174023,48.703121,2500.0
2022-886381,2022-08-31,2022,290000.0,Appartement,20.0,1.0,54000.0,6.179465,48.692086,14500.0
2022-886387,2022-09-20,2022,162000.0,Appartement,39.0,2.0,54000.0,6.172417,48.674908,4153.846153846154
2022-886406,2022-09-14,2022,116900.0,Appartement,97.0,4.0,54000.0,6.179182,48.687711,1205.1546391752577
2022-886417,2022-09-20,2022,53500.0,Appartement,27.0,1.0,54000.0,6.183688,48.68164,1981.4814814814815
2022-886431,2022-09-08,2022,94000.0,Appartement,35.0,2.0,54000.0,6.196614,48.698909,2685.714285714286
2022-886451,2022-09-16,2022,170000.0,Appartement,70.0,2.0,54000.0,6.177532,48.697715,2428.5714285714284
2022-886461,2022-08-30,2022,260100.0,Appartement,92.0,3.0,54000.0,6.163562,48.701524,2827.1739130434785
2022-886462,2022-09-01,2022,166300.0,Appartement,69.0,4.0,54000.0,6.179713,48.690609,2410.144927536232
2022-886463,2022-09-15,2022,195000.0,Appartement,105.0,5.0,54000.0,6.166106,48.703407,1857.142857142857
2022-886467,2022-09-16,2022,456000.0,Appartement,143.0,4.0,54000.0,6.142812,48.689155,3188.811188811189
2022-886468,2022-09-09,2022,109000.0,Appartement,41.0,2.0,54000.0,6.168182,48.687913,2658.5365853658536
2022-886470,2022-09-01,2022,170000.0,Appartement,77.0,2.0,54000.0,6.169957,48.677193,2207.7922077922076
2022-886481,2022-09-20,2022,105000.0,Appartement,56.0,2.0,54000.0,6.189131,48.690997,1875.0
2022-886483,2022-09-12,2022,111000.0,Appartement,33.0,2.0,54000.0,6.173601,48.682701,3363.6363636363635
2022-886484,2022-09-12,2022,153063.0,Appartement,79.0,3.0,54000.0,6.176088,48.69914,1937.506329113924
2022-886489,2022-08-29,2022,60000.0,Appartement,21.0,1.0,54000.0,6.172531,48.683101,2857.1428571428573
2022-886490,2022-09-15,2022,105000.0,Appartement,63.0,3.0,54000.0,6.170787,48.691,1666.6666666666667
2022-886494,2022-08-26,2022,73500.0,Appartement,45.0,2.0,54000.0,6.190152,48.683058,1633.3333333333333
2022-886496,2022-09-15,2022,142500.0,Appartement,50.0,2.0,54000.0,6.166127,48.700467,2850.0
2022-886499,2022-09-09,2022,120000.0,Appartement,45.0,2.0,54000.0,6.184378,48.6887,2666.6666666666665
2022-886503,2022-08-26,2022,52000.0,Appartement,23.0,1.0,54000.0,6.159604,48.687075,2260.8695652173915
2022-886513,2022-09-12,2022,90000.0,Appartement,37.0,1.0,54000.0,6.187483,48.688335,2432.4324324324325
2022-886515,2022-09-13,2022,120000.0,Appartement,40.0,2.0,54000.0,6.169107,48.683813,3000.0
2022-886534,2022-09-02,2022,129200.0,Appartement,45.0,3.0,54000.0,6.168934,48.683228,2871.1111111111113
2022-886542,2022-09-06,2022,446200.0,Appartement,193.0,5.0,54000.0,6.168041,48.694055,2311.917098445596
2022-886543,2022-09-16,2022,99000.0,Appartement,77.0,2.0,54000.0,6.18624,48.688729,1285.7142857142858
2022-886545,2022-08-24,2022,358500.0,Maison,100.0,4.0,54000.0,6.185524,48.683288,3585.0
2022-886547,2022-09-16,2022,110000.0,Appartement,48.0,2.0,54000.0,6.181428,48.687036,2291.6666666666665
2022-886549,2022-09-01,2022,230000.0,Appartement,78.0,2.0,54000.0,6.168883,48.6774,2948.7179487179487
2022-886550,2022-09-07,2022,107000.0,Appartement,43.0,2.0,54000.0,6.169545,48.677926,2488.3720930232557
2022-886564,2022-08-30,2022,180400.0,Appartement,82.0,3.0,54000.0,6.197891,48.677125,2200.0
2022-886570,2022-09-15,2022,140000.0,Appartement,120.0,4.0,54000.0,6.172662,48.686843,1166.6666666666667
2022-886571,2022-09-16,2022,157900.0,Appartement,58.0,3.0,54000.0,6.191489,48.698577,2722.4137931034484
2022-886573,2022-09-07,2022,120000.0,Appartement,39.0,2.0,54000.0,6.175415,48.672497,3076.923076923077
2022-886582,2022-08-23,2022,123500.0,Appartement,18.0,1.0,54000.0,6.1734,48.700198,6861.111111111111
2022-886585,2022-09-09,2022,70000.0,Appartement,32.0,1.0,54000.0,6.189549,48.696914,2187.5
2022-886591,2022-08-23,2022,379050.0,Appartement,118.0,5.0,54000.0,6.191645,48.697154,3212.2881355932204
2022-886593,2022-09-15,2022,87500.0,Appartement,49.0,2.0,54000.0,6.189546,48.690376,1785.7142857142858
2022-886600,2022-09-21,2022,423700.0,Appartement,131.0,4.0,54000.0,6.191562,48.688157,3234.351145038168
2022-886620,2022-09-20,2022,150000.0,Appartement,86.0,4.0,54000.0,6.180034,48.687951,1744.1860465116279
2022-886626,2022-09-21,2022,159000.0,Appartement,71.0,3.0,54000.0,6.163007,48.679244,2239.43661971831
2022-886636,2022-08-26,2022,180500.0,Appartement,79.0,4.0,54000.0,6.162869,48.702886,2284.8101265822784
2022-886641,2022-09-12,2022,369400.0,Maison,95.0,3.0,54000.0,6.176809,48.676838,3888.4210526315787
2022-886644,2022-09-16,2022,51350.0,Appartement,21.0,1.0,54000.0,6.178315,48.683284,2445.2380952380954
2022-886645,2022-09-21,2022,90000.0,Appartement,33.0,1.0,54000.0,6.173998,48.672596,2727.2727272727275
2022-886653,2022-09-15,2022,120000.0,Appartement,46.0,2.0,54000.0,6.169389,48.703308,2608.695652173913
2022-886658,2022-09-21,2022,78000.0,Appartement,24.0,1.0,54000.0,6.191978,48.680956,3250.0
2022-886661,2022-09-19,2022,285000.0,Maison,160.0,8.0,54000.0,6.168292,48.684604,1781.25
2022-886676,2022-09-26,2022,120000.0,Appartement,47.0,2.0,54000.0,6.18548,48.679739,2553.191489361702
2022-886683,2022-09-22,2022,66500.0,Appartement,33.0,2.0,54000.0,6.162683,48.698968,2015.1515151515152
2022-886688,2022-09-23,2022,70000.0,Appartement,41.0,2.0,54000.0,6.163887,48.686777,1707.3170731707316
2022-886692,2022-09-14,2022,290500.0,Maison,115.0,5.0,54000.0,6.148587,48.697524,2526.086956521739
2022-886693,2022-08-30,2022,125500.0,Appartement,20.0,1.0,54000.0,6.178117,48.68351,6275.0
2022-886695,2022-09-12,2022,372000.0,Maison,124.0,6.0,54000.0,6.172655,48.704674,3000.0
2022-886715,2022-09-16,2022,141500.0,Appartement,48.0,2.0,54000.0,6.196935,48.694688,2947.9166666666665
2022-886734,2022-09-21,2022,168000.0,Maison,85.0,3.0,54000.0,6.146801,48.69431,1976.4705882352941
2022-886738,2022-09-21,2022,80000.0,Appartement,29.0,1.0,54000.0,6.160346,48.687713,2758.6206896551726
2022-886744,2022-09-27,2022,88500.0,Appartement,32.0,1.0,54000.0,6.179174,48.689876,2765.625
2022-886753,2022-09-01,2022,93500.0,Appartement,51.0,3.0,54000.0,6.177447,48.677241,1833.3333333333333
2022-886761,2022-09-20,2022,195000.0,Appartement,102.0,4.0,54000.0,6.166578,48.686196,1911.764705882353
2022-886765,2022-09-27,2022,90400.0,Appartement,37.0,2.0,54000.0,6.175574,48.679819,2443.2432432432433
2022-886782,2022-09-16,2022,69000.0,Appartement,35.0,1.0,54000.0,6.168921,48.683476,1971.4285714285713
2022-886799,2022-08-30,2022,246300.0,Appartement,72.0,2.0,54000.0,6.169794,48.700762,3420.8333333333335
2022-886804,2022-09-01,2022,50000.0,Appartement,22.0,1.0,54000.0,6.187483,48.688335,2272.7272727272725
2022-886807,2022-09-09,2022,148000.0,Appartement,60.0,3.0,54000.0,6.177053,48.703209,2466.6666666666665
2022-886809,2022-09-14,2022,400000.0,Appartement,50.0,3.0,54000.0,6.176926,48.674679,8000.0
2022-886815,2022-09-17,2022,89000.0,Appartement,42.0,2.0,54000.0,6.198774,48.678259,2119.0476190476193
2022-886818,2022-09-19,2022,104500.0,Appartement,47.0,2.0,54000.0,6.196046,48.679324,2223.404255319149
2022-886852,2022-09-15,2022,126500.0,Appartement,90.0,5.0,54000.0,6.165138,48.699354,1405.5555555555557
2022-886855,2022-09-01,2022,170000.0,Appartement,78.0,3.0,54000.0,6.174036,48.69411,2179.4871794871797
2022-886861,2022-08-31,2022,128337.65,Appartement,36.0,2.0,54000.0,6.174268,48.682558,3564.9347222222223
2022-886879,2022-09-03,2022,355000.0,Appartement,143.0,5.0,54000.0,6.173966,48.696735,2482.5174825174827
2022-886902,2022-09-15,2022,235600.0,Appartement,91.0,3.0,54000.0,6.167939,48.689465,2589.010989010989
2022-886905,2022-09-21,2022,275000.0,Appartement,88.0,3.0,54000.0,6.165193,48.687821,3125.0
2022-886920,2022-09-16,2022,512100.0,Appartement,122.0,3.0,54000.0,6.167006,48.692194,4197.540983606557
2022-886927,2022-09-21,2022,86100.0,Appartement,39.0,2.0,54000.0,6.169764,48.692024,2207.6923076923076
2022-886934,2022-09-12,2022,152000.0,Maison,41.0,3.0,54000.0,6.175185,48.705133,3707.317073170732
2022-886940,2022-09-27,2022,149000.0,Appartement,60.0,4.0,54000.0,6.172566,48.693029,2483.3333333333335
2022-886944,2022-09-01,2022,155000.0,Appartement,78.0,3.0,54000.0,6.184765,48.681231,1987.179487179487
2022-886947,2022-09-15,2022,136900.0,Appartement,63.0,3.0,54000.0,6.165857,48.690217,2173.0158730158732
2022-886954,2022-09-14,2022,270000.0,Appartement,110.0,4.0,54000.0,6.171765,48.68217,2454.5454545454545
2022-886955,2022-09-16,2022,411000.0,Appartement,110.0,5.0,54000.0,6.173918,48.683797,3736.3636363636365
2022-886959,2022-09-26,2022,163400.0,Appartement,59.0,3.0,54000.0,6.164518,48.684151,2769.491525423729
2022-886969,2022-09-27,2022,105000.0,Appartement,48.0,2.0,54000.0,6.180034,48.687951,2187.5
2022-886970,2022-09-23,2022,130300.0,Appartement,51.0,3.0,54000.0,6.168243,48.697225,2554.901960784314
2022-886973,2022-09-26,2022,246100.0,Appartement,92.0,3.0,54000.0,6.166759,48.684957,2675.0
2022-886985,2022-08-31,2022,86000.0,Appartement,31.0,1.0,54000.0,6.172317,48.686379,2774.1935483870966
2022-886986,2022-09-26,2022,215000.0,Appartement,73.0,3.0,54000.0,6.195457,48.692805,2945.205479452055
2022-886999,2022-09-28,2022,127000.0,Appartement,47.0,2.0,54000.0,6.174116,48.677701,2702.127659574468
2022-887002,2022-09-28,2022,60000.0,Appartement,21.0,1.0,54000.0,6.187272,48.678672,2857.1428571428573
2022-887005,2022-09-12,2022,98000.0,Appartement,60.0,3.0,54000.0,6.179241,48.675375,1633.3333333333333
2022-887011,2022-09-10,2022,63900.0,Appartement,20.0,1.0,54000.0,6.178803,48.698728,3195.0
2022-887020,2022-09-20,2022,237500.0,Appartement,82.0,4.0,54000.0,6.192456,48.689562,2896.3414634146343
2022-887027,2022-09-28,2022,167400.0,Appartement,68.0,3.0,54000.0,6.194318,48.677892,2461.764705882353
2022-887046,2022-09-28,2022,70600.0,Appartement,17.0,1.0,54000.0,6.183976,48.69044,4152.941176470588
2022-887050,2022-09-27,2022,75165.0,Appartement,46.0,2.0,54000.0,6.194468,48.679796,1634.0217391304348
2022-887064,2022-09-21,2022,193000.0,Appartement,76.0,3.0,54000.0,6.189546,48.685812,2539.4736842105262
2022-887067,2022-10-03,2022,130000.0,Maison,106.0,4.0,54000.0,6.176579,48.706729,1226.4150943396226
2022-887074,2022-09-08,2022,340000.0,Maison,62.0,4.0,54000.0,6.157635,48.686968,5483.870967741936
2022-887080,2022-09-19,2022,63000.0,Appartement,40.0,2.0,54000.0,6.144916,48.691678,1575.0
2022-887086,2022-09-28,2022,159800.0,Appartement,61.0,3.0,54000.0,6.166489,48.685847,2619.6721311475408
2022-887096,2022-09-27,2022,265000.0,Appartement,37.0,2.0,54000.0,6.16227,48.687836,7162.1621621621625
2022-887099,2022-09-29,2022,172530.0,Appartement,86.0,4.0,54000.0,6.187272,48.678672,2006.1627906976744
2022-887101,2022-09-13,2022,128500.0,Appartement,46.0,2.0,54000.0,6.172842,48.685197,2793.478260869565
2022-887105,2022-09-19,2022,335150.0,Appartement,150.0,4.0,54000.0,6.195828,48.684198,2234.3333333333335
2022-887138,2022-09-30,2022,126000.0,Appartement,48.0,3.0,54000.0,6.155515,48.689048,2625.0
2022-887141,2022-09-21,2022,90500.0,Appartement,34.0,2.0,54000.0,6.185349,48.690603,2661.764705882353
2022-887152,2022-09-26,2022,244525.0,Appartement,108.0,4.0,54000.0,6.181129,48.691253,2264.1203703703704
2022-887160,2022-10-04,2022,112900.0,Appartement,81.0,4.0,54000.0,6.175249,48.67664,1393.8271604938273
2022-887184,2022-09-30,2022,829000.0,Maison,229.0,10.0,54000.0,6.176823,48.678151,3620.0873362445413
2022-887199,2022-09-21,2022,120000.0,Appartement,100.0,4.0,54000.0,6.181427,48.680649,1200.0
2022-887203,2022-09-30,2022,280000.0,Appartement,62.0,3.0,54000.0,6.193561,48.689326,4516.129032258064
2022-887206,2022-09-30,2022,135800.0,Appartement,46.0,2.0,54000.0,6.163234,48.684973,2952.1739130434785
2022-887207,2022-09-13,2022,143000.0,Appartement,67.0,3.0,54000.0,6.174201,48.691072,2134.3283582089553
2022-887208,2022-09-15,2022,85000.0,Appartement,33.0,1.0,54000.0,6.173998,48.672596,2575.757575757576
2022-887209,2022-09-23,2022,220900.0,Appartement,100.0,5.0,54000.0,6.167937,48.695673,2209.0
2022-887210,2022-09-21,2022,300000.0,Maison,120.0,5.0,54000.0,6.140694,48.695961,2500.0
2022-887214,2022-09-30,2022,170000.0,Appartement,87.0,3.0,54000.0,6.167019,48.686775,1954.0229885057472
2022-887216,2022-09-15,2022,145000.0,Appartement,124.0,3.0,54000.0,6.164222,48.682238,1169.3548387096773
2022-887222,2022-10-03,2022,120500.0,Appartement,59.0,3.0,54000.0,6.165251,48.667889,2042.3728813559321
2022-887223,2022-09-16,2022,238000.0,Maison,90.0,4.0,54000.0,6.156608,48.698506,2644.4444444444443
2022-887225,2022-09-26,2022,87300.0,Appartement,36.0,1.0,54000.0,6.162692,48.694747,2425.0
2022-887237,2022-09-15,2022,235000.0,Appartement,83.0,3.0,54000.0,6.180918,48.706308,2831.3253012048194
2022-887242,2022-09-27,2022,84000.0,Appartement,32.0,1.0,54000.0,6.186685,48.682741,2625.0
2022-887245,2022-09-06,2022,65000.0,Appartement,30.0,2.0,54000.0,6.194044,48.690495,2166.6666666666665
2022-887247,2022-09-09,2022,475600.0,Appartement,49.0,3.0,54000.0,6.1664,48.681162,9706.122448979591
2022-887250,2022-09-20,2022,122550.0,Appartement,38.0,2.0,54000.0,6.183437,48.700343,3225.0
2022-887253,2022-09-26,2022,409500.0,Appartement,175.0,4.0,54000.0,6.180692,48.6918,2340.0
2022-887267,2022-09-07,2022,242500.0,Maison,80.0,4.0,54000.0,6.157151,48.692504,3031.25
2022-887277,2022-09-28,2022,356300.0,Maison,120.0,3.0,54000.0,6.165054,48.686252,2969.1666666666665
2022-887285,2022-10-01,2022,104000.0,Appartement,47.0,1.0,54000.0,6.168789,48.6995,2212.7659574468084
2022-887287,2022-09-28,2022,105400.0,Appartement,53.0,2.0,54000.0,6.185966,48.685474,1988.6792452830189
2022-887288,2022-09-22,2022,96000.0,Appartement,22.0,1.0,54000.0,6.164877,48.677109,4363.636363636364
2022-887289,2022-09-12,2022,171000.0,Appartement,70.0,3.0,54000.0,6.169615,48.687739,2442.8571428571427
2022-887292,2022-09-21,2022,25000.0,Appartement,18.0,1.0,54000.0,6.196376,48.679024,1388.888888888889
2022-887296,2022-09-30,2022,99000.0,Appartement,30.0,2.0,54000.0,6.173601,48.682701,3300.0
2022-887305,2022-09-22,2022,69400.0,Appartement,23.0,1.0,54000.0,6.167096,48.699082,3017.391304347826
2022-887309,2022-09-30,2022,111000.0,Appartement,47.0,2.0,54000.0,6.169294,48.685154,2361.7021276595747
2022-887313,2022-09-20,2022,260000.0,Appartement,52.0,3.0,54000.0,6.173152,48.683093,5000.0
2022-887315,2022-09-29,2022,90900.0,Appartement,29.0,1.0,54000.0,6.194026,48.694574,3134.4827586206898
2022-887319,2022-09-07,2022,320900.0,Appartement,97.0,4.0,54000.0,6.153869,48.690982,3308.2474226804125
2022-887322,2022-09-12,2022,257000.0,Maison,92.0,5.0,54000.0,6.150925,48.696795,2793.478260869565
2022-887324,2022-09-13,2022,143500.0,Appartement,108.0,3.0,54000.0,6.176988,48.676916,1328.7037037037037
2022-887330,2022-09-01,2022,170000.0,Appartement,62.0,3.0,54000.0,6.173853,48.680051,2741.935483870968
2022-887342,2022-09-26,2022,76000.0,Appartement,26.0,1.0,54000.0,6.194359,48.678263,2923.076923076923
2022-887348,2022-10-04,2022,153800.0,Appartement,81.0,4.0,54000.0,6.180889,48.701934,1898.7654320987654
2022-887359,2022-09-30,2022,119000.0,Appartement,56.0,3.0,54000.0,6.171359,48.703973,2125.0
2022-887369,2022-09-16,2022,62400.0,Appartement,18.0,1.0,54000.0,6.1734,48.700198,3466.6666666666665
2022-887373,2022-09-29,2022,84000.0,Appartement,42.0,2.0,54000.0,6.198774,48.678259,2000.0
2022-887379,2022-10-04,2022,434500.0,Maison,146.0,7.0,54000.0,6.150906,48.697536,2976.027397260274
2022-887386,2022-10-05,2022,99750.0,Appartement,26.0,1.0,54000.0,6.167019,48.686775,3836.5384615384614
2022-887397,2022-09-20,2022,89000.0,Appartement,65.0,3.0,54000.0,6.191103,48.680366,1369.2307692307693
2022-887405,2022-09-19,2022,334000.0,Appartement,125.0,4.0,54000.0,6.180171,48.694614,2672.0
2022-887413,2022-09-30,2022,390000.0,Appartement,70.0,2.0,54000.0,6.164591,48.69926,5571.428571428572
2022-887427,2022-09-29,2022,150000.0,Appartement,66.0,3.0,54000.0,6.180364,48.701173,2272.7272727272725
2022-887439,2022-10-06,2022,123000.0,Appartement,54.0,2.0,54000.0,6.182941,48.687819,2277.777777777778
2022-887461,2022-09-09,2022,215000.0,Appartement,44.0,2.0,54000.0,6.183635,48.700904,4886.363636363636
2022-887485,2022-09-30,2022,304000.0,Appartement,75.0,3.0,54000.0,6.190539,48.693484,4053.3333333333335
2022-887493,2022-09-05,2022,72500.0,Appartement,37.0,2.0,54000.0,6.165445,48.690435,1959.4594594594594
2022-887498,2022-09-15,2022,170000.0,Appartement,60.0,3.0,54000.0,6.194552,48.689977,2833.3333333333335
2022-887522,2022-10-03,2022,87500.0,Appartement,36.0,2.0,54000.0,6.165551,48.673683,2430.5555555555557
2022-887525,2022-10-06,2022,114500.0,Appartement,48.0,3.0,54000.0,6.180264,48.68455,2385.4166666666665
2022-887527,2022-10-04,2022,155600.0,Appartement,32.0,2.0,54000.0,6.189985,48.697361,4862.5
2022-887531,2022-09-28,2022,179000.0,Appartement,54.0,2.0,54000.0,6.195247,48.69675,3314.814814814815
2022-887532,2022-10-10,2022,78000.0,Appartement,33.0,1.0,54000.0,6.163998,48.682543,2363.6363636363635
2022-887541,2022-10-07,2022,109500.0,Appartement,54.0,2.0,54000.0,6.163562,48.684432,2027.7777777777778
2022-887542,2022-10-10,2022,465500.0,Appartement,170.0,4.0,54000.0,6.180711,48.694727,2738.235294117647
2022-887544,2022-09-29,2022,54000.0,Appartement,26.0,2.0,54000.0,6.170181,48.700943,2076.923076923077
2022-887545,2022-09-22,2022,185000.0,Appartement,79.0,3.0,54000.0,6.195532,48.694835,2341.772151898734
2022-887562,2022-09-30,2022,76300.0,Appartement,63.0,3.0,54000.0,6.176435,48.674031,1211.111111111111
2022-887568,2022-09-29,2022,66000.0,Appartement,76.0,3.0,54000.0,6.162869,48.702886,868.421052631579
2022-887569,2022-09-30,2022,89000.0,Appartement,30.0,1.0,54000.0,6.177142,48.679687,2966.6666666666665
2022-887572,2022-09-30,2022,72500.0,Appartement,75.0,3.0,54000.0,6.167687,48.6985,966.6666666666666
2022-887578,2022-09-28,2022,210000.0,Appartement,103.0,4.0,54000.0,6.19295,48.681165,2038.8349514563106
2022-887590,2022-09-26,2022,157350.0,Appartement,80.0,5.0,54000.0,6.158927,48.690216,1966.875
2022-887596,2022-09-29,2022,223500.0,Appartement,110.0,5.0,54000.0,6.175745,48.691,2031.8181818181818
2022-887597,2022-10-07,2022,58000.0,Appartement,27.0,1.0,54000.0,6.191588,48.688442,2148.1481481481483
2022-887598,2022-10-07,2022,125000.0,Appartement,72.0,3.0,54000.0,6.160346,48.687713,1736.111111111111
2022-887600,2022-10-07,2022,140680.0,Maison,66.0,4.0,54100.0,6.155978,48.704157,2131.5151515151515
2022-887608,2022-09-29,2022,1031000.0,Maison,299.0,12.0,54000.0,6.169755,48.697385,3448.160535117057
2022-887609,2022-09-21,2022,109500.0,Appartement,60.0,3.0,54000.0,6.177927,48.673003,1825.0
2022-887610,2022-10-05,2022,144000.0,Appartement,62.0,2.0,54000.0,6.178449,48.696315,2322.5806451612902
2022-887622,2022-10-06,2022,160000.0,Maison,88.0,4.0,54000.0,6.162974,48.668142,1818.1818181818182
2022-887632,2022-09-27,2022,64000.0,Appartement,26.0,1.0,54000.0,6.17708,48.683908,2461.5384615384614
2022-887643,2022-10-06,2022,290770.0,Appartement,98.0,4.0,54000.0,6.174801,48.681236,2967.0408163265306
2022-887644,2022-09-26,2022,71000.0,Appartement,25.0,1.0,54000.0,6.167247,48.691696,2840.0
2022-887648,2022-09-30,2022,130000.0,Appartement,60.0,3.0,54000.0,6.168014,48.687216,2166.6666666666665
2022-887649,2022-09-28,2022,68000.0,Appartement,44.0,2.0,54000.0,6.162355,48.703701,1545.4545454545455
2022-887650,2022-09-30,2022,82000.0,Appartement,25.0,1.0,54000.0,6.172866,48.686997,3280.0
2022-887678,2022-09-16,2022,138500.0,Appartement,47.0,2.0,54000.0,6.196935,48.694688,2946.808510638298
2022-887692,2022-10-11,2022,79800.0,Appartement,54.0,3.0,54000.0,6.158927,48.690216,1477.7777777777778
2022-887701,2022-09-28,2022,170000.0,Appartement,67.0,3.0,54000.0,6.182914,48.688895,2537.313432835821
2022-887717,2022-09-23,2022,83000.0,Appartement,29.0,1.0,54000.0,6.1951,48.681512,2862.0689655172414
2022-887733,2022-09-23,2022,189000.0,Maison,101.0,5.0,54000.0,6.163165,48.668975,1871.2871287128712
2022-887737,2022-09-21,2022,340000.0,Maison,140.0,5.0,54000.0,6.144096,48.692698,2428.5714285714284
2022-887738,2022-10-13,2022,134000.0,Appartement,68.0,3.0,54000.0,6.163376,48.682369,1970.5882352941176
2022-887751,2022-10-14,2022,150000.0,Appartement,78.0,4.0,54000.0,6.174552,48.674811,1923.076923076923
2022-887769,2022-10-07,2022,52250.0,Maison,20.0,1.0,54000.0,6.197296,48.678282,2612.5
2022-887777,2022-09-16,2022,215000.0,Appartement,120.0,4.0,54000.0,6.188789,48.68889,1791.6666666666667
2022-887778,2022-10-12,2022,140000.0,Appartement,54.0,2.0,54000.0,6.194612,48.688532,2592.5925925925926
2022-887789,2022-10-03,2022,232900.0,Appartement,95.0,4.0,54000.0,6.184468,48.686766,2451.5789473684213
2022-887790,2022-10-12,2022,267000.0,Appartement,87.0,4.0,54000.0,6.16819,48.703325,3068.9655172413795
2022-887794,2022-09-30,2022,93500.0,Appartement,59.0,2.0,54000.0,6.178037,48.67772,1584.7457627118645
2022-887796,2022-10-03,2022,111600.0,Appartement,29.0,1.0,54000.0,6.196623,48.689339,3848.2758620689656
2022-887806,2022-09-28,2022,60000.0,Appartement,39.0,1.0,54000.0,6.174418,48.703309,1538.4615384615386
2022-887814,2022-09-30,2022,125359.0,Appartement,74.0,3.0,54000.0,6.172798,48.672752,1694.0405405405406
2022-887823,2022-10-14,2022,145860.0,Appartement,47.0,2.0,54000.0,6.1951,48.681512,3103.404255319149
2022-887835,2022-10-04,2022,241650.0,Appartement,109.0,4.0,54000.0,6.177405,48.675577,2216.97247706422
2022-887837,2022-09-17,2022,60000.0,Appartement,23.0,1.0,54000.0,6.145376,48.692202,2608.695652173913
2022-887838,2022-10-14,2022,114100.0,Appartement,86.0,4.0,54000.0,6.187272,48.678672,1326.7441860465117
2022-887839,2022-10-11,2022,400000.0,Appartement,28.0,1.0,54000.0,6.163661,48.685278,14285.714285714286
2022-887841,2022-10-10,2022,231900.0,Appartement,65.0,3.0,54000.0,6.194835,48.698054,3567.6923076923076
2022-887845,2022-10-06,2022,177270.0,Appartement,77.0,4.0,54000.0,6.191065,48.68853,2302.2077922077924
2022-887846,2022-10-07,2022,71000.0,Appartement,36.0,1.0,54000.0,6.160249,48.684336,1972.2222222222222
2022-887849,2022-10-10,2022,174000.0,Appartement,66.0,2.0,54000.0,6.179331,48.703253,2636.3636363636365
2022-887851,2022-10-17,2022,81000.0,Appartement,34.0,1.0,54000.0,6.194044,48.690495,2382.3529411764707
2022-887852,2022-10-04,2022,135000.0,Appartement,54.0,2.0,54000.0,6.199403,48.69822,2500.0
2022-887861,2022-10-17,2022,142000.0,Appartement,73.0,4.0,54000.0,6.181581,48.675967,1945.2054794520548
2022-887863,2022-10-06,2022,74200.0,Appartement,30.0,2.0,54000.0,6.180946,48.67438,2473.3333333333335
2022-887884,2022-10-17,2022,118014.0,Appartement,61.0,3.0,54000.0,6.175629,48.705681,1934.655737704918
2022-887887,2022-09-30,2022,48000.0,Appartement,22.0,1.0,54000.0,6.187697,48.689882,2181.818181818182
2022-887893,2022-10-11,2022,142900.0,Appartement,75.0,4.0,54000.0,6.150703,48.696011,1905.3333333333333
2022-887897,2022-09-30,2022,159800.0,Appartement,53.0,3.0,54000.0,6.174122,48.684167,3015.0943396226417
2022-887899,2022-09-28,2022,265000.0,Appartement,83.0,5.0,54000.0,6.176023,48.683108,3192.7710843373493
2022-887902,2022-09-30,2022,164000.0,Appartement,70.0,3.0,54000.0,6.158673,48.689461,2342.8571428571427
2022-887917,2022-10-17,2022,228950.0,Appartement,26.0,1.0,54000.0,6.170438,48.703876,8805.76923076923
2022-887929,2022-10-13,2022,139280.0,Maison,106.0,5.0,54000.0,6.195388,48.6784,1313.9622641509434
2022-887931,2022-10-14,2022,124425.0,Appartement,63.0,3.0,54000.0,6.175016,48.701276,1975.0
2022-887933,2022-10-17,2022,117000.0,Appartement,45.0,2.0,54000.0,6.155053,48.688749,2600.0
2022-887940,2022-09-23,2022,113660.0,Maison,55.0,3.0,54000.0,6.144622,48.696232,2066.5454545454545
2022-887941,2022-10-14,2022,172000.0,Appartement,94.0,3.0,54000.0,6.160249,48.684336,1829.787234042553
2022-887944,2022-10-19,2022,169000.0,Maison,88.0,4.0,54000.0,6.163002,48.668891,1920.4545454545455
2022-887945,2022-10-03,2022,453500.0,Maison,180.0,5.0,54000.0,6.148378,48.689789,2519.4444444444443
2022-887975,2022-10-06,2022,58000.0,Appartement,17.0,1.0,54000.0,6.176435,48.674031,3411.764705882353
2022-887988,2022-10-18,2022,299250.0,Appartement,90.0,3.0,54000.0,6.172878,48.700505,3325.0
2022-888014,2022-09-29,2022,175000.0,Maison,48.0,2.0,54000.0,6.191254,48.699218,3645.8333333333335
2022-888024,2022-10-03,2022,94000.0,Appartement,38.0,3.0,54000.0,6.164141,48.684803,2473.684210526316
2022-888029,2022-09-23,2022,160000.0,Appartement,72.0,3.0,54000.0,6.180034,48.687951,2222.222222222222
2022-888035,2022-10-11,2022,72000.0,Appartement,24.0,1.0,54000.0,6.172866,48.686997,3000.0
2022-888036,2022-10-10,2022,175000.0,Appartement,50.0,2.0,54000.0,6.180483,48.694913,3500.0
2022-888037,2022-10-07,2022,432000.0,Appartement,102.0,4.0,54000.0,6.190112,48.69401,4235.294117647059
2022-888044,2022-10-14,2022,145000.0,Appartement,76.0,2.0,54000.0,6.184795,48.680899,1907.8947368421052
2022-888049,2022-10-13,2022,339000.0,Appartement,175.0,5.0,54000.0,6.185881,48.683608,1937.142857142857
2022-888050,2022-10-12,2022,129000.0,Appartement,63.0,3.0,54000.0,6.151789,48.697849,2047.6190476190477
2022-888055,2022-10-14,2022,179500.0,Appartement,68.0,3.0,54000.0,6.196976,48.681397,2639.705882352941
2022-888064,2022-10-14,2022,128500.0,Appartement,32.0,2.0,54000.0,6.178619,48.69833,4015.625
2022-888067,2022-10-18,2022,126000.0,Appartement,50.0,2.0,54000.0,6.16505,48.684012,2520.0
2022-888078,2022-09-23,2022,505000.0,Maison,140.0,5.0,54000.0,6.163685,48.683449,3607.1428571428573
2022-888084,2022-10-05,2022,251750.0,Appartement,49.0,2.0,54000.0,6.174761,48.680174,5137.755102040816
2022-888088,2022-09-27,2022,61000.0,Appartement,51.0,2.0,54000.0,6.191072,48.679103,1196.078431372549
2022-888092,2022-09-29,2022,104500.0,Appartement,68.0,3.0,54000.0,6.178037,48.67772,1536.764705882353
2022-888111,2022-09-30,2022,332600.0,Maison,62.0,5.0,54000.0,6.18686,48.680527,5364.5161290322585
2022-888127,2022-09-27,2022,260000.0,Maison,82.0,4.0,54000.0,6.150068,48.695264,3170.731707317073
2022-888129,2022-10-04,2022,182500.0,Appartement,77.0,4.0,54000.0,6.166651,48.701563,2370.12987012987
2022-888143,2022-10-12,2022,81800.0,Appartement,27.0,2.0,54000.0,6.169905,48.684067,3029.6296296296296
2022-888154,2022-10-20,2022,164650.0,Appartement,68.0,3.0,54000.0,6.169389,48.703308,2421.323529411765
2022-888155,2022-10-20,2022,200000.0,Appartement,20.0,1.0,54000.0,6.187229,48.687699,10000.0
2022-888165,2022-10-06,2022,50100.0,Appartement,19.0,1.0,54000.0,6.194026,48.694574,2636.842105263158
2022-888170,2022-10-17,2022,97500.0,Appartement,59.0,2.0,54000.0,6.178037,48.67772,1652.542372881356
2022-888186,2022-10-03,2022,104500.0,Appartement,27.0,1.0,54000.0,6.189546,48.690376,3870.3703703703704
2022-888203,2022-10-19,2022,185000.0,Appartement,89.0,2.0,54000.0,6.178114,48.689073,2078.6516853932585
2022-888211,2022-09-26,2022,143000.0,Appartement,59.0,3.0,54000.0,6.177323,48.684077,2423.728813559322
2022-888216,2022-09-26,2022,225000.0,Appartement,100.0,4.0,54000.0,6.185966,48.685474,2250.0
2022-888221,2022-09-30,2022,660000.0,Maison,160.0,5.0,54000.0,6.162937,48.68316,4125.0
2022-888249,2022-10-12,2022,350000.0,Appartement,40.0,3.0,54000.0,6.193914,48.69011,8750.0
2022-888254,2022-09-28,2022,275450.0,Appartement,75.0,4.0,54000.0,6.164119,48.68308,3672.6666666666665
2022-888261,2022-10-19,2022,408500.0,Appartement,90.0,4.0,54000.0,6.170175,48.686948,4538.888888888889
2022-888263,2022-10-19,2022,231800.0,Appartement,84.0,3.0,54000.0,6.192382,48.697415,2759.5238095238096
2022-888264,2022-10-12,2022,190500.0,Maison,89.0,4.0,54000.0,6.164592,48.697607,2140.449438202247
2022-888267,2022-10-05,2022,170250.0,Appartement,69.0,4.0,54000.0,6.181428,48.687036,2467.391304347826
2022-888269,2022-10-20,2022,186000.0,Appartement,149.0,5.0,54000.0,6.182028,48.694468,1248.3221476510066
2022-888288,2022-10-19,2022,187650.0,Appartement,48.0,3.0,54000.0,6.187842,48.694667,3909.375
2022-888291,2022-10-05,2022,185000.0,Appartement,52.0,2.0,54000.0,6.18137,48.699782,3557.6923076923076
2022-888311,2022-10-21,2022,459200.0,Maison,120.0,7.0,54000.0,6.191574,48.686585,3826.6666666666665
2022-888317,2022-10-20,2022,121253.74,Maison,109.0,6.0,54000.0,6.185469,48.678155,1112.4196330275229
2022-888319,2022-10-26,2022,59000.0,Appartement,34.0,1.0,54000.0,6.193363,48.680994,1735.2941176470588
2022-888321,2022-10-05,2022,125032.0,Appartement,66.0,3.0,54000.0,6.181094,48.699747,1894.4242424242425
2022-888324,2022-10-14,2022,330100.0,Maison,115.0,5.0,54000.0,6.185008,48.683788,2870.4347826086955
2022-888325,2022-10-25,2022,235000.0,Appartement,97.0,4.0,54000.0,6.179884,48.679794,2422.680412371134
2022-888327,2022-10-07,2022,283800.0,Appartement,106.0,5.0,54000.0,6.166523,48.698223,2677.3584905660377
2022-888341,2022-10-11,2022,182400.0,Appartement,69.0,4.0,54000.0,6.186175,48.68891,2643.478260869565
2022-888348,2022-10-20,2022,131100.0,Appartement,47.0,3.0,54000.0,6.189485,48.688524,2789.3617021276596
2022-888350,2022-10-20,2022,156750.0,Appartement,73.0,3.0,54000.0,6.163376,48.682369,2147.2602739726026
2022-888361,2022-10-27,2022,66500.0,Appartement,34.0,2.0,54000.0,6.166515,48.682937,1955.8823529411766
2022-888364,2022-10-27,2022,246000.0,Appartement,100.0,3.0,54000.0,6.190492,48.686385,2460.0
2022-888374,2022-10-25,2022,114090.0,Appartement,40.0,2.0,54000.0,6.200194,48.686707,2852.25
2022-888376,2022-10-21,2022,125000.0,Appartement,72.0,3.0,54000.0,6.180034,48.687951,1736.111111111111
2022-888379,2022-10-14,2022,80000.0,Appartement,35.0,2.0,54000.0,6.181233,48.691163,2285.714285714286
2022-888382,2022-10-24,2022,118600.0,Appartement,60.0,2.0,54000.0,6.180247,48.686793,1976.6666666666667
2022-888383,2022-10-24,2022,95000.0,Appartement,49.0,2.0,54000.0,6.166127,48.700467,1938.7755102040817
2022-888387,2022-10-06,2022,90000.0,Appartement,37.0,2.0,54000.0,6.171191,48.70394,2432.4324324324325
2022-888389,2022-10-21,2022,80000.0,Appartement,28.0,1.0,54000.0,6.1951,48.681512,2857.1428571428573
2022-888398,2022-10-12,2022,235700.0,Appartement,76.0,3.0,54000.0,6.177481,48.676963,3101.315789473684
2022-888408,2022-10-21,2022,669000.0,Appartement,55.0,3.0,54000.0,6.177999,48.702434,12163.636363636364
2022-888410,2022-10-18,2022,105000.0,Appartement,42.0,2.0,54000.0,6.188095,48.68915,2500.0
2022-888417,2022-10-17,2022,127000.0,Appartement,51.0,3.0,54000.0,6.162185,48.681856,2490.1960784313724
2022-888418,2022-10-21,2022,152000.0,Appartement,72.0,2.0,54000.0,6.163562,48.701524,2111.1111111111113
2022-888422,2022-09-30,2022,460000.0,Appartement,86.0,3.0,54000.0,6.166278,48.702813,5348.837209302325
2022-888423,2022-09-30,2022,350000.0,Maison,82.0,3.0,54000.0,6.142423,48.694834,4268.292682926829
2022-888424,2022-10-25,2022,74200.0,Appartement,28.0,1.0,54000.0,6.188572,48.688541,2650.0
2022-888425,2022-10-25,2022,97996.0,Appartement,45.0,2.0,54000.0,6.165777,48.700006,2177.688888888889
2022-888426,2022-10-26,2022,100000.0,Appartement,47.0,2.0,54000.0,6.187362,48.682157,2127.659574468085
2022-888427,2022-10-20,2022,89500.0,Appartement,30.0,1.0,54000.0,6.172631,48.685992,2983.3333333333335
2022-888436,2022-10-27,2022,116450.0,Appartement,51.0,2.0,54000.0,6.165126,48.686624,2283.3333333333335
2022-888444,2022-10-13,2022,162000.0,Appartement,72.0,3.0,54000.0,6.180034,48.687951,2250.0
2022-888465,2022-10-27,2022,226430.0,Appartement,81.0,3.0,54000.0,6.174258,48.700711,2795.432098765432
2022-888500,2022-10-11,2022,190000.0,Appartement,80.0,4.0,54000.0,6.174961,48.680682,2375.0
2022-888513,2022-10-14,2022,333000.0,Appartement,96.0,5.0,54000.0,6.160249,48.684336,3468.75
2022-888514,2022-10-24,2022,121700.0,Appartement,80.0,5.0,54000.0,6.158927,48.690216,1521.25
2022-888518,2022-10-17,2022,218500.0,Appartement,85.0,3.0,54000.0,6.184951,48.690255,2570.5882352941176
2022-888523,2022-10-27,2022,83500.0,Appartement,28.0,2.0,54000.0,6.173811,48.67359,2982.1428571428573
2022-888526,2022-10-24,2022,119050.0,Appartement,48.0,2.0,54000.0,6.174287,48.682653,2480.2083333333335
2022-888527,2022-10-14,2022,570000.0,Appartement,189.0,8.0,54000.0,6.163112,48.686484,3015.873015873016
2022-888528,2022-10-21,2022,95050.0,Appartement,31.0,1.0,54000.0,6.175562,48.684428,3066.1290322580644
2022-888540,2022-10-10,2022,101000.0,Appartement,53.0,2.0,54000.0,6.162869,48.702886,1905.6603773584907
2022-888542,2022-10-17,2022,129500.0,Maison,65.0,3.0,54000.0,6.187879,48.684418,1992.3076923076924
2022-888552,2022-10-31,2022,153700.0,Appartement,46.0,2.0,54000.0,6.19739,48.679095,3341.304347826087
2022-888553,2022-10-14,2022,132000.0,Appartement,77.0,3.0,54000.0,6.160249,48.684336,1714.2857142857142
2022-888573,2022-10-26,2022,45000.0,Appartement,35.0,1.0,54000.0,6.17013,48.696585,1285.7142857142858
2022-888581,2022-10-26,2022,140000.0,Maison,66.0,4.0,54100.0,6.156635,48.705167,2121.212121212121
2022-888592,2022-10-26,2022,88500.0,Appartement,36.0,1.0,54000.0,6.186888,48.689638,2458.3333333333335
2022-888637,2022-10-14,2022,345000.0,Maison,69.0,3.0,54000.0,6.154942,48.689823,5000.0
2022-888640,2022-10-18,2022,124800.0,Appartement,44.0,2.0,54000.0,6.191755,48.696366,2836.3636363636365
2022-888644,2022-10-10,2022,119650.0,Appartement,37.0,1.0,54000.0,6.168958,48.682977,3233.7837837837837
2022-888646,2022-10-28,2022,223550.0,Appartement,105.0,5.0,54000.0,6.166523,48.698223,2129.0476190476193
2022-888647,2022-10-13,2022,266000.0,Appartement,110.0,4.0,54000.0,6.163562,48.684432,2418.181818181818
2022-888655,2022-10-12,2022,210000.0,Maison,77.0,5.0,54000.0,6.157477,48.689238,2727.2727272727275
2022-888663,2022-10-21,2022,245000.0,Appartement,94.0,4.0,54000.0,6.195532,48.694835,2606.3829787234044
2022-888664,2022-10-17,2022,235000.0,Appartement,37.0,2.0,54000.0,6.178275,48.679739,6351.351351351352
2022-888665,2022-10-21,2022,117800.0,Appartement,46.0,2.0,54000.0,6.157764,48.696812,2560.8695652173915
2022-888668,2022-10-14,2022,73000.0,Appartement,24.0,1.0,54000.0,6.18239,48.688328,3041.6666666666665
2022-888671,2022-10-25,2022,114000.0,Appartement,52.0,2.0,54000.0,6.196439,48.680481,2192.3076923076924
2022-888672,2022-10-06,2022,70000.0,Appartement,11.0,1.0,54000.0,6.172662,48.686843,6363.636363636364
2022-888674,2022-10-20,2022,262500.0,Appartement,75.0,3.0,54000.0,6.190476,48.696998,3500.0
2022-888681,2022-10-31,2022,236000.0,Appartement,150.0,4.0,54000.0,6.176398,48.683896,1573.3333333333333
2022-888688,2022-10-25,2022,139500.0,Appartement,42.0,2.0,54000.0,6.201383,48.686938,3321.4285714285716
2022-888690,2022-10-28,2022,727000.0,Maison,158.0,7.0,54000.0,6.180954,48.676732,4601.265822784811
2022-888709,2022-10-06,2022,125000.0,Appartement,46.0,2.0,54000.0,6.176198,48.68177,2717.391304347826
2022-888726,2022-10-21,2022,270000.0,Maison,150.0,6.0,54000.0,6.171401,48.686007,1800.0
2022-888745,2022-10-21,2022,125000.0,Appartement,76.0,3.0,54000.0,6.160249,48.684336,1644.7368421052631
2022-888749,2022-10-26,2022,161500.0,Appartement,86.0,4.0,54000.0,6.155874,48.690682,1877.906976744186
2022-888753,2022-10-28,2022,413500.0,Appartement,146.0,5.0,54000.0,6.172911,48.688061,2832.1917808219177
2022-888754,2022-10-27,2022,231800.0,Appartement,80.0,4.0,54000.0,6.164714,48.683236,2897.5
2022-888755,2022-11-02,2022,110000.0,Appartement,49.0,2.0,54000.0,6.194359,48.678263,2244.8979591836733
2022-888757,2022-10-18,2022,700000.0,Appartement,45.0,2.0,54000.0,6.180935,48.691272,15555.555555555555
2022-888762,2022-11-07,2022,58000.0,Appartement,21.0,1.0,54000.0,6.19121,48.686081,2761.904761904762
2022-888764,2022-11-03,2022,47400.0,Appartement,15.0,1.0,54000.0,6.166431,48.683729,3160.0
2022-888765,2022-10-18,2022,357000.0,Appartement,124.0,4.0,54000.0,6.191821,48.683608,2879.032258064516
2022-888784,2022-10-21,2022,120000.0,Appartement,41.0,2.0,54000.0,6.172777,48.683984,2926.829268292683
2022-888796,2022-10-19,2022,117800.0,Appartement,50.0,2.0,54000.0,6.168396,48.694586,2356.0
2022-888800,2022-10-27,2022,85000.0,Appartement,35.0,2.0,54000.0,6.198025,48.680738,2428.5714285714284
2022-888801,2022-10-17,2022,47000.0,Appartement,15.0,1.0,54000.0,6.178117,48.68351,3133.3333333333335
2022-888805,2022-10-17,2022,210880.0,Appartement,75.0,2.0,54000.0,6.184795,48.680899,2811.733333333333
2022-888809,2022-10-21,2022,55000.0,Appartement,19.0,2.0,54000.0,6.174521,48.702165,2894.7368421052633
2022-888817,2022-10-06,2022,191600.0,Appartement,68.0,3.0,54000.0,6.168029,48.697829,2817.6470588235293
2022-888822,2022-10-17,2022,263350.0,Appartement,70.0,3.0,54000.0,6.174894,48.683971,3762.1428571428573
2022-888842,2022-10-14,2022,115000.0,Appartement,56.0,2.0,54000.0,6.17441,48.683433,2053.5714285714284
2022-888848,2022-11-02,2022,490500.0,Appartement,38.0,2.0,54000.0,6.172489,48.673436,12907.894736842105
2022-888874,2022-10-27,2022,59000.0,Appartement,27.0,1.0,54000.0,6.183988,48.68795,2185.185185185185
2022-888882,2022-10-14,2022,62300.0,Appartement,18.0,1.0,54000.0,6.1734,48.700198,3461.1111111111113
2022-888883,2022-11-03,2022,131600.0,Appartement,56.0,3.0,54000.0,6.173608,48.68358,2350.0
2022-888895,2022-10-17,2022,102000.0,Appartement,65.0,2.0,54000.0,6.178022,48.683682,1569.2307692307693
2022-888896,2022-11-02,2022,39600.0,Appartement,26.0,1.0,54000.0,6.193984,48.686094,1523.076923076923
2022-888905,2022-11-03,2022,116000.0,Appartement,111.0,3.0,54000.0,6.178449,48.696315,1045.045045045045
2022-888909,2022-11-02,2022,235000.0,Appartement,70.0,3.0,54000.0,6.163577,48.68727,3357.1428571428573
2022-888911,2022-11-08,2022,84000.0,Appartement,66.0,4.0,54000.0,6.1488,48.691485,1272.7272727272727
2022-888921,2022-10-18,2022,215000.0,Appartement,68.0,3.0,54000.0,6.17595,48.681277,3161.764705882353
2022-888927,2022-11-03,2022,60000.0,Appartement,24.0,1.0,54000.0,6.158498,48.69836,2500.0
2022-888930,2022-10-14,2022,69000.0,Appartement,27.0,1.0,54000.0,6.194359,48.678263,2555.5555555555557
2022-888934,2022-10-14,2022,475000.0,Maison,183.0,7.0,54000.0,6.146856,48.690123,2595.6284153005463
2022-888963,2022-11-09,2022,69000.0,Appartement,28.0,1.0,54000.0,6.182002,48.702075,2464.285714285714
2022-888982,2022-10-14,2022,92500.0,Appartement,46.0,2.0,54000.0,6.175249,48.67664,2010.8695652173913
2022-888985,2022-10-11,2022,95000.0,Appartement,38.0,2.0,54000.0,6.175574,48.679819,2500.0
2022-888989,2022-11-02,2022,150000.0,Appartement,86.0,4.0,54000.0,6.180034,48.687951,1744.1860465116279
2022-889002,2022-11-08,2022,67270.0,Appartement,29.0,1.0,54000.0,6.162355,48.703701,2319.655172413793
2022-889009,2022-11-04,2022,121125.0,Appartement,38.0,2.0,54000.0,6.192353,48.696656,3187.5
2022-889011,2022-11-04,2022,128108.7,Appartement,45.0,2.0,54000.0,6.168911,48.702387,2846.86
2022-889013,2022-10-21,2022,131000.0,Appartement,24.0,1.0,54000.0,6.17708,48.683908,5458.333333333333
2022-889019,2022-10-14,2022,93070.0,Appartement,42.0,2.0,54000.0,6.183983,48.691662,2215.9523809523807
2022-889020,2022-10-18,2022,70000.0,Appartement,39.0,2.0,54000.0,6.181406,48.702086,1794.871794871795
2022-889032,2022-10-27,2022,75105.0,Appartement,19.0,1.0,54000.0,,,3952.8947368421054
2022-889041,2022-11-09,2022,60000.0,Appartement,36.0,2.0,54000.0,6.180081,48.691168,1666.6666666666667
2022-889049,2022-10-26,2022,951000.0,Maison,241.0,9.0,54000.0,6.164752,48.684799,3946.058091286307
2022-889070,2022-11-14,2022,132500.0,Appartement,66.0,2.0,54000.0,6.188827,48.67951,2007.5757575757575
2022-889073,2022-11-10,2022,260000.0,Appartement,109.0,5.0,54000.0,6.160249,48.684336,2385.321100917431
2022-889076,2022-11-15,2022,280250.0,Appartement,91.0,4.0,54000.0,6.189892,48.691189,3079.6703296703295
2022-889088,2022-11-07,2022,200000.0,Appartement,40.0,2.0,54000.0,6.171617,48.684887,5000.0
2022-889091,2022-11-09,2022,334000.0,Appartement,88.0,4.0,54000.0,6.182379,48.684821,3795.4545454545455
2022-889105,2022-11-07,2022,84000.0,Appartement,69.0,4.0,54000.0,6.141004,48.692334,1217.391304347826
2022-889114,2022-10-31,2022,250000.0,Appartement,78.0,4.0,54000.0,6.164877,48.677109,3205.128205128205
2022-889116,2022-11-10,2022,132000.0,Appartement,58.0,3.0,54000.0,6.18918,48.690852,2275.862068965517
2022-889121,2022-10-26,2022,136000.0,Appartement,83.0,4.0,54000.0,6.187272,48.678672,1638.55421686747
2022-889126,2022-10-31,2022,270000.0,Appartement,78.0,4.0,54000.0,6.164877,48.677109,3461.5384615384614
2022-889127,2022-11-03,2022,200000.0,Appartement,90.0,4.0,54000.0,6.170484,48.688577,2222.222222222222
2022-889135,2022-11-16,2022,381000.0,Maison,184.0,7.0,54000.0,6.162782,48.703911,2070.6521739130435
2022-889139,2022-11-04,2022,141550.0,Appartement,65.0,3.0,54000.0,6.179591,48.674687,2177.6923076923076
2022-889142,2022-11-03,2022,85500.0,Appartement,55.0,3.0,54000.0,6.161118,48.685859,1554.5454545454545
2022-889146,2022-10-28,2022,270020.0,Maison,124.0,4.0,54000.0,6.144065,48.693419,2177.5806451612902
2022-889151,2022-10-26,2022,184000.0,Appartement,57.0,1.0,54000.0,6.182343,48.701368,3228.0701754385964
2022-889152,2022-11-14,2022,422750.0,Maison,160.0,7.0,54000.0,6.180013,48.67927,2642.1875
2022-889160,2022-10-19,2022,61580.0,Appartement,19.0,1.0,54000.0,6.180512,48.682182,3241.0526315789475
2022-889163,2022-10-27,2022,95000.0,Appartement,51.0,4.0,54000.0,6.191365,48.686239,1862.7450980392157
2022-889168,2022-11-02,2022,180800.0,Appartement,100.0,5.0,54000.0,6.175016,48.701276,1808.0
2022-889175,2022-10-27,2022,150000.0,Appartement,65.0,3.0,54000.0,6.165371,48.668015,2307.6923076923076
2022-889192,2022-11-07,2022,107760.0,Appartement,45.0,2.0,54000.0,6.18708,48.694986,2394.6666666666665
2022-889193,2022-10-31,2022,245000.0,Appartement,74.0,4.0,54000.0,6.164877,48.677109,3310.810810810811
2022-889194,2022-10-31,2022,283000.0,Appartement,69.0,3.0,54000.0,6.181431,48.700605,4101.449275362319
2022-889199,2022-10-26,2022,74000.0,Appartement,30.0,1.0,54000.0,6.175823,48.674721,2466.6666666666665
2022-889211,2022-11-07,2022,290500.0,Appartement,98.0,4.0,54000.0,6.200865,48.699118,2964.285714285714
2022-889219,2022-10-21,2022,78692.0,Appartement,50.0,2.0,54000.0,6.186764,48.689389,1573.84
2022-889220,2022-10-20,2022,70646.0,Appartement,25.0,1.0,54000.0,6.158498,48.69836,2825.84
2022-889222,2022-11-15,2022,80000.0,Appartement,32.0,2.0,54000.0,6.164702,48.683991,2500.0
2022-889226,2022-11-08,2022,70000.0,Appartement,44.0,2.0,54000.0,6.198774,48.678259,1590.909090909091
2022-889232,2022-10-14,2022,65835.0,Appartement,25.0,1.0,54000.0,6.188382,48.684669,2633.4
2022-889258,2022-10-31,2022,1050000.0,Maison,156.0,5.0,54000.0,6.187124,48.69299,6730.7692307692305
2022-889275,2022-11-09,2022,149000.0,Appartement,56.0,2.0,54000.0,6.19659,48.693185,2660.714285714286
2022-889280,2022-11-07,2022,69790.0,Appartement,29.0,1.0,54000.0,6.162355,48.703701,2406.551724137931
2022-889281,2022-11-16,2022,62000.0,Appartement,31.0,1.0,54000.0,6.196678,48.698292,2000.0
2022-889295,2022-10-24,2022,202000.0,Appartement,60.0,3.0,54000.0,6.171074,48.684637,3366.6666666666665
2022-889306,2022-11-09,2022,250000.0,Appartement,90.0,4.0,54000.0,6.162772,48.682346,2777.777777777778
2022-889311,2022-11-07,2022,82500.0,Appartement,28.0,1.0,54000.0,6.182685,48.689936,2946.4285714285716
2022-889313,2022-11-08,2022,77000.0,Appartement,22.0,1.0,54000.0,6.178843,48.693545,3500.0
2022-889318,2022-11-15,2022,350000.0,Maison,100.0,5.0,54000.0,6.182053,48.701972,3500.0
2022-889320,2022-11-09,2022,231820.0,Appartement,120.0,4.0,54000.0,6.169602,48.697924,1931.8333333333333
2022-889329,2022-11-10,2022,225000.0,Maison,113.0,4.0,54000.0,6.166313,48.668542,1991.1504424778761
2022-889334,2022-11-10,2022,30000.0,Appartement,27.0,1.0,54000.0,6.178379,48.701854,1111.111111111111
2022-889335,2022-11-16,2022,161110.0,Appartement,67.0,3.0,54000.0,6.186682,48.6932,2404.626865671642
2022-889345,2022-11-09,2022,89000.0,Appartement,47.0,2.0,54000.0,6.186319,48.704749,1893.6170212765958
2022-889364,2022-11-10,2022,145000.0,Appartement,53.0,2.0,54000.0,6.163733,48.684709,2735.8490566037735
2022-889398,2022-11-16,2022,112100.0,Appartement,56.0,3.0,54000.0,6.163887,48.686777,2001.7857142857142
2022-889424,2022-11-17,2022,237000.0,Appartement,106.0,5.0,54000.0,6.153475,48.690674,2235.8490566037735
2022-889429,2022-11-08,2022,167000.0,Appartement,47.0,2.0,54000.0,6.188608,48.698778,3553.191489361702
2022-889431,2022-10-21,2022,175550.0,Appartement,83.0,3.0,54000.0,6.178927,48.674128,2115.0602409638554
2022-889436,2022-11-17,2022,45000.0,Appartement,33.0,2.0,54000.0,6.1812,48.700839,1363.6363636363637
2022-889437,2022-10-25,2022,125700.0,Appartement,57.0,3.0,54000.0,6.158365,48.696716,2205.2631578947367
2022-889454,2022-10-26,2022,220000.0,Appartement,134.0,5.0,54000.0,6.185049,48.68817,1641.7910447761194
2022-889457,2022-10-28,2022,122500.0,Appartement,46.0,2.0,54000.0,6.175249,48.67664,2663.0434782608695
2022-889481,2022-11-16,2022,400600.0,Maison,100.0,4.0,54000.0,6.161199,48.687953,4006.0
2022-889486,2022-11-22,2022,114950.0,Appartement,47.0,2.0,54000.0,6.178147,48.684253,2445.744680851064
2022-889492,2022-11-22,2022,456000.0,Appartement,60.0,1.0,54000.0,6.179391,48.696635,7600.0
2022-889494,2022-11-10,2022,116000.0,Appartement,60.0,3.0,54000.0,6.165777,48.700006,1933.3333333333333
2022-889507,2022-11-08,2022,62000.0,Appartement,38.0,2.0,54000.0,6.197891,48.677125,1631.578947368421
2022-889512,2022-10-20,2022,625000.0,Maison,150.0,4.0,54000.0,6.147227,48.694324,4166.666666666667
2022-889515,2022-11-04,2022,295000.0,Appartement,120.0,5.0,54000.0,6.181328,48.689398,2458.3333333333335
2022-889533,2022-10-10,2022,72500.0,Appartement,70.0,3.0,54000.0,6.173176,48.698312,1035.7142857142858
2022-889535,2022-11-09,2022,460750.0,Maison,171.0,8.0,54000.0,6.180045,48.674917,2694.4444444444443
2022-889536,2022-11-03,2022,535000.0,Appartement,38.0,1.0,54000.0,6.162611,48.695166,14078.947368421053
2022-889538,2022-11-07,2022,94000.0,Appartement,36.0,2.0,54000.0,6.169208,48.683812,2611.1111111111113
2022-889546,2022-11-14,2022,95000.0,Appartement,35.0,2.0,54000.0,6.200194,48.686707,2714.285714285714
2022-889550,2022-11-18,2022,252000.0,Appartement,106.0,5.0,54000.0,6.189811,48.699622,2377.3584905660377
2022-889551,2022-11-23,2022,125000.0,Appartement,50.0,2.0,54000.0,6.196678,48.698292,2500.0
2022-889556,2022-11-10,2022,110000.0,Appartement,39.0,2.0,54000.0,6.166184,48.671027,2820.5128205128203
2022-889567,2022-10-26,2022,66300.0,Appartement,19.0,1.0,54000.0,6.183541,48.688037,3489.4736842105262
2022-889573,2022-10-27,2022,200000.0,Appartement,61.0,3.0,54000.0,6.169895,48.687621,3278.688524590164
2022-889586,2022-10-28,2022,130000.0,Appartement,101.0,5.0,54000.0,6.179435,48.682157,1287.1287128712872
2022-889590,2022-11-21,2022,243760.0,Appartement,109.0,4.0,54000.0,6.167019,48.686775,2236.330275229358
2022-889594,2022-11-07,2022,154600.0,Appartement,60.0,3.0,54000.0,6.1692,48.68406,2576.6666666666665
2022-889599,2022-11-10,2022,88000.0,Appartement,50.0,3.0,54000.0,6.179992,48.702732,1760.0
2022-889604,2022-11-21,2022,215000.0,Appartement,61.0,3.0,54000.0,6.173998,48.672596,3524.590163934426
2022-889622,2022-11-21,2022,162285.0,Appartement,33.0,2.0,54000.0,6.182127,48.700933,4917.727272727273
2022-889624,2022-11-22,2022,564000.0,Appartement,56.0,3.0,54000.0,6.167255,48.678669,10071.42857142857
2022-889645,2022-10-26,2022,246100.0,Maison,94.0,4.0,54100.0,6.141185,48.701475,2618.0851063829787
2022-889660,2022-11-14,2022,393000.0,Appartement,166.0,6.0,54000.0,6.17215,48.691416,2367.4698795180725
2022-889668,2022-11-09,2022,230000.0,Appartement,50.0,3.0,54000.0,6.165811,48.676474,4600.0
2022-889670,2022-11-03,2022,110500.0,Appartement,51.0,3.0,54000.0,6.138649,48.691662,2166.6666666666665
2022-889672,2022-11-09,2022,348500.0,Maison,138.0,4.0,54000.0,6.164725,48.692295,2525.3623188405795
2022-889677,2022-11-07,2022,361500.0,Appartement,126.0,7.0,54000.0,6.160249,48.684336,2869.0476190476193
2022-889690,2022-11-07,2022,125600.0,Appartement,66.0,3.0,54000.0,6.18729,48.684453,1903.030303030303
2022-889692,2022-11-22,2022,173500.0,Appartement,109.0,5.0,54000.0,6.18729,48.684453,1591.7431192660551
2022-889697,2022-11-18,2022,400956.0,Appartement,51.0,3.0,54000.0,6.169735,48.701886,7861.882352941177
2022-889711,2022-11-25,2022,752000.0,Appartement,166.0,5.0,54000.0,6.175895,48.682251,4530.120481927711
2022-889715,2022-11-24,2022,225700.0,Appartement,75.0,3.0,54000.0,6.167019,48.686775,3009.3333333333335
2022-889724,2022-11-09,2022,85000.0,Appartement,32.0,1.0,54000.0,6.179198,48.676703,2656.25
2022-889740,2022-11-25,2022,230000.0,Appartement,80.0,3.0,54000.0,6.177505,48.692311,2875.0
2022-889742,2022-11-16,2022,126850.0,Appartement,39.0,2.0,54000.0,6.176682,48.683508,3252.5641025641025
2022-889745,2022-11-10,2022,339500.0,Maison,78.0,4.0,54000.0,6.140595,48.695251,4352.5641025641025
2022-889755,2022-11-18,2022,132100.0,Appartement,72.0,3.0,54000.0,6.168844,48.669679,1834.7222222222222
2022-889766,2022-11-17,2022,184000.0,Appartement,70.0,3.0,54000.0,6.17625,48.701298,2628.5714285714284
2022-889767,2022-11-18,2022,158600.0,Appartement,68.0,3.0,54000.0,6.199403,48.69822,2332.3529411764707
2022-889780,2022-11-04,2022,80000.0,Appartement,60.0,3.0,54000.0,6.179009,48.674391,1333.3333333333333
2022-889802,2022-09-28,2022,100000.0,Appartement,46.0,3.0,54000.0,6.168198,48.68234,2173.913043478261
2022-889819,2022-11-18,2022,160000.0,Appartement,66.0,3.0,54000.0,6.173998,48.672596,2424.242424242424
2022-889820,2022-11-22,2022,268000.0,Appartement,30.0,2.0,54000.0,6.148808,48.697135,8933.333333333334
2022-889829,2022-11-22,2022,56000.0,Maison,43.0,3.0,54000.0,6.15604,48.69524,1302.3255813953488
2022-889830,2022-11-25,2022,53500.0,Appartement,21.0,1.0,54000.0,6.177818,48.673537,2547.6190476190477
2022-889835,2022-11-24,2022,290000.0,Appartement,180.0,6.0,54000.0,6.176196,48.691923,1611.111111111111
2022-889842,2022-11-25,2022,86000.0,Appartement,37.0,1.0,54000.0,6.175313,48.702473,2324.324324324324
2022-889846,2022-11-25,2022,350000.0,Appartement,87.0,2.0,54000.0,6.182379,48.684821,4022.9885057471265
2022-889852,2022-11-25,2022,59500.0,Appartement,25.0,1.0,54000.0,,,2380.0
2022-889866,2022-11-21,2022,132600.0,Appartement,44.0,2.0,54000.0,6.173115,48.688957,3013.6363636363635
2022-889867,2022-02-04,2022,65000.0,Appartement,22.0,1.0,54000.0,6.187697,48.689882,2954.5454545454545
2022-889877,2022-11-04,2022,52000.0,Appartement,18.0,1.0,54000.0,6.178117,48.68351,2888.8888888888887
2022-889886,2022-11-17,2022,92000.0,Appartement,72.0,3.0,54000.0,6.194022,48.697908,1277.7777777777778
2022-889893,2022-11-23,2022,61000.0,Appartement,32.0,1.0,54000.0,6.194044,48.690495,1906.25
2022-889894,2022-11-18,2022,123000.0,Appartement,81.0,4.0,54000.0,6.194022,48.697908,1518.5185185185185
2022-889922,2022-11-25,2022,155650.0,Appartement,81.0,3.0,54000.0,6.186536,48.677963,1921.6049382716049
2022-889926,2022-11-29,2022,288000.0,Appartement,75.0,3.0,54000.0,6.190539,48.693484,3840.0
2022-889929,2022-11-22,2022,120530.0,Appartement,35.0,2.0,54000.0,6.16488,48.686841,3443.714285714286
2022-889930,2022-11-03,2022,112500.0,Appartement,104.0,5.0,54000.0,6.175352,48.678559,1081.7307692307693
2022-889931,2022-11-16,2022,376500.0,Appartement,86.0,2.0,54000.0,6.19479,48.69343,4377.906976744186
2022-889939,2022-11-15,2022,205000.0,Maison,88.0,3.0,54000.0,6.162419,48.680697,2329.5454545454545
2022-889940,2022-11-17,2022,117500.0,Appartement,69.0,4.0,54000.0,6.16703,48.686271,1702.8985507246377
2022-889953,2022-11-09,2022,85000.0,Appartement,33.0,1.0,54000.0,6.167996,48.684487,2575.757575757576
2022-889955,2022-11-24,2022,94700.0,Appartement,50.0,2.0,54000.0,6.167237,48.698103,1894.0
2022-889969,2022-11-10,2022,129200.0,Appartement,170.0,6.0,54000.0,6.184701,48.683291,760.0
2022-889975,2022-11-30,2022,385000.0,Appartement,41.0,2.0,54000.0,6.19026,48.676426,9390.243902439024
2022-889995,2022-11-07,2022,219500.0,Appartement,170.0,6.0,54000.0,6.184701,48.683291,1291.1764705882354
2022-890001,2022-11-08,2022,118750.0,Appartement,49.0,2.0,54000.0,6.147185,48.696382,2423.469387755102
2022-890015,2022-11-21,2022,145000.0,Appartement,71.0,3.0,54000.0,6.185305,48.685949,2042.2535211267605
2022-890020,2022-11-29,2022,222000.0,Appartement,67.0,3.0,54000.0,6.185524,48.683288,3313.4328358208954
2022-890026,2022-11-10,2022,92500.0,Appartement,48.0,2.0,54000.0,6.163998,48.682543,1927.0833333333333
2022-890029,2022-11-21,2022,206000.0,Appartement,81.0,4.0,54000.0,6.167019,48.686775,2543.2098765432097
2022-890030,2022-11-17,2022,112500.0,Appartement,68.0,3.0,54000.0,6.194318,48.677892,1654.4117647058824
2022-890050,2022-12-01,2022,215000.0,Appartement,16.0,1.0,54000.0,6.185914,48.688227,13437.5
2022-890053,2022-11-09,2022,220000.0,Appartement,41.0,2.0,54000.0,6.181454,48.690989,5365.8536585365855
2022-890054,2022-11-10,2022,75600.0,Appartement,38.0,1.0,54000.0,6.187298,48.685711,1989.4736842105262
2022-890056,2022-12-01,2022,243000.0,Appartement,78.0,3.0,54000.0,6.181094,48.699747,3115.3846153846152
2022-890066,2022-11-29,2022,73000.0,Appartement,30.0,2.0,54000.0,6.194044,48.690495,2433.3333333333335
2022-890068,2022-11-30,2022,84550.0,Appartement,40.0,2.0,54000.0,6.198025,48.680738,2113.75
2022-890071,2022-11-29,2022,173800.0,Appartement,102.0,5.0,54000.0,6.150064,48.691307,1703.921568627451
2022-890077,2022-12-02,2022,90000.0,Appartement,34.0,2.0,54000.0,6.172417,48.674908,2647.0588235294117
2022-890080,2022-11-29,2022,661200.0,Appartement,169.0,5.0,54000.0,6.173526,48.699644,3912.4260355029587
2022-890081,2022-11-29,2022,79000.0,Appartement,42.0,2.0,54000.0,6.179727,48.683306,1880.952380952381
2022-890082,2022-11-24,2022,271000.0,Maison,81.0,3.0,54000.0,6.1862,48.679211,3345.679012345679
2022-890102,2022-11-10,2022,115000.0,Appartement,70.0,3.0,54000.0,6.162332,48.687834,1642.857142857143
2022-890121,2022-11-23,2022,175000.0,Appartement,59.0,3.0,54000.0,6.17857,48.702163,2966.101694915254
2022-890132,2022-11-25,2022,155000.0,Appartement,79.0,4.0,54000.0,6.187239,48.689122,1962.0253164556962
2022-890137,2022-11-30,2022,68500.0,Appartement,38.0,2.0,54000.0,6.145376,48.692202,1802.6315789473683
2022-890138,2022-11-25,2022,65000.0,Appartement,26.0,1.0,54000.0,6.177605,48.684528,2500.0
2022-890150,2022-11-18,2022,57250.0,Appartement,18.0,1.0,54000.0,6.1734,48.700198,3180.5555555555557
2022-890152,2022-12-01,2022,275500.0,Maison,90.0,4.0,54000.0,6.171736,48.675281,3061.1111111111113
2022-890157,2022-12-05,2022,133000.0,Appartement,46.0,1.0,54000.0,6.184378,48.6887,2891.304347826087
2022-890190,2022-12-02,2022,170350.0,Appartement,95.0,5.0,54000.0,6.170787,48.691,1793.157894736842
2022-890194,2022-11-24,2022,167435.0,Appartement,61.0,3.0,54000.0,6.172631,48.685992,2744.8360655737706
2022-890209,2022-12-02,2022,133000.0,Appartement,70.0,3.0,54000.0,6.170936,48.690024,1900.0
2022-890210,2022-12-02,2022,151000.0,Appartement,68.0,3.0,54000.0,6.163007,48.679244,2220.5882352941176
2022-890215,2022-11-23,2022,74000.0,Appartement,45.0,2.0,54000.0,6.198774,48.678259,1644.4444444444443
2022-890224,2022-11-23,2022,188688.0,Appartement,84.0,3.0,54000.0,6.174757,48.679565,2246.285714285714
2022-890225,2022-12-02,2022,77000.0,Appartement,61.0,3.0,54000.0,6.179447,48.702447,1262.295081967213
2022-890228,2022-12-05,2022,44500.0,Appartement,14.0,1.0,54000.0,6.176371,48.705751,3178.5714285714284
2022-890230,2022-11-25,2022,161000.0,Appartement,75.0,3.0,54000.0,6.160339,48.686271,2146.6666666666665
2022-890239,2022-11-23,2022,159500.0,Appartement,59.0,2.0,54000.0,6.161218,48.686613,2703.3898305084745
2022-890240,2022-12-05,2022,190000.0,Appartement,86.0,4.0,54000.0,6.185305,48.685949,2209.3023255813955
2022-890266,2022-11-25,2022,215000.0,Maison,119.0,5.0,54000.0,6.190392,48.702204,1806.7226890756303
2022-890271,2022-11-16,2022,84550.0,Appartement,40.0,3.0,54000.0,6.177729,48.685272,2113.75
2022-890273,2022-11-21,2022,69000.0,Appartement,50.0,2.0,54000.0,6.165719,48.674499,1380.0
2022-890274,2022-11-30,2022,89000.0,Appartement,66.0,4.0,54000.0,6.161941,48.692737,1348.4848484848485
2022-890277,2022-11-29,2022,66730.0,Appartement,14.0,1.0,54000.0,6.171421,48.68962,4766.428571428572
2022-890285,2022-11-25,2022,57750.0,Appartement,41.0,2.0,54000.0,6.176435,48.674031,1408.5365853658536
2022-890287,2022-11-30,2022,138000.0,Maison,45.0,1.0,54000.0,6.180768,48.702194,3066.6666666666665
2022-890319,2022-12-05,2022,145000.0,Appartement,60.0,2.0,54000.0,6.179643,48.692867,2416.6666666666665
2022-890323,2022-12-07,2022,227000.0,Maison,81.0,4.0,54000.0,6.167176,48.671193,2802.4691358024693
2022-890324,2022-11-23,2022,68300.0,Appartement,75.0,3.0,54000.0,6.184701,48.683291,910.6666666666666
2022-890325,2022-12-02,2022,172500.0,Appartement,74.0,4.0,54000.0,6.175217,48.694426,2331.0810810810813
2022-890340,2022-12-06,2022,72500.0,Appartement,27.0,1.0,54000.0,6.191588,48.688442,2685.185185185185
2022-890342,2022-12-06,2022,86800.0,Appartement,36.0,2.0,54000.0,6.171191,48.70394,2411.1111111111113
2022-890347,2022-12-02,2022,79000.0,Appartement,41.0,2.0,54000.0,6.173787,48.701137,1926.8292682926829
2022-890352,2022-12-03,2022,114000.0,Appartement,76.0,4.0,54000.0,6.177146,48.681032,1500.0
2022-890355,2022-11-29,2022,465000.0,Maison,160.0,6.0,54000.0,6.179573,48.679057,2906.25
2022-890360,2022-12-05,2022,300000.0,Maison,120.0,5.0,54000.0,6.140694,48.695961,2500.0
2022-890361,2022-12-07,2022,179200.0,Appartement,70.0,3.0,54000.0,6.174704,48.679183,2560.0
2022-890362,2022-11-15,2022,122000.0,Appartement,50.0,2.0,54000.0,6.173955,48.682427,2440.0
2022-890363,2022-12-05,2022,106980.0,Appartement,49.0,2.0,54000.0,6.160346,48.687713,2183.265306122449
2022-890371,2022-11-21,2022,110000.0,Appartement,46.0,2.0,54000.0,6.174116,48.677701,2391.304347826087
2022-890372,2022-12-06,2022,557904.0,Appartement,64.0,3.0,54000.0,6.172003,48.687753,8717.25
2022-890374,2022-12-07,2022,180550.0,Appartement,32.0,2.0,54000.0,6.171939,48.673469,5642.1875
2022-890404,2022-11-30,2022,93100.0,Appartement,54.0,3.0,54000.0,6.190436,48.68678,1724.0740740740741
2022-890406,2022-12-08,2022,152200.0,Appartement,58.0,2.0,54000.0,6.179964,48.701988,2624.137931034483
2022-890412,2022-12-08,2022,475000.0,Appartement,134.0,4.0,54000.0,6.171118,48.690389,3544.776119402985
2022-890414,2022-12-12,2022,84899.0,Appartement,47.0,2.0,54000.0,6.187721,48.684215,1806.3617021276596
2022-890417,2022-12-05,2022,120000.0,Appartement,62.0,2.0,54000.0,6.168177,48.686408,1935.483870967742
2022-890425,2022-12-01,2022,235250.0,Appartement,77.0,4.0,54000.0,6.16744,48.689837,3055.194805194805
2022-890428,2022-12-09,2022,340000.0,Appartement,95.0,3.0,54000.0,6.168305,48.70396,3578.9473684210525
2022-890442,2022-12-06,2022,910000.0,Appartement,143.0,7.0,54000.0,6.17337,48.688632,6363.636363636364
2022-890443,2022-12-08,2022,140600.0,Appartement,63.0,1.0,54000.0,6.170319,48.689789,2231.746031746032
2022-890446,2022-12-01,2022,598000.0,Appartement,181.0,6.0,54000.0,6.168305,48.70396,3303.8674033149173
2022-890450,2022-11-29,2022,63500.0,Appartement,23.0,1.0,54000.0,6.167096,48.699082,2760.8695652173915
2022-890488,2022-12-09,2022,130000.0,Appartement,61.0,3.0,54000.0,6.181239,48.693731,2131.1475409836066
2022-890489,2022-11-18,2022,111000.0,Appartement,49.0,2.0,54000.0,6.189495,48.692394,2265.3061224489797
2022-890490,2022-11-25,2022,172000.0,Appartement,78.0,3.0,54000.0,6.160249,48.684336,2205.128205128205
2022-890503,2022-12-09,2022,80000.0,Appartement,32.0,2.0,54000.0,6.166775,48.702017,2500.0
2022-890505,2022-12-12,2022,357000.0,Maison,120.0,4.0,54000.0,6.175217,48.694426,2975.0
2022-890510,2022-12-09,2022,77400.0,Appartement,34.0,1.0,54000.0,6.174817,48.703128,2276.470588235294
2022-890517,2022-12-09,2022,600000.0,Appartement,49.0,3.0,54000.0,6.184514,48.690468,12244.897959183674
2022-890522,2022-11-18,2022,51000.0,Appartement,18.0,1.0,54000.0,6.178117,48.68351,2833.3333333333335
2022-890523,2022-12-09,2022,55000.0,Appartement,28.0,1.0,54000.0,6.1951,48.681512,1964.2857142857142
2022-890525,2022-12-06,2022,190000.0,Appartement,123.0,5.0,54000.0,6.178503,48.676004,1544.7154471544716
2022-890529,2022-12-12,2022,181000.0,Appartement,22.0,1.0,54000.0,6.192174,48.689203,8227.272727272728
2022-890532,2022-12-12,2022,155000.0,Appartement,97.0,4.0,54000.0,6.163562,48.684432,1597.9381443298969
2022-890538,2022-11-17,2022,266300.0,Appartement,98.0,4.0,54000.0,6.185305,48.685949,2717.3469387755104
2022-890546,2022-11-29,2022,83550.0,Appartement,31.0,1.0,54000.0,6.179428,48.700494,2695.1612903225805
2022-890549,2022-12-06,2022,141500.0,Appartement,80.0,4.0,54000.0,6.161335,48.686623,1768.75
2022-890559,2022-12-09,2022,115000.0,Appartement,47.0,2.0,54000.0,6.178147,48.684253,2446.808510638298
2022-890575,2022-12-12,2022,209800.0,Appartement,88.0,4.0,54000.0,6.165233,48.696106,2384.090909090909
2022-890577,2022-12-14,2022,378000.0,Appartement,179.0,4.0,54000.0,6.180442,48.692461,2111.731843575419
2022-890582,2022-11-30,2022,220000.0,Appartement,104.0,4.0,54000.0,6.184605,48.704243,2115.3846153846152
2022-890587,2022-12-01,2022,60500.0,Appartement,15.0,0.0,54000.0,6.181371,48.692757,4033.3333333333335
2022-890597,2022-11-29,2022,83800.0,Appartement,56.0,2.0,54000.0,6.166106,48.703407,1496.4285714285713
2022-890604,2022-11-29,2022,320000.0,Appartement,27.0,1.0,54000.0,6.160862,48.688384,11851.851851851852
2022-890607,2022-12-08,2022,181000.0,Appartement,22.0,1.0,54000.0,6.182518,48.688232,8227.272727272728
2022-890622,2022-12-06,2022,115000.0,Appartement,39.0,2.0,54000.0,6.173998,48.672596,2948.7179487179487
2022-890635,2022-12-12,2022,185390.0,Appartement,88.0,4.0,54000.0,6.19659,48.693185,2106.7045454545455
2022-890657,2022-11-30,2022,260600.0,Appartement,120.0,5.0,54000.0,6.162692,48.694747,2171.6666666666665
2022-890659,2022-11-30,2022,323500.0,Maison,85.0,3.0,54000.0,6.155887,48.697921,3805.8823529411766
2022-890670,2022-12-07,2022,90000.0,Appartement,41.0,3.0,54000.0,6.172693,48.680353,2195.121951219512
2022-890674,2022-12-13,2022,214520.0,Appartement,104.0,4.0,54000.0,6.183947,48.680903,2062.6923076923076
2022-890676,2022-12-12,2022,161510.0,Appartement,66.0,3.0,54000.0,6.182155,48.676025,2447.121212121212
2022-890682,2022-12-14,2022,139900.0,Maison,105.0,5.0,54000.0,6.195684,48.676887,1332.3809523809523
2022-890683,2022-12-09,2022,98000.0,Appartement,25.0,1.0,54000.0,6.186888,48.689638,3920.0
2022-890691,2022-12-08,2022,171000.0,Appartement,78.0,3.0,54000.0,6.164896,48.687736,2192.3076923076924
2022-890692,2022-12-13,2022,780000.0,Appartement,200.0,6.0,54000.0,6.191856,48.687055,3900.0
2022-890693,2022-12-05,2022,182000.0,Appartement,57.0,2.0,54000.0,6.177428,48.683336,3192.9824561403507
2022-890695,2022-12-12,2022,106000.0,Appartement,66.0,4.0,54000.0,6.161941,48.692737,1606.060606060606
2022-890696,2022-12-02,2022,615000.0,Maison,200.0,8.0,54000.0,6.172815,48.696595,3075.0
2022-890718,2022-12-10,2022,85500.0,Appartement,69.0,4.0,54000.0,6.141004,48.692334,1239.1304347826087
2022-890729,2022-12-12,2022,105900.0,Appartement,46.0,2.0,54000.0,6.169294,48.685154,2302.1739130434785
2022-890731,2022-12-16,2022,252000.0,Appartement,86.0,4.0,54000.0,6.177234,48.682528,2930.232558139535
2022-890737,2022-12-12,2022,212000.0,Appartement,90.0,5.0,54000.0,6.158085,48.686113,2355.5555555555557
2022-890748,2022-12-13,2022,248000.0,Appartement,117.0,4.0,54000.0,6.151547,48.69163,2119.6581196581196
2022-890757,2022-12-14,2022,77000.0,Appartement,40.0,2.0,54000.0,6.172475,48.704101,1925.0
2022-890759,2022-12-15,2022,255000.0,Maison,65.0,4.0,54000.0,6.172013,48.676215,3923.076923076923
2022-890770,2022-12-07,2022,141885.0,Appartement,76.0,3.0,54000.0,6.172255,48.685894,1866.907894736842
2022-890777,2022-12-01,2022,172490.0,Appartement,74.0,3.0,54000.0,6.188608,48.698778,2330.945945945946
2022-890784,2022-11-30,2022,350000.0,Appartement,42.0,3.0,54000.0,6.188623,48.689031,8333.333333333334
2022-890789,2022-12-05,2022,219500.0,Appartement,30.0,2.0,54000.0,6.182518,48.688232,7316.666666666667
2022-890796,2022-12-06,2022,29000.0,Appartement,30.0,1.0,54000.0,6.161249,48.687269,966.6666666666666
2022-890800,2022-12-09,2022,126000.0,Appartement,47.0,2.0,54000.0,6.19121,48.686081,2680.851063829787
2022-890801,2022-12-07,2022,185500.0,Appartement,71.0,4.0,54000.0,6.169609,48.701179,2612.676056338028
2022-890806,2022-11-30,2022,225000.0,Appartement,71.0,3.0,54000.0,6.17402,48.680372,3169.0140845070423
2022-890817,2022-12-09,2022,86000.0,Appartement,33.0,2.0,54000.0,6.194359,48.678263,2606.060606060606
2022-890823,2022-12-13,2022,66700.0,Appartement,46.0,3.0,54000.0,6.188916,48.683579,1450.0
2022-890826,2022-11-30,2022,104000.0,Appartement,66.0,3.0,54000.0,6.166651,48.701563,1575.7575757575758
2022-890828,2022-12-01,2022,135000.0,Appartement,86.0,5.0,54000.0,6.177146,48.681032,1569.7674418604652
2022-890835,2022-12-14,2022,170000.0,Appartement,37.0,1.0,54000.0,6.180247,48.686793,4594.594594594595
2022-890843,2022-12-13,2022,173700.0,Appartement,88.0,3.0,54000.0,6.180553,48.674472,1973.8636363636363
2022-890859,2022-11-29,2022,130450.0,Appartement,52.0,1.0,54000.0,6.191025,48.687512,2508.653846153846
2022-890860,2022-12-14,2022,125000.0,Appartement,64.0,3.0,54000.0,6.163007,48.679244,1953.125
2022-890862,2022-12-14,2022,106400.0,Appartement,31.0,1.0,54000.0,6.174423,48.694251,3432.2580645161293
2022-890864,2022-12-15,2022,65000.0,Appartement,52.0,3.0,54000.0,6.178246,48.684276,1250.0
2022-890872,2022-12-09,2022,437000.0,Appartement,144.0,6.0,54000.0,6.171712,48.693266,3034.722222222222
2022-890874,2022-12-06,2022,116000.0,Appartement,41.0,1.0,54000.0,6.163562,48.701524,2829.268292682927
2022-890882,2022-12-19,2022,102000.0,Appartement,52.0,1.0,54000.0,6.182275,48.688164,1961.5384615384614
2022-890887,2022-12-13,2022,69000.0,Appartement,53.0,1.0,54000.0,6.197487,48.678232,1301.8867924528302
2022-890889,2022-12-16,2022,79500.0,Appartement,28.0,1.0,54000.0,6.181428,48.687036,2839.285714285714
2022-890907,2022-12-16,2022,190000.0,Appartement,80.0,2.0,54000.0,6.165892,48.687747,2375.0
2022-890910,2022-11-30,2022,94500.0,Appartement,38.0,2.0,54000.0,6.189495,48.692394,2486.842105263158
2022-890911,2022-12-15,2022,72500.0,Appartement,39.0,3.0,54000.0,6.191118,48.699041,1858.974358974359
2022-890922,2022-12-16,2022,205150.0,Maison,44.0,3.0,54000.0,6.198539,48.689688,4662.5
2022-890930,2022-12-13,2022,314200.0,Appartement,126.0,5.0,54000.0,6.173187,48.680719,2493.6507936507937
2022-890932,2022-12-16,2022,197600.0,Appartement,116.0,4.0,54000.0,6.174302,48.680638,1703.448275862069
2022-890933,2022-12-16,2022,121200.0,Appartement,41.0,2.0,54000.0,6.178191,48.698064,2956.0975609756097
2022-890945,2022-12-13,2022,55000.0,Appartement,18.0,1.0,54000.0,6.188382,48.684669,3055.5555555555557
2022-890954,2022-12-16,2022,73500.0,Appartement,33.0,1.0,54000.0,6.177021,48.7013,2227.2727272727275
2022-890959,2022-12-16,2022,135600.0,Appartement,52.0,2.0,54000.0,6.176871,48.684967,2607.6923076923076
2022-890960,2022-12-05,2022,232000.0,Appartement,86.0,4.0,54000.0,6.168628,48.681716,2697.6744186046512
2022-890961,2022-11-29,2022,115000.0,Appartement,65.0,3.0,54000.0,6.163082,48.681171,1769.2307692307693
2022-890962,2022-12-05,2022,199500.0,Appartement,107.0,4.0,54000.0,6.172658,48.699143,1864.4859813084113
2022-890971,2022-12-16,2022,160000.0,Appartement,84.0,4.0,54000.0,6.153475,48.690674,1904.7619047619048
2022-890978,2022-12-02,2022,162500.0,Appartement,86.0,4.0,54000.0,6.160346,48.687713,1889.5348837209303
2022-891000,2022-12-20,2022,252000.0,Maison,81.0,6.0,54000.0,6.176133,48.706271,3111.1111111111113
2022-891005,2022-12-16,2022,164500.0,Appartement,107.0,5.0,54000.0,6.18729,48.684453,1537.3831775700935
2022-891008,2022-12-08,2022,88000.0,Appartement,38.0,2.0,54000.0,6.196976,48.681397,2315.7894736842104
2022-891013,2022-12-13,2022,291700.0,Appartement,102.0,4.0,54000.0,6.190501,48.698566,2859.8039215686276
2022-891015,2022-12-14,2022,185000.0,Appartement,84.0,4.0,54000.0,6.165372,48.674719,2202.3809523809523
2022-891017,2022-12-16,2022,109250.0,Appartement,57.0,3.0,54000.0,6.178112,48.696013,1916.6666666666667
2022-891018,2022-12-15,2022,178200.0,Appartement,107.0,5.0,54000.0,6.189131,48.690997,1665.4205607476636
2022-891036,2022-12-20,2022,221760.0,Appartement,89.0,5.0,54000.0,6.190734,48.70079,2491.6853932584268
2022-891056,2022-12-22,2022,230000.0,Appartement,85.0,4.0,54000.0,6.168759,48.682023,2705.8823529411766
2022-891059,2022-12-21,2022,140600.0,Appartement,76.0,2.0,54000.0,6.165145,48.683786,1850.0
2022-891061,2022-12-22,2022,82910.0,Appartement,26.0,1.0,54000.0,6.193984,48.686094,3188.846153846154
2022-891071,2022-12-14,2022,93000.0,Appartement,69.0,4.0,54000.0,6.150802,48.696689,1347.8260869565217
2022-891072,2022-12-19,2022,300000.0,Appartement,94.0,2.0,54000.0,6.190501,48.698566,3191.4893617021276
2022-891084,2022-12-06,2022,62000.0,Appartement,20.0,1.0,54000.0,6.194026,48.694574,3100.0
2022-891098,2022-12-23,2022,140000.0,Maison,86.0,4.0,54000.0,6.186339,48.679269,1627.906976744186
2022-891099,2022-12-21,2022,250000.0,Appartement,92.0,4.0,54000.0,6.181114,48.683985,2717.391304347826
2022-891104,2022-12-22,2022,139500.0,Appartement,59.0,3.0,54000.0,6.181428,48.687036,2364.406779661017
2022-891122,2022-12-22,2022,171750.0,Appartement,66.0,1.0,54000.0,6.170456,48.694603,2602.2727272727275
2022-891128,2022-12-15,2022,62000.0,Appartement,27.0,1.0,54000.0,6.198774,48.678259,2296.296296296296
2022-891130,2022-12-23,2022,195000.0,Appartement,66.0,3.0,54000.0,6.162287,48.698906,2954.5454545454545
2022-891131,2022-12-19,2022,167600.0,Appartement,86.0,4.0,54000.0,6.166716,48.691494,1948.8372093023256
2022-891137,2022-12-06,2022,63100.0,Appartement,24.0,1.0,54000.0,6.178891,48.674425,2629.1666666666665
2022-891142,2022-12-15,2022,62640.0,Appartement,30.0,1.0,54000.0,6.183072,48.700453,2088.0
2022-891149,2022-12-15,2022,126700.0,Appartement,46.0,2.0,54000.0,6.16631,48.681615,2754.3478260869565
2022-891151,2022-12-15,2022,86000.0,Appartement,28.0,1.0,54000.0,6.188547,48.679046,3071.4285714285716
2022-891157,2022-12-05,2022,55500.0,Appartement,20.0,1.0,54000.0,6.179449,48.700119,2775.0
2022-891160,2022-12-12,2022,98000.0,Appartement,72.0,3.0,54000.0,6.194022,48.697908,1361.111111111111
2022-891164,2022-12-15,2022,276000.0,Maison,40.0,4.0,54000.0,6.178776,48.70303,6900.0
2022-891165,2022-12-08,2022,82000.0,Appartement,35.0,2.0,54000.0,6.172507,48.690465,2342.8571428571427
2022-891167,2022-12-19,2022,246500.0,Appartement,96.0,4.0,54000.0,6.16691,48.688991,2567.7083333333335
2022-891168,2022-12-12,2022,98000.0,Appartement,72.0,3.0,54000.0,6.194022,48.697908,1361.111111111111
2022-891171,2022-12-09,2022,157000.0,Appartement,78.0,3.0,54000.0,6.180704,48.699935,2012.820512820513
2022-891172,2022-12-19,2022,124290.0,Appartement,63.0,2.0,54000.0,6.183541,48.688037,1972.857142857143
2022-891176,2022-12-16,2022,81000.0,Appartement,56.0,1.0,54000.0,6.1667,48.67461,1446.4285714285713
2022-891181,2022-12-12,2022,175000.0,Appartement,70.0,4.0,54000.0,6.164714,48.683236,2500.0
2022-891185,2022-12-21,2022,124300.0,Appartement,20.0,1.0,54000.0,6.184094,48.689059,6215.0
2022-891186,2022-12-22,2022,120200.0,Appartement,75.0,5.0,54000.0,6.140382,48.692842,1602.6666666666667
2022-891188,2022-12-13,2022,115000.0,Appartement,82.0,4.0,54000.0,6.194022,48.697908,1402.439024390244
2022-891194,2022-12-15,2022,428000.0,Appartement,140.0,5.0,54000.0,6.176208,48.69687,3057.1428571428573
2022-891199,2022-12-19,2022,270000.0,Appartement,105.0,5.0,54000.0,6.190043,48.696477,2571.4285714285716
2022-891221,2022-12-21,2022,471500.0,Appartement,42.0,2.0,54000.0,6.173579,48.701833,11226.190476190477
2022-891228,2022-12-22,2022,89000.0,Appartement,25.0,1.0,54000.0,6.181056,48.693266,3560.0
2022-891230,2022-12-26,2022,115000.0,Appartement,99.0,3.0,54000.0,6.184213,48.687183,1161.6161616161617
2022-891234,2022-12-15,2022,72000.0,Appartement,27.0,1.0,54000.0,6.198774,48.678259,2666.6666666666665
2022-891238,2022-12-23,2022,77000.0,Appartement,36.0,1.0,54000.0,6.195977,48.679214,2138.8888888888887
2022-891240,2022-12-16,2022,235000.0,Appartement,60.0,3.0,54000.0,6.194552,48.685852,3916.6666666666665
2022-891247,2022-12-26,2022,135850.0,Appartement,86.0,4.0,54000.0,6.180034,48.687951,1579.6511627906978
2022-891252,2022-12-28,2022,128250.0,Appartement,52.0,3.0,54000.0,6.172862,48.683822,2466.346153846154
2022-891254,2022-12-27,2022,125000.0,Appartement,63.0,3.0,54000.0,6.168021,48.668771,1984.126984126984
2022-891255,2022-12-28,2022,64400.0,Appartement,28.0,1.0,54000.0,6.170706,48.699474,2300.0
2022-891264,2022-12-27,2022,103000.0,Appartement,72.0,4.0,54000.0,6.179241,48.675375,1430.5555555555557
2022-891268,2022-12-02,2022,132000.0,Appartement,49.0,2.0,54000.0,6.166508,48.68918,2693.877551020408
2022-891272,2022-12-28,2022,133000.0,Appartement,50.0,3.0,54000.0,6.170535,48.704481,2660.0
2022-891276,2022-12-09,2022,197743.0,Maison,80.0,4.0,54000.0,6.164658,48.673445,2471.7875
2022-891285,2022-12-22,2022,119500.0,Appartement,39.0,2.0,54000.0,6.182972,48.691945,3064.102564102564
2022-891291,2022-12-30,2022,175000.0,Appartement,69.0,3.0,54000.0,6.196976,48.681397,2536.231884057971
2022-891312,2022-12-09,2022,157468.0,Appartement,59.0,3.0,54000.0,6.190734,48.70079,2668.9491525423728
2022-891327,2022-12-19,2022,143500.0,Appartement,56.0,2.0,54000.0,6.163225,48.676966,2562.5
2022-891347,2022-12-23,2022,95000.0,Appartement,39.0,2.0,54000.0,6.182972,48.691945,2435.897435897436
2022-891369,2022-12-27,2022,112000.0,Appartement,53.0,2.0,54000.0,6.181428,48.687036,2113.2075471698113
2022-891371,2022-12-28,2022,134000.0,Appartement,70.0,2.0,54000.0,6.179862,48.689549,1914.2857142857142
2022-891377,2022-12-27,2022,58000.0,Appartement,25.0,1.0,54000.0,6.158498,48.69836,2320.0
2022-891383,2022-12-28,2022,86500.0,Appartement,32.0,1.0,54000.0,6.179862,48.689549,2703.125
2022-891393,2022-12-30,2022,610000.0,Maison,80.0,5.0,54000.0,6.179136,48.692483,7625.0
2022-891417,2022-12-22,2022,174742.0,Appartement,57.0,3.0,54000.0,6.180893,48.676913,3065.6491228070176
2022-891427,2022-12-15,2022,221600.0,Maison,88.0,4.0,54000.0,6.19763,48.688681,2518.181818181818
2022-891428,2022-12-22,2022,152000.0,Appartement,83.0,3.0,54000.0,6.187845,48.684306,1831.3253012048192
2022-891429,2022-12-14,2022,152000.0,Appartement,54.0,3.0,54000.0,6.163449,48.687187,2814.814814814815
2022-891433,2022-12-28,2022,94500.0,Appartement,37.0,3.0,54000.0,6.167996,48.684487,2554.054054054054
2022-891474,2022-12-20,2022,344375.0,Maison,108.0,4.0,54000.0,6.201772,48.684366,3188.6574074074074
2022-891479,2022-12-27,2022,228000.0,Appartement,100.0,3.0,54000.0,6.186407,48.678042,2280.0
2022-891484,2022-12-26,2022,78630.0,Appartement,32.0,1.0,54000.0,6.152703,48.696362,2457.1875
2022-891486,2022-12-29,2022,130750.0,Appartement,37.0,2.0,54000.0,6.180459,48.692522,3533.7837837837837
2022-891491,2022-12-19,2022,108000.0,Appartement,47.0,2.0,54000.0,6.181428,48.687036,2297.872340425532
2022-891494,2022-12-29,2022,119100.0,Appartement,28.0,1.0,54000.0,6.176816,48.683153,4253.571428571428
2022-891498,2022-12-22,2022,198000.0,Appartement,77.0,3.0,54000.0,6.195093,48.684543,2571.4285714285716
2022-891499,2022-12-22,2022,118750.0,Appartement,51.0,2.0,54000.0,6.168848,48.685781,2328.4313725490197
2022-891505,2022-12-16,2022,147000.0,Appartement,79.0,4.0,54000.0,6.191072,48.679103,1860.759493670886
2022-891509,2022-12-27,2022,42000.0,Appartement,18.0,1.0,54000.0,6.196376,48.679024,2333.3333333333335
2022-891512,2022-12-20,2022,110000.0,Appartement,53.0,2.0,54000.0,6.182518,48.688232,2075.4716981132074
2022-891514,2022-12-29,2022,490000.0,Maison,113.0,5.0,54000.0,6.15606,48.696468,4336.283185840708
2022-891516,2022-12-22,2022,759050.0,Maison,153.0,9.0,54000.0,6.164304,48.674657,4961.111111111111
2022-891528,2022-12-22,2022,315000.0,Appartement,110.0,5.0,54000.0,6.181452,48.701116,2863.6363636363635
2022-891547,2022-12-16,2022,55000.0,Appartement,29.0,1.0,54000.0,6.181428,48.687036,1896.551724137931
2022-891549,2022-12-21,2022,64000.0,Appartement,39.0,2.0,54000.0,6.197891,48.677125,1641.025641025641
2022-891563,2022-12-15,2022,127000.0,Appartement,34.0,2.0,54000.0,6.184271,48.690099,3735.294117647059
2022-891565,2022-12-14,2022,108000.0,Appartement,62.0,3.0,54000.0,6.183595,48.688563,1741.9354838709678
2022-891575,2022-12-15,2022,260000.0,Appartement,34.0,2.0,54000.0,6.193017,48.691516,7647.058823529412
2022-891586,2022-12-19,2022,549000.0,Maison,87.0,5.0,54000.0,6.176371,48.700005,6310.3448275862065
2022-891607,2022-12-15,2022,58500.0,Appartement,35.0,1.0,54000.0,6.16873,48.685162,1671.4285714285713
2022-891612,2022-12-26,2022,126000.0,Appartement,80.0,4.0,54000.0,6.194022,48.697908,1575.0
2022-891622,2022-12-30,2022,40000.0,Appartement,14.0,1.0,54000.0,6.169682,48.669798,2857.1428571428573
2022-891626,2022-12-30,2022,135700.0,Appartement,59.0,3.0,54000.0,6.166694,48.673601,2300.0
2022-891627,2022-12-27,2022,167318.0,Appartement,67.0,3.0,54000.0,6.180579,48.681966,2497.283582089552
2022-891628,2022-12-30,2022,65000.0,Appartement,32.0,2.0,54000.0,6.161517,48.688061,2031.25
2022-891638,2022-12-29,2022,110000.0,Appartement,42.0,2.0,54000.0,6.169269,48.682548,2619.0476190476193
2022-891644,2022-12-20,2022,171000.0,Appartement,86.0,4.0,54000.0,6.180034,48.687951,1988.3720930232557
2022-891645,2022-12-28,2022,114000.0,Appartement,44.0,3.0,54000.0,6.177591,48.70115,2590.909090909091
2022-891651,2022-12-30,2022,95000.0,Appartement,51.0,3.0,54000.0,6.161517,48.688061,1862.7450980392157
2022-891660,2022-12-21,2022,268500.0,Appartement,38.0,2.0,54000.0,6.176423,48.691658,7065.789473684211
2022-891677,2022-12-23,2022,97000.0,Appartement,39.0,1.0,54000.0,6.179564,48.694656,2487.1794871794873
2022-891692,2022-12-16,2022,443000.0,Maison,89.0,3.0,54000.0,6.165854,48.683017,4977.528089887641
2022-891697,2022-12-22,2022,187000.0,Appartement,74.0,4.0,54000.0,6.171142,48.686456,2527.027027027027
2022-891698,2022-12-16,2022,231498.08,Appartement,20.0,1.0,54000.0,6.192174,48.689203,11574.903999999999
2022-891727,2022-12-22,2022,107500.0,Appartement,38.0,2.0,54000.0,6.18137,48.699782,2828.9473684210525
2022-891732,2022-12-20,2022,250500.0,Appartement,36.0,1.0,54000.0,6.176423,48.691658,6958.333333333333
2022-891735,2022-12-19,2022,115000.0,Appartement,41.0,3.0,54000.0,6.172693,48.680353,2804.878048780488
2022-891746,2022-12-16,2022,332000.0,Appartement,108.0,5.0,54000.0,6.164415,48.688023,3074.074074074074
2022-891747,2022-12-23,2022,223500.0,Appartement,86.0,3.0,54000.0,6.166105,48.686025,2598.8372093023254
2022-891749,2022-12-27,2022,85000.0,Appartement,29.0,1.0,54000.0,6.178037,48.67772,2931.0344827586205
2022-891752,2022-12-16,2022,180500.0,Appartement,69.0,3.0,54000.0,6.178732,48.679266,2615.942028985507
2022-891772,2022-12-19,2022,63700.0,Appartement,23.0,1.0,54000.0,6.167096,48.699082,2769.5652173913045
2022-891784,2022-12-30,2022,60000.0,Appartement,27.0,2.0,54000.0,6.187926,48.685636,2222.222222222222
2022-891792,2022-12-23,2022,42000.0,Appartement,54.0,3.0,54000.0,6.183042,48.701042,777.7777777777778
2022-891798,2022-12-22,2022,61100.0,Appartement,19.0,1.0,54000.0,6.194026,48.694574,3215.7894736842104
2022-891806,2022-12-27,2022,75000.0,Appartement,31.0,1.0,54000.0,6.161448,48.683616,2419.3548387096776
2022-891807,2022-12-22,2022,110000.0,Appartement,60.0,3.0,54000.0,6.173954,48.675437,1833.3333333333333
2022-891808,2022-12-08,2022,125550.0,Appartement,30.0,2.0,54000.0,6.182518,48.688232,4185.0
2022-891809,2022-12-09,2022,295000.0,Maison,98.0,4.0,54000.0,6.149601,48.697936,3010.204081632653
2022-891811,2022-12-05,2022,90000.0,Appartement,24.0,1.0,54000.0,6.182518,48.688232,3750.0
2022-891845,2022-12-29,2022,116000.0,Appartement,48.0,2.0,54000.0,6.166868,48.688156,2416.6666666666665
2022-891846,2022-12-22,2022,165000.0,Appartement,96.0,5.0,54000.0,6.170856,48.688627,1718.75
2022-891854,2022-12-23,2022,127000.0,Appartement,52.0,2.0,54000.0,6.155791,48.698536,2442.3076923076924
2022-891857,2022-12-23,2022,126400.0,Appartement,64.0,3.0,54000.0,6.170787,48.691,1975.0
2022-891860,2022-12-22,2022,59400.0,Appartement,24.0,1.0,54000.0,6.15794,48.699285,2475.0
2022-891861,2022-12-22,2022,797750.0,Appartement,252.0,8.0,54000.0,6.18377,48.695215,3165.6746031746034
2022-891862,2022-12-23,2022,227000.0,Appartement,109.0,4.0,54000.0,6.183713,48.692033,2082.5688073394494
2022-891898,2022-12-20,2022,65000.0,Appartement,63.0,3.0,54000.0,6.138771,48.692841,1031.7460317460318
2022-891899,2022-12-21,2022,139050.0,Maison,85.0,3.0,54000.0,6.20026,48.687179,1635.8823529411766
2022-891911,2022-12-19,2022,296300.0,Maison,65.0,4.0,54000.0,6.164099,48.674974,4558.461538461538
2022-891913,2022-12-22,2022,202750.0,Appartement,76.0,3.0,54000.0,6.185584,48.680482,2667.7631578947367
2022-891923,2022-12-27,2022,150000.0,Appartement,97.0,4.0,54000.0,6.179182,48.687711,1546.3917525773195
2022-891994,2022-12-27,2022,94000.0,Appartement,36.0,2.0,54000.0,6.176639,48.697901,2611.1111111111113
2022-891995,2022-12-29,2022,171715.0,Appartement,68.0,3.0,54000.0,6.174139,48.683807,2525.220588235294
2022-892004,2022-12-29,2022,283250.0,Appartement,86.0,4.0,54000.0,6.180034,48.687951,3293.6046511627906
2022-892007,2022-12-28,2022,274500.0,Appartement,39.0,2.0,54000.0,6.176423,48.691658,7038.461538461538
2022-892022,2022-12-20,2022,58651.0,Appartement,23.0,1.0,54000.0,6.166431,48.683729,2550.0434782608695
2022-892027,2022-12-29,2022,114000.0,Appartement,71.0,4.0,54000.0,6.17983,48.704407,1605.6338028169014
2022-892038,2022-12-22,2022,266000.0,Appartement,109.0,4.0,54000.0,6.160249,48.684336,2440.3669724770643
2022-892056,2022-12-22,2022,75000.0,Appartement,31.0,1.0,54000.0,6.174011,48.679482,2419.3548387096776
2022-892067,2022-12-27,2022,86385.0,Appartement,45.0,3.0,54000.0,6.186764,48.689389,1919.6666666666667
2022-892084,2022-12-29,2022,88000.0,Appartement,64.0,3.0,54000.0,6.198774,48.678259,1375.0
2022-892107,2022-12-29,2022,260000.0,Appartement,230.0,8.0,54000.0,6.17411,48.698588,1130.4347826086957
2022-892142,2022-12-29,2022,105000.0,Appartement,72.0,3.0,54000.0,6.194022,48.697908,1458.3333333333333
2022-892145,2022-12-28,2022,568700.0,Appartement,68.0,3.0,54000.0,6.170568,48.669899,8363.235294117647
2022-892163,2022-12-29,2022,237500.0,Appartement,87.0,3.0,54000.0,6.180557,48.699717,2729.885057471264
2022-892172,2022-12-27,2022,650000.0,Appartement,282.0,8.0,54000.0,6.175087,48.692739,2304.9645390070923
2022-892176,2022-12-30,2022,173000.0,Appartement,40.0,2.0,54000.0,6.1776,48.694973,4325.0
2022-892177,2022-12-28,2022,320000.0,Appartement,39.0,1.0,54000.0,6.17617,48.702093,8205.128205128205
2022-892178,2022-12-29,2022,170000.0,Appartement,81.0,4.0,54000.0,6.175249,48.67664,2098.7654320987654
2022-892189,2022-12-27,2022,623000.0,Maison,218.0,8.0,54000.0,6.160904,48.698494,2857.798165137615
2022-892196,2022-09-20,2022,72870.0,Appartement,26.0,1.0,54000.0,6.163562,48.684432,2802.6923076923076
2022-892199,2022-12-30,2022,245000.0,Appartement,127.0,5.0,54000.0,6.175634,48.698656,1929.1338582677165
2022-892204,2022-12-29,2022,129600.0,Appartement,55.0,3.0,54000.0,6.175709,48.692269,2356.3636363636365
2022-892205,2022-12-30,2022,200000.0,Appartement,48.0,3.0,54000.0,6.176177,48.702251,4166.666666666667
2022-892228,2022-11-21,2022,725000.0,Maison,204.0,6.0,54000.0,6.151527,48.693154,3553.921568627451
2022-892274,2022-07-20,2022,203500.0,Appartement,67.0,2.0,54000.0,6.187521,48.694226,3037.313432835821
2022-892278,2022-09-02,2022,72000.0,Appartement,30.0,1.0,54000.0,6.169389,48.703308,2400.0
2022-892290,2022-03-28,2022,183000.0,Appartement,68.0,3.0,54000.0,6.168506,48.686072,2691.176470588235
2022-892300,2022-10-21,2022,152500.0,Appartement,72.0,3.0,54000.0,6.185032,48.687912,2118.0555555555557
2022-892305,2022-10-10,2022,126000.0,Appartement,56.0,2.0,54000.0,6.19659,48.693185,2250.0
2022-892323,2022-10-06,2022,138400.0,Appartement,42.0,2.0,54000.0,6.180594,48.705123,3295.2380952380954
2022-892336,2022-12-07,2022,61000.0,Appartement,22.0,1.0,54000.0,6.168821,48.693411,2772.7272727272725
2022-892338,2022-05-04,2022,380000.0,Appartement,171.0,3.0,54000.0,6.180147,48.691321,2222.222222222222
2022-892340,2022-07-04,2022,300000.0,Appartement,45.0,2.0,54000.0,6.180147,48.691321,6666.666666666667
2022-892346,2022-07-08,2022,220000.0,Appartement,19.0,1.0,54000.0,6.178587,48.694186,11578.947368421053
2022-892360,2022-04-22,2022,256800.0,Appartement,20.0,1.0,54000.0,6.162264,48.683128,12840.0
2023-709834,2023-01-06,2023,62000.0,Appartement,40.0,1.0,54000.0,6.168432,48.685482,1550.0
2023-709837,2023-01-09,2023,152000.0,Appartement,69.0,3.0,54000.0,6.180918,48.706308,2202.8985507246375
2023-709838,2023-01-03,2023,218500.0,Maison,100.0,4.0,54000.0,,,2185.0
2023-709846,2023-01-09,2023,166500.0,Maison,64.0,3.0,54000.0,6.194409,48.680118,2601.5625
2023-709857,2023-01-05,2023,168000.0,Appartement,76.0,4.0,54000.0,6.165952,48.684787,2210.5263157894738
2023-709861,2023-01-03,2023,84000.0,Appartement,41.0,2.0,54000.0,6.174521,48.702165,2048.7804878048782
2023-709877,2023-01-06,2023,378000.0,Appartement,67.0,2.0,54000.0,6.164346,48.681649,5641.79104477612
2023-709886,2023-01-10,2023,180000.0,Appartement,96.0,5.0,54000.0,6.166534,48.68459,1875.0
2023-709898,2023-01-10,2023,467500.0,Appartement,56.0,3.0,54000.0,6.193859,48.690289,8348.214285714286
2023-709927,2023-01-11,2023,153000.0,Appartement,41.0,2.0,54000.0,6.199255,48.692269,3731.7073170731705
2023-709930,2023-01-04,2023,870000.0,Appartement,139.0,5.0,54000.0,6.181592,48.692384,6258.992805755395
2023-709932,2023-01-06,2023,127000.0,Appartement,54.0,2.0,54000.0,6.189045,48.698945,2351.8518518518517
2023-709933,2023-01-04,2023,141550.0,Appartement,38.0,2.0,54000.0,6.171331,48.692617,3725.0
2023-709939,2023-01-12,2023,320000.0,Appartement,130.0,4.0,54000.0,6.194211,48.698971,2461.5384615384614
2023-709942,2023-01-11,2023,305000.0,Appartement,120.0,5.0,54000.0,6.170781,48.703493,2541.6666666666665
2023-709949,2023-01-05,2023,113800.0,Appartement,46.0,2.0,54000.0,6.173187,48.680719,2473.913043478261
2023-709957,2023-01-10,2023,67000.0,Appartement,33.0,2.0,54000.0,6.16651,48.702355,2030.3030303030303
2023-709960,2023-01-11,2023,96500.0,Appartement,34.0,1.0,54000.0,6.163276,48.681302,2838.235294117647
2023-709974,2023-01-09,2023,103000.0,Appartement,49.0,2.0,54000.0,6.183702,48.686519,2102.0408163265306
2023-710000,2023-01-16,2023,68350.0,Appartement,32.0,2.0,54000.0,6.196489,48.67866,2135.9375
2023-710002,2023-01-13,2023,235000.0,Appartement,42.0,1.0,54000.0,6.186682,48.6932,5595.238095238095
2023-710010,2023-01-11,2023,77000.0,Appartement,37.0,2.0,54000.0,6.164815,48.686821,2081.0810810810813
2023-710016,2023-01-17,2023,110500.0,Appartement,56.0,3.0,54000.0,6.173543,48.684551,1973.2142857142858
2023-710020,2023-01-16,2023,161700.0,Appartement,62.0,3.0,54000.0,6.171266,48.687012,2608.064516129032
2023-710021,2023-01-16,2023,360000.0,Appartement,29.0,1.0,54000.0,6.173426,48.680306,12413.793103448275
2023-710028,2023-01-10,2023,70000.0,Appartement,23.0,1.0,54000.0,6.183534,48.686388,3043.478260869565
2023-710040,2023-01-19,2023,165300.0,Appartement,69.0,4.0,54000.0,6.181428,48.687036,2395.6521739130435
2023-710041,2023-01-16,2023,312500.0,Maison,110.0,4.0,54000.0,6.162442,48.695276,2840.909090909091
2023-710054,2023-01-19,2023,342000.0,Maison,95.0,4.0,54000.0,6.145924,48.693898,3600.0
2023-710060,2023-01-03,2023,440000.0,Appartement,118.0,3.0,54000.0,6.17693,48.701682,3728.813559322034
2023-710064,2023-01-19,2023,67000.0,Appartement,27.0,1.0,54000.0,6.183688,48.68164,2481.4814814814813
2023-710066,2023-01-12,2023,81457.7,Appartement,40.0,2.0,54000.0,6.16882,48.683875,2036.4424999999999
2023-710067,2023-01-16,2023,35000.0,Appartement,22.0,2.0,54000.0,6.180131,48.683783,1590.909090909091
2023-710076,2023-01-13,2023,375000.0,Maison,90.0,5.0,54000.0,6.178147,48.674978,4166.666666666667
2023-710085,2023-01-18,2023,62770.0,Appartement,18.0,1.0,54000.0,6.166868,48.688156,3487.222222222222
2023-710086,2023-01-18,2023,98000.0,Appartement,50.0,3.0,54000.0,6.170402,48.690816,1960.0
2023-710095,2023-01-18,2023,69000.0,Appartement,28.0,1.0,54000.0,6.1951,48.681512,2464.285714285714
2023-710099,2023-01-13,2023,185250.0,Appartement,123.0,5.0,54000.0,6.177898,48.67642,1506.0975609756097
2023-710104,2023-01-04,2023,201000.0,Appartement,86.0,3.0,54000.0,6.171967,48.689537,2337.2093023255816
2023-710115,2023-01-05,2023,162000.0,Appartement,76.0,3.0,54000.0,6.176771,48.680747,2131.5789473684213
2023-710121,2023-01-09,2023,357000.0,Appartement,125.0,5.0,54000.0,6.19659,48.693185,2856.0
2023-710123,2023-01-10,2023,106500.0,Appartement,35.0,2.0,54000.0,6.182491,48.700015,3042.8571428571427
2023-710132,2023-01-18,2023,170000.0,Appartement,87.0,3.0,54000.0,6.179884,48.679794,1954.0229885057472
2023-710139,2023-01-16,2023,74000.0,Appartement,39.0,1.0,54000.0,6.198329,48.676316,1897.4358974358975
2023-710145,2023-01-23,2023,70000.0,Appartement,41.0,2.0,54000.0,6.15794,48.699285,1707.3170731707316
2023-710155,2023-01-12,2023,120000.0,Appartement,47.0,2.0,54000.0,6.176435,48.674031,2553.191489361702
2023-710164,2023-01-18,2023,194000.0,Appartement,81.0,5.0,54000.0,6.175629,48.705681,2395.061728395062
2023-710174,2023-01-19,2023,241350.0,Maison,100.0,5.0,54000.0,6.161719,48.696612,2413.5
2023-710184,2023-01-17,2023,164000.0,Appartement,72.0,2.0,54000.0,6.167073,48.686608,2277.777777777778
2023-710193,2023-01-23,2023,110000.0,Maison,90.0,5.0,54000.0,6.143145,48.693119,1222.2222222222222
2023-710194,2023-01-16,2023,68500.0,Appartement,36.0,1.0,54000.0,6.160249,48.684336,1902.7777777777778
2023-710214,2023-01-19,2023,504000.0,Maison,135.0,7.0,54000.0,6.164463,48.686265,3733.3333333333335
2023-710304,2023-01-09,2023,60000.0,Maison,91.0,4.0,54000.0,6.163146,48.671249,659.3406593406594
2023-710331,2023-01-25,2023,95000.0,Appartement,50.0,2.0,54000.0,6.177199,48.689421,1900.0
2023-710345,2023-01-16,2023,167000.0,Appartement,72.0,3.0,54000.0,6.180034,48.687951,2319.4444444444443
2023-710348,2023-01-30,2023,230000.0,Appartement,85.0,4.0,54000.0,6.188123,48.684936,2705.8823529411766
2023-710351,2023-01-06,2023,140000.0,Appartement,49.0,2.0,54000.0,6.189331,48.689188,2857.1428571428573
2023-710358,2023-01-13,2023,235273.0,Appartement,101.0,4.0,54000.0,6.174757,48.679565,2329.4356435643563
2023-710365,2023-01-23,2023,500000.0,Appartement,66.0,3.0,54000.0,6.180511,48.703115,7575.757575757576
2023-710375,2023-01-27,2023,91000.0,Appartement,30.0,1.0,54000.0,6.17902,48.697948,3033.3333333333335
2023-710377,2023-01-03,2023,47000.0,Appartement,18.0,1.0,54000.0,6.173917,48.701632,2611.1111111111113
2023-710380,2023-01-24,2023,87500.0,Appartement,24.0,1.0,54000.0,6.178843,48.693545,3645.8333333333335
2023-710382,2023-01-24,2023,230500.0,Appartement,105.0,5.0,54000.0,6.176398,48.683896,2195.2380952380954
2023-710383,2023-01-26,2023,283600.0,Appartement,105.0,4.0,54000.0,6.177449,48.69241,2700.9523809523807
2023-710386,2023-01-24,2023,95000.0,Appartement,43.0,2.0,54000.0,6.172012,48.702146,2209.3023255813955
2023-710391,2023-01-19,2023,295000.0,Appartement,98.0,4.0,54000.0,6.163335,48.687245,3010.204081632653
2023-710392,2023-01-18,2023,162000.0,Appartement,61.0,3.0,54000.0,6.186777,48.692909,2655.7377049180327
2023-710400,2023-01-11,2023,102000.0,Appartement,37.0,2.0,54000.0,6.178963,48.673745,2756.7567567567567
2023-710401,2023-01-31,2023,126913.5,Appartement,101.0,3.0,54000.0,6.167247,48.691696,1256.569306930693
2023-710407,2023-01-16,2023,135000.0,Maison,40.0,4.0,54000.0,6.174909,48.684213,3375.0
2023-710420,2023-01-30,2023,96000.0,Appartement,41.0,2.0,54000.0,6.176435,48.674031,2341.4634146341464
2023-710421,2023-01-30,2023,191750.0,Maison,70.0,4.0,54000.0,6.154597,48.697762,2739.285714285714
2023-710429,2023-01-17,2023,194000.0,Appartement,94.0,5.0,54000.0,6.165777,48.700006,2063.8297872340427
2023-710432,2023-01-18,2023,112100.0,Appartement,49.0,3.0,54000.0,6.201619,48.686386,2287.7551020408164
2023-710456,2023-01-16,2023,226000.0,Appartement,82.0,3.0,54000.0,6.169767,48.687006,2756.0975609756097
2023-710460,2023-01-19,2023,266000.0,Appartement,105.0,3.0,54000.0,6.185632,48.689459,2533.3333333333335
2023-710463,2023-01-27,2023,65250.0,Maison,45.0,3.0,54000.0,6.177564,48.674424,1450.0
2023-710464,2023-01-16,2023,162000.0,Appartement,115.0,5.0,54000.0,6.170781,48.703493,1408.695652173913
2023-710468,2023-01-20,2023,156200.0,Appartement,50.0,2.0,54000.0,6.184648,48.688355,3124.0
2023-710469,2023-01-20,2023,105000.0,Appartement,48.0,2.0,54000.0,6.1752,48.683558,2187.5
2023-710472,2023-01-17,2023,66500.0,Appartement,48.0,2.0,54000.0,6.166868,48.688156,1385.4166666666667
2023-710492,2023-01-24,2023,95000.0,Appartement,43.0,2.0,54000.0,6.188154,48.699114,2209.3023255813955
2023-710530,2023-01-26,2023,137450.0,Appartement,80.0,5.0,54000.0,6.165972,48.701271,1718.125
2023-710531,2023-01-30,2023,112000.0,Appartement,66.0,3.0,54000.0,6.19289,48.689409,1696.969696969697
2023-710536,2023-01-27,2023,163300.0,Appartement,59.0,2.0,54000.0,6.167939,48.689465,2767.7966101694915
2023-710539,2023-02-03,2023,85000.0,Appartement,55.0,2.0,54000.0,6.156722,48.698774,1545.4545454545455
2023-710543,2023-01-20,2023,120000.0,Appartement,40.0,1.0,54000.0,,,3000.0
2023-710557,2023-01-27,2023,99750.0,Appartement,75.0,2.0,54000.0,6.198025,48.680738,1330.0
2023-710567,2023-02-03,2023,100000.0,Maison,90.0,4.0,54000.0,6.187206,48.700255,1111.111111111111
2023-710580,2023-01-12,2023,130287.0,Appartement,80.0,4.0,54000.0,6.170629,48.690907,1628.5875
2023-710584,2023-01-20,2023,503500.0,Appartement,167.0,4.0,54000.0,6.179067,48.701982,3014.9700598802397
2023-710597,2023-01-26,2023,105520.0,Appartement,52.0,3.0,54000.0,6.188469,48.687436,2029.2307692307693
2023-710600,2023-01-26,2023,363000.0,Appartement,114.0,4.0,54000.0,6.191821,48.683608,3184.2105263157896
2023-710609,2023-01-24,2023,150000.0,Appartement,65.0,2.0,54000.0,6.190991,48.688501,2307.6923076923076
2023-710612,2023-01-25,2023,159000.0,Appartement,68.0,3.0,54000.0,6.172842,48.685197,2338.235294117647
2023-710620,2023-02-06,2023,87000.0,Appartement,35.0,2.0,54000.0,6.185336,48.683929,2485.714285714286
2023-710624,2023-02-03,2023,138000.0,Appartement,58.0,2.0,54000.0,6.16636,48.68667,2379.310344827586
2023-710648,2023-02-02,2023,190000.0,Appartement,103.0,3.0,54000.0,6.178182,48.705032,1844.6601941747572
2023-710651,2023-01-09,2023,89000.0,Appartement,42.0,2.0,54000.0,6.17463,48.683838,2119.0476190476193
2023-710653,2023-01-25,2023,97850.0,Appartement,53.0,2.0,54000.0,6.164151,48.703724,1846.2264150943397
2023-710665,2023-02-03,2023,134500.0,Appartement,40.0,3.0,54000.0,6.180158,48.693081,3362.5
2023-710666,2023-02-01,2023,94000.0,Appartement,34.0,2.0,54000.0,6.173986,48.688168,2764.705882352941
2023-710685,2023-01-31,2023,300700.0,Appartement,159.0,6.0,54000.0,6.166278,48.702813,1891.1949685534591
2023-710686,2023-01-27,2023,117000.0,Appartement,64.0,3.0,54000.0,6.17957,48.675973,1828.125
2023-710693,2023-01-25,2023,126929.0,Appartement,53.0,2.0,54000.0,6.175134,48.674108,2394.8867924528304
2023-710696,2023-02-02,2023,97000.0,Appartement,88.0,3.0,54000.0,6.172798,48.672752,1102.2727272727273
2023-710723,2023-02-03,2023,35000.0,Appartement,30.0,1.0,54000.0,6.156812,48.697378,1166.6666666666667
2023-710746,2023-02-03,2023,62000.0,Appartement,26.0,1.0,54000.0,6.176435,48.674031,2384.6153846153848
2023-710748,2023-01-31,2023,45000.0,Appartement,10.0,1.0,54000.0,6.164877,48.677109,4500.0
2023-710763,2023-01-31,2023,294500.0,Appartement,137.0,6.0,54000.0,6.170979,48.671398,2149.6350364963505
2023-710765,2023-01-31,2023,95000.0,Appartement,45.0,2.0,54000.0,6.185303,48.688946,2111.1111111111113
2023-710768,2023-01-27,2023,64000.0,Appartement,19.0,1.0,54000.0,6.194318,48.677892,3368.4210526315787
2023-710779,2023-01-26,2023,105000.0,Appartement,42.0,2.0,54000.0,6.197965,48.689405,2500.0
2023-710796,2023-01-31,2023,236490.0,Appartement,87.0,4.0,54000.0,6.185305,48.685949,2718.2758620689656
2023-710813,2023-01-10,2023,110700.0,Appartement,58.0,2.0,54000.0,6.179182,48.687711,1908.6206896551723
2023-710815,2023-01-19,2023,205000.0,Appartement,40.0,3.0,54000.0,6.163406,48.69415,5125.0
2023-710817,2023-01-20,2023,1000000.0,Appartement,200.0,6.0,54000.0,6.191856,48.687055,5000.0
2023-710822,2023-01-27,2023,310000.0,Appartement,168.0,6.0,54000.0,6.180247,48.686793,1845.2380952380952
2023-710823,2023-01-19,2023,184000.0,Appartement,71.0,3.0,54000.0,6.169347,48.687458,2591.549295774648
2023-710828,2023-01-31,2023,161000.0,Appartement,75.0,3.0,54000.0,6.176828,48.705696,2146.6666666666665
2023-710830,2023-02-06,2023,135000.0,Appartement,41.0,2.0,54000.0,6.163659,48.68173,3292.682926829268
2023-710834,2023-01-11,2023,181000.0,Appartement,35.0,1.0,54000.0,6.176177,48.702251,5171.428571428572
2023-710835,2023-01-26,2023,96000.0,Appartement,54.0,3.0,54000.0,6.181428,48.687036,1777.7777777777778
2023-710845,2023-01-18,2023,1050000.0,Maison,200.0,9.0,54000.0,6.168607,48.692915,5250.0
2023-710847,2023-01-31,2023,427500.0,Appartement,80.0,3.0,54000.0,6.179275,48.695029,5343.75
2023-710848,2023-02-08,2023,129100.0,Appartement,68.0,3.0,54000.0,6.194318,48.677892,1898.5294117647059
2023-710858,2023-01-16,2023,134302.0,Appartement,48.0,2.0,54000.0,6.163998,48.682543,2797.9583333333335
2023-710871,2023-01-17,2023,135200.0,Appartement,68.0,3.0,54000.0,6.163998,48.682543,1988.235294117647
2023-710873,2023-01-18,2023,79550.0,Appartement,27.0,1.0,54000.0,6.179197,48.695805,2946.296296296296
2023-710874,2023-02-01,2023,75050.0,Appartement,19.0,1.0,54000.0,6.194751,48.684602,3950.0
2023-710876,2023-01-19,2023,560000.0,Appartement,90.0,3.0,54000.0,6.152224,48.693117,6222.222222222223
2023-710885,2023-01-20,2023,64550.0,Appartement,26.0,1.0,54000.0,6.167096,48.699082,2482.6923076923076
2023-710897,2023-02-06,2023,105000.0,Appartement,68.0,3.0,54000.0,6.175249,48.67664,1544.1176470588234
2023-710898,2023-01-31,2023,257000.0,Appartement,63.0,3.0,54000.0,6.190112,48.69401,4079.3650793650795
2023-710900,2023-01-27,2023,137000.0,Appartement,65.0,3.0,54000.0,6.163082,48.681171,2107.6923076923076
2023-710908,2023-02-10,2023,66350.0,Appartement,25.0,1.0,54000.0,6.177058,48.695476,2654.0
2023-710917,2023-01-26,2023,455000.0,Appartement,192.0,5.0,54000.0,6.167937,48.695673,2369.7916666666665
2023-710942,2023-01-27,2023,179972.0,Appartement,67.0,3.0,54000.0,6.190734,48.70079,2686.1492537313434
2023-710946,2023-02-06,2023,229500.0,Appartement,87.0,3.0,54000.0,6.174757,48.679565,2637.9310344827586
2023-710947,2023-02-08,2023,61750.0,Appartement,34.0,2.0,54000.0,6.194044,48.690495,1816.1764705882354
2023-710948,2023-01-20,2023,391000.0,Maison,156.0,5.0,54000.0,6.175503,48.678249,2506.4102564102564
2023-710961,2023-02-13,2023,108000.0,Appartement,54.0,3.0,54000.0,6.167995,48.687361,2000.0
2023-710963,2023-02-09,2023,215000.0,Appartement,63.0,4.0,54000.0,6.16263,48.687451,3412.6984126984125
2023-710967,2023-02-10,2023,123360.0,Appartement,46.0,2.0,54000.0,6.191678,48.692413,2681.7391304347825
2023-710969,2023-02-06,2023,176200.0,Appartement,50.0,3.0,54000.0,6.180964,48.701062,3524.0
2023-710974,2023-02-10,2023,130000.0,Appartement,45.0,2.0,54000.0,6.184853,48.686573,2888.8888888888887
2023-710983,2023-02-06,2023,270850.0,Appartement,95.0,3.0,54000.0,6.179855,48.692989,2851.0526315789475
2023-710985,2023-02-10,2023,804000.0,Appartement,54.0,2.0,54000.0,6.203277,48.6875,14888.888888888889
2023-710992,2023-02-11,2023,179650.0,Appartement,74.0,3.0,54000.0,6.171086,48.669837,2427.7027027027025
2023-710994,2023-02-10,2023,223000.0,Appartement,89.0,4.0,54000.0,6.177394,48.701963,2505.61797752809
2023-711023,2023-02-02,2023,216666.0,Appartement,31.0,2.0,54000.0,6.17731,48.676762,6989.225806451613
2023-711032,2023-01-26,2023,132050.0,Appartement,58.0,3.0,54000.0,6.198025,48.680738,2276.7241379310344
2023-711041,2023-02-07,2023,403500.0,Maison,105.0,5.0,54000.0,6.176305,48.676626,3842.8571428571427
2023-711049,2023-02-03,2023,81876.0,Appartement,32.0,2.0,54000.0,6.194359,48.678263,2558.625
2023-711067,2023-02-10,2023,353000.0,Appartement,120.0,5.0,54000.0,6.171205,48.700133,2941.6666666666665
2023-711072,2023-01-26,2023,138000.0,Appartement,64.0,2.0,54000.0,6.167019,48.686775,2156.25
2023-711076,2023-02-17,2023,106000.0,Appartement,81.0,3.0,54000.0,6.190137,48.682917,1308.641975308642
2023-711105,2023-02-13,2023,99000.0,Appartement,58.0,2.0,54000.0,6.161182,48.698887,1706.896551724138
2023-711111,2023-01-18,2023,900000.0,Appartement,100.0,5.0,54000.0,6.181202,48.677448,9000.0
2023-711114,2023-01-31,2023,87093.0,Appartement,31.0,1.0,54000.0,6.172266,48.701981,2809.451612903226
2023-711128,2023-02-15,2023,288000.0,Maison,87.0,3.0,54000.0,6.174431,48.704802,3310.344827586207
2023-711139,2023-02-15,2023,74600.0,Appartement,28.0,1.0,54000.0,6.1951,48.681512,2664.285714285714
2023-711160,2023-02-17,2023,341000.0,Appartement,126.0,5.0,54000.0,6.173187,48.680719,2706.3492063492063
2023-711161,2023-02-09,2023,55000.0,Appartement,17.0,1.0,54000.0,6.160346,48.687713,3235.294117647059
2023-711174,2023-02-20,2023,170000.0,Appartement,70.0,2.0,54000.0,6.193663,48.689176,2428.5714285714284
2023-711177,2023-02-17,2023,128000.0,Appartement,52.0,3.0,54000.0,6.178629,48.684146,2461.5384615384614
2023-711178,2023-02-20,2023,156400.0,Appartement,64.0,3.0,54000.0,6.194482,48.684496,2443.75
2023-711207,2023-01-26,2023,400300.0,Appartement,201.0,6.0,54000.0,6.182343,48.701368,1991.5422885572139
2023-711213,2023-02-13,2023,220000.0,Appartement,87.0,5.0,54000.0,6.167205,48.678812,2528.735632183908
2023-711214,2023-02-07,2023,328000.0,Appartement,129.0,6.0,54000.0,6.184694,48.686835,2542.6356589147285
2023-711225,2023-01-26,2023,88000.0,Appartement,35.0,2.0,54000.0,6.180476,48.702756,2514.285714285714
2023-711228,2023-02-20,2023,42000.0,Appartement,26.0,2.0,54000.0,6.187014,48.685313,1615.3846153846155
2023-711229,2023-02-20,2023,27000.0,Appartement,26.0,2.0,54000.0,6.187014,48.685313,1038.4615384615386
2023-711231,2023-02-09,2023,262500.0,Appartement,35.0,1.0,54000.0,6.19403,48.689843,7500.0
2023-711246,2023-02-06,2023,74250.0,Appartement,28.0,1.0,54000.0,6.194359,48.678263,2651.785714285714
2023-711247,2023-02-21,2023,189000.0,Appartement,86.0,3.0,54000.0,6.172288,48.674545,2197.6744186046512
2023-711272,2023-02-08,2023,147000.0,Appartement,69.0,3.0,54000.0,6.186685,48.682741,2130.4347826086955
2023-711278,2023-02-08,2023,147800.0,Appartement,98.0,4.0,54000.0,6.179182,48.687711,1508.1632653061224
2023-711286,2023-02-15,2023,162500.0,Appartement,60.0,3.0,54000.0,6.194058,48.678486,2708.3333333333335
2023-711291,2023-02-10,2023,125600.0,Appartement,29.0,2.0,54000.0,6.186744,48.694392,4331.0344827586205
2023-711299,2023-01-27,2023,99000.0,Appartement,35.0,2.0,54000.0,6.180476,48.702756,2828.5714285714284
2023-711301,2023-02-03,2023,66000.0,Appartement,24.0,1.0,54000.0,6.178254,48.698564,2750.0
2023-711310,2023-02-17,2023,282024.0,Appartement,76.0,4.0,54000.0,6.164787,48.696373,3710.842105263158
2023-711318,2023-02-17,2023,310000.0,Appartement,124.0,3.0,54000.0,6.182398,48.680515,2500.0
2023-711323,2023-02-23,2023,40000.0,Appartement,34.0,2.0,54000.0,6.159705,48.698542,1176.4705882352941
2023-711325,2023-02-10,2023,101420.0,Appartement,59.0,3.0,54000.0,6.172975,48.678043,1718.9830508474577
2023-711331,2023-02-08,2023,120000.0,Appartement,56.0,3.0,54000.0,6.170679,48.701143,2142.8571428571427
2023-711334,2023-02-17,2023,135000.0,Appartement,42.0,2.0,54000.0,6.144049,48.696424,3214.285714285714
2023-711342,2023-02-14,2023,72900.0,Appartement,41.0,2.0,54000.0,6.183688,48.68164,1778.0487804878048
2023-711344,2023-02-15,2023,195110.0,Appartement,94.0,5.0,54000.0,6.176683,48.678385,2075.6382978723404
2023-711346,2023-02-14,2023,190000.0,Appartement,70.0,3.0,54000.0,6.178184,48.680036,2714.285714285714
2023-711349,2023-02-20,2023,247950.0,Appartement,79.0,4.0,54000.0,6.1799,48.701028,3138.6075949367087
2023-711356,2023-02-10,2023,60000.0,Appartement,23.0,1.0,54000.0,6.193363,48.680994,2608.695652173913
2023-711358,2023-02-20,2023,437000.0,Appartement,55.0,2.0,54000.0,6.17217,48.673238,7945.454545454545
2023-711364,2023-02-10,2023,230000.0,Appartement,100.0,3.0,54000.0,6.183023,48.687146,2300.0
2023-711371,2023-02-24,2023,122221.0,Appartement,43.0,1.0,54000.0,6.165145,48.683786,2842.3488372093025
2023-711391,2023-02-09,2023,237000.0,Appartement,75.0,4.0,54000.0,6.171949,48.674996,3160.0
2023-711393,2023-02-14,2023,300000.0,Appartement,90.0,4.0,54000.0,6.168109,48.695998,3333.3333333333335
2023-711395,2023-02-08,2023,84000.0,Appartement,43.0,2.0,54000.0,6.162783,48.698708,1953.4883720930231
2023-711399,2023-02-23,2023,267500.0,Maison,183.0,7.0,54000.0,6.160254,48.690874,1461.7486338797814
2023-711401,2023-02-01,2023,83100.0,Appartement,26.0,1.0,54000.0,6.162049,48.687748,3196.153846153846
2023-711403,2023-02-23,2023,285000.0,Maison,183.0,7.0,54000.0,6.160254,48.690874,1557.377049180328
2023-711408,2023-02-21,2023,179500.0,Appartement,88.0,3.0,54000.0,6.172798,48.672752,2039.7727272727273
2023-711435,2023-02-21,2023,148800.0,Appartement,68.0,3.0,54000.0,6.175249,48.67664,2188.235294117647
2023-711439,2023-02-24,2023,129800.0,Appartement,53.0,2.0,54000.0,6.195532,48.694835,2449.056603773585
2023-711452,2023-03-01,2023,121600.0,Appartement,47.0,2.0,54000.0,6.169615,48.689196,2587.2340425531916
2023-711459,2023-02-24,2023,109000.0,Appartement,57.0,3.0,54000.0,6.181151,48.683366,1912.280701754386
2023-711460,2023-02-02,2023,100000.0,Appartement,47.0,2.0,54000.0,6.163505,48.698829,2127.659574468085
2023-711470,2023-02-22,2023,80000.0,Appartement,25.0,1.0,54000.0,6.179101,48.690398,3200.0
2023-711485,2023-02-16,2023,255700.0,Appartement,78.0,3.0,54000.0,6.188694,48.67961,3278.2051282051284
2023-711513,2023-02-27,2023,99000.0,Appartement,42.0,2.0,54000.0,6.176435,48.674031,2357.1428571428573
2023-711525,2023-02-28,2023,153000.0,Appartement,76.0,3.0,54000.0,6.184803,48.690347,2013.157894736842
2023-711559,2023-02-27,2023,139500.0,Appartement,86.0,4.0,54000.0,6.180034,48.687951,1622.093023255814
2023-711572,2023-02-28,2023,273500.0,Appartement,107.0,4.0,54000.0,6.160323,48.689667,2556.07476635514
2023-711581,2023-02-23,2023,346750.0,Appartement,125.0,3.0,54000.0,6.180782,48.689454,2774.0
2023-711590,2023-02-10,2023,280000.0,Appartement,95.0,4.0,54000.0,6.158227,48.686107,2947.3684210526317
2023-711615,2023-02-10,2023,75000.0,Appartement,66.0,4.0,54000.0,6.1488,48.691485,1136.3636363636363
2023-711618,2023-03-01,2023,92200.0,Appartement,27.0,1.0,54000.0,6.189546,48.690376,3414.814814814815
2023-711620,2023-02-28,2023,701923.0,Appartement,51.0,3.0,54000.0,6.18048,48.683098,13763.196078431372
2023-711629,2023-02-28,2023,191000.0,Appartement,87.0,3.0,54000.0,6.18273,48.686804,2195.402298850575
2023-711637,2023-02-20,2023,437000.0,Maison,106.0,6.0,54000.0,6.183878,48.678227,4122.641509433963
2023-711641,2023-02-28,2023,141000.0,Appartement,76.0,4.0,54000.0,6.165952,48.684787,1855.2631578947369
2023-711643,2023-02-20,2023,127779.0,Appartement,74.0,3.0,54000.0,6.172975,48.678043,1726.7432432432433
2023-711660,2023-03-03,2023,217000.0,Appartement,97.0,4.0,54000.0,6.161815,48.681843,2237.1134020618556
2023-711664,2023-02-20,2023,68500.0,Appartement,20.0,1.0,54000.0,6.169204,48.682098,3425.0
2023-711676,2023-03-01,2023,337100.0,Appartement,108.0,5.0,54000.0,6.158968,48.685858,3121.296296296296
2023-711680,2023-03-02,2023,127800.0,Appartement,57.0,3.0,54000.0,6.189238,48.682944,2242.1052631578946
2023-711685,2023-02-14,2023,250000.0,Appartement,31.0,1.0,54000.0,6.163185,48.699841,8064.5161290322585
2023-711691,2023-02-17,2023,85000.0,Appartement,37.0,2.0,54000.0,6.184853,48.686573,2297.2972972972975
2023-711704,2023-02-27,2023,109000.0,Appartement,47.0,2.0,54000.0,6.196248,48.67759,2319.148936170213
2023-711711,2023-02-24,2023,148000.0,Appartement,57.0,3.0,54000.0,6.177244,48.684536,2596.4912280701756
2023-711728,2023-02-24,2023,96000.0,Appartement,47.0,2.0,54000.0,6.170921,48.68479,2042.5531914893618
2023-711734,2023-03-01,2023,71300.0,Appartement,52.0,3.0,54000.0,6.165065,48.692696,1371.1538461538462
2023-711752,2023-02-17,2023,137200.0,Appartement,72.0,4.0,54000.0,6.161941,48.692737,1905.5555555555557
2023-711773,2023-02-27,2023,180000.0,Maison,26.0,1.0,54000.0,,,6923.076923076923
2023-711783,2023-02-22,2023,328925.0,Appartement,120.0,4.0,54000.0,6.188789,48.68889,2741.0416666666665
2023-711784,2023-02-21,2023,724000.0,Maison,180.0,5.0,54000.0,6.175657,48.675165,4022.222222222222
2023-711786,2023-02-27,2023,157000.0,Appartement,65.0,3.0,54000.0,6.195574,48.681535,2415.3846153846152
2023-711809,2023-02-23,2023,650000.0,Maison,189.0,10.0,54000.0,6.170721,48.695352,3439.153439153439
2023-711816,2023-02-24,2023,108700.0,Appartement,35.0,2.0,54000.0,6.177818,48.673537,3105.714285714286
2023-711818,2023-02-24,2023,139000.0,Appartement,72.0,3.0,54000.0,6.180034,48.687951,1930.5555555555557
2023-711824,2023-03-06,2023,330000.0,Appartement,39.0,2.0,54000.0,6.179245,48.695764,8461.538461538461
2023-711833,2023-02-22,2023,118000.0,Appartement,98.0,5.0,54000.0,6.166589,48.697845,1204.0816326530612
2023-711843,2023-03-07,2023,126440.0,Appartement,49.0,3.0,54000.0,6.162049,48.687748,2580.408163265306
2023-711851,2023-02-24,2023,105000.0,Appartement,38.0,2.0,54000.0,6.189546,48.685812,2763.157894736842
2023-711857,2023-03-06,2023,127000.0,Appartement,55.0,2.0,54000.0,6.171747,48.695764,2309.090909090909
2023-711862,2023-03-07,2023,175000.0,Appartement,58.0,3.0,54000.0,6.198411,48.698653,3017.2413793103447
2023-711863,2023-03-02,2023,85325.0,Appartement,19.0,1.0,54000.0,6.182847,48.692347,4490.789473684211
2023-711866,2023-03-06,2023,144500.0,Appartement,70.0,3.0,54000.0,6.175638,48.675925,2064.285714285714
2023-711868,2023-03-06,2023,437000.0,Maison,85.0,3.0,54000.0,6.172657,48.682776,5141.176470588235
2023-711871,2023-03-08,2023,390000.0,Appartement,65.0,3.0,54000.0,6.191223,48.696134,6000.0
2023-711872,2023-03-03,2023,375000.0,Appartement,118.0,5.0,54000.0,6.168191,48.690536,3177.9661016949153
2023-711881,2023-03-02,2023,75000.0,Appartement,66.0,4.0,54000.0,6.1488,48.691485,1136.3636363636363
2023-711884,2023-03-09,2023,95000.0,Appartement,110.0,2.0,54000.0,6.179182,48.687711,863.6363636363636
2023-711886,2023-02-16,2023,179000.0,Appartement,78.0,2.0,54000.0,6.163276,48.681302,2294.871794871795
2023-711902,2023-02-16,2023,77600.0,Appartement,38.0,2.0,54000.0,6.170708,48.701602,2042.1052631578948
2023-711904,2023-02-22,2023,220000.0,Appartement,102.0,3.0,54000.0,6.181767,48.692866,2156.8627450980393
2023-711911,2023-02-17,2023,72400.0,Appartement,35.0,1.0,54000.0,6.16386,48.684724,2068.5714285714284
2023-711912,2023-03-02,2023,106000.0,Appartement,83.0,4.0,54000.0,6.194022,48.697908,1277.1084337349398
2023-711913,2023-03-02,2023,83500.0,Appartement,24.0,1.0,54000.0,6.173553,48.695588,3479.1666666666665
2023-711916,2023-02-27,2023,51300.0,Appartement,25.0,1.0,54000.0,6.158498,48.69836,2052.0
2023-711917,2023-02-24,2023,802000.0,Maison,152.0,8.0,54000.0,6.163154,48.698118,5276.315789473684
2023-711927,2023-03-09,2023,250000.0,Maison,45.0,3.0,54000.0,6.180326,48.706603,5555.555555555556
2023-711928,2023-03-03,2023,230200.0,Maison,69.0,3.0,54000.0,6.168328,48.698703,3336.231884057971
2023-711937,2023-03-01,2023,130500.0,Appartement,63.0,3.0,54000.0,6.195493,48.680357,2071.4285714285716
2023-711948,2023-02-27,2023,59000.0,Appartement,30.0,1.0,54000.0,6.183595,48.688563,1966.6666666666667
2023-711952,2023-02-27,2023,243000.0,Appartement,81.0,4.0,54000.0,6.169173,48.696729,3000.0
2023-711978,2023-02-20,2023,181000.0,Appartement,77.0,4.0,54000.0,6.189495,48.692394,2350.6493506493507
2023-711983,2023-03-07,2023,80000.0,Appartement,47.0,2.0,54000.0,6.171989,48.697889,1702.127659574468
2023-711987,2023-03-13,2023,155150.0,Appartement,47.0,2.0,54000.0,6.196678,48.698292,3301.063829787234
2023-711990,2023-03-07,2023,217000.0,Maison,67.0,5.0,54000.0,6.141275,48.690413,3238.805970149254
2023-711991,2023-03-10,2023,99800.0,Appartement,30.0,1.0,54000.0,6.184536,48.690579,3326.6666666666665
2023-712000,2023-02-28,2023,71200.0,Appartement,30.0,1.0,54000.0,6.176825,48.700733,2373.3333333333335
2023-712002,2023-03-13,2023,377000.0,Maison,118.0,4.0,54000.0,6.167985,48.694538,3194.915254237288
2023-712007,2023-03-01,2023,412000.0,Appartement,130.0,7.0,54000.0,6.184965,48.68857,3169.230769230769
2023-712010,2023-03-01,2023,152000.0,Appartement,73.0,3.0,54000.0,6.191278,48.688568,2082.1917808219177
2023-712013,2023-03-02,2023,390943.2,Appartement,163.0,3.0,54000.0,6.183702,48.686519,2398.4245398773005
2023-712015,2023-03-10,2023,523000.0,Maison,140.0,9.0,54000.0,6.164595,48.695317,3735.714285714286
2023-712028,2023-02-24,2023,93000.0,Appartement,100.0,4.0,54000.0,6.181427,48.680649,930.0
2023-712031,2023-03-13,2023,135000.0,Maison,92.0,5.0,54000.0,6.190823,48.697949,1467.391304347826
2023-712077,2023-02-27,2023,85000.0,Appartement,39.0,2.0,54000.0,6.175103,48.6848,2179.4871794871797
2023-712080,2023-02-27,2023,137100.0,Appartement,84.0,4.0,54000.0,6.18729,48.684453,1632.142857142857
2023-712082,2023-03-01,2023,87020.0,Appartement,45.0,2.0,54000.0,6.178112,48.696013,1933.7777777777778
2023-712086,2023-03-15,2023,105000.0,Appartement,51.0,2.0,54000.0,6.162869,48.702886,2058.823529411765
2023-712091,2023-03-13,2023,91300.0,Appartement,31.0,1.0,54000.0,6.172631,48.685992,2945.1612903225805
2023-712092,2023-02-20,2023,330000.0,Appartement,27.0,1.0,54000.0,6.185028,48.686878,12222.222222222223
2023-712104,2023-02-17,2023,90000.0,Appartement,30.0,1.0,54000.0,6.192456,48.689562,3000.0
2023-712109,2023-02-28,2023,40705.0,Appartement,22.0,1.0,54000.0,6.18766,48.681543,1850.2272727272727
2023-712111,2023-02-27,2023,107200.0,Appartement,40.0,3.0,54000.0,6.161269,48.687843,2680.0
2023-712116,2023-03-15,2023,200000.0,Maison,169.0,9.0,54000.0,6.166751,48.696899,1183.4319526627219
2023-712120,2023-03-15,2023,107000.0,Appartement,46.0,2.0,54000.0,6.162688,48.698194,2326.086956521739
2023-712121,2023-03-06,2023,177000.0,Maison,60.0,4.0,54000.0,6.16913,48.669246,2950.0
2023-712129,2023-03-15,2023,359500.0,Appartement,46.0,3.0,54000.0,6.15803,48.690804,7815.217391304348
2023-712130,2023-02-28,2023,157500.0,Appartement,80.0,3.0,54000.0,6.166651,48.701563,1968.75
2023-712132,2023-03-15,2023,280000.0,Appartement,102.0,4.0,54000.0,6.191489,48.698577,2745.098039215686
2023-712152,2023-03-13,2023,130000.0,Appartement,51.0,2.0,54000.0,6.196976,48.681397,2549.0196078431372
2023-712154,2023-03-13,2023,517750.0,Appartement,80.0,4.0,54000.0,6.178694,48.680412,6471.875
2023-712167,2023-03-09,2023,135000.0,Appartement,48.0,2.0,54000.0,6.177777,48.701601,2812.5
2023-712181,2023-03-15,2023,193000.0,Appartement,83.0,4.0,54000.0,6.157698,48.686904,2325.3012048192772
2023-712203,2023-03-17,2023,262000.0,Appartement,91.0,5.0,54000.0,6.172147,48.69176,2879.120879120879
2023-712211,2023-03-20,2023,79750.0,Appartement,45.0,2.0,54000.0,6.158365,48.696716,1772.2222222222222
2023-712217,2023-03-01,2023,114000.0,Appartement,63.0,3.0,54000.0,6.172986,48.705761,1809.5238095238096
2023-712220,2023-03-02,2023,70000.0,Appartement,25.0,1.0,54000.0,6.165445,48.690435,2800.0
2023-712222,2023-03-10,2023,235000.0,Appartement,109.0,4.0,54000.0,6.164415,48.688023,2155.9633027522937
2023-712246,2023-03-03,2023,256000.0,Maison,138.0,7.0,54000.0,6.16223,48.698172,1855.072463768116
2023-712247,2023-03-03,2023,183400.0,Appartement,70.0,3.0,54000.0,6.195075,48.697317,2620.0
2023-712250,2023-03-07,2023,264500.0,Appartement,69.0,3.0,54000.0,6.196286,48.690646,3833.3333333333335
2023-712261,2023-03-10,2023,400000.0,Appartement,67.0,2.0,54000.0,6.161655,48.68472,5970.149253731343
2023-712264,2023-03-16,2023,81150.0,Appartement,40.0,2.0,54000.0,6.16386,48.684724,2028.75
2023-712270,2023-03-06,2023,148200.0,Appartement,65.0,3.0,54000.0,6.176435,48.674031,2280.0
2023-712277,2023-03-02,2023,292500.0,Appartement,42.0,2.0,54000.0,6.176423,48.691658,6964.285714285715
2023-712291,2023-03-03,2023,155056.0,Appartement,59.0,3.0,54000.0,6.190734,48.70079,2628.0677966101694
2023-712295,2023-03-10,2023,525000.0,Appartement,54.0,2.0,54000.0,6.18555,48.689932,9722.222222222223
2023-712306,2023-03-17,2023,434000.0,Maison,100.0,3.0,54000.0,6.160468,48.685957,4340.0
2023-712315,2023-03-20,2023,85490.0,Appartement,40.0,2.0,54000.0,6.184496,48.686463,2137.25
2023-712316,2023-02-24,2023,136600.0,Appartement,47.0,2.0,54000.0,6.186963,48.683864,2906.3829787234044
2023-712322,2023-03-20,2023,155900.0,Appartement,80.0,2.0,54000.0,6.161363,48.698889,1948.75
2023-712329,2023-03-15,2023,157000.0,Appartement,68.0,3.0,54000.0,6.166431,48.668122,2308.823529411765
2023-712339,2023-03-16,2023,97400.0,Appartement,44.0,2.0,54000.0,6.179186,48.683075,2213.6363636363635
2023-712360,2023-02-28,2023,55000.0,Appartement,19.0,1.0,54000.0,6.185327,48.678198,2894.7368421052633
2023-712369,2023-03-13,2023,106000.0,Appartement,72.0,3.0,54000.0,6.194022,48.697908,1472.2222222222222
2023-712399,2023-03-06,2023,710400.0,Maison,202.0,7.0,54000.0,6.169594,48.693489,3516.831683168317
2023-712400,2023-03-09,2023,625000.0,Maison,200.0,8.0,54000.0,6.173332,48.682284,3125.0
2023-712402,2023-03-15,2023,36000.0,Appartement,43.0,2.0,54000.0,6.165448,48.667637,837.2093023255813
2023-712403,2023-03-21,2023,180000.0,Appartement,72.0,3.0,54000.0,6.200101,48.699314,2500.0
2023-712404,2023-03-10,2023,104000.0,Appartement,55.0,2.0,54000.0,6.160249,48.684336,1890.909090909091
2023-712407,2023-03-22,2023,159000.0,Appartement,67.0,3.0,54000.0,6.177484,48.67552,2373.134328358209
2023-712421,2023-03-17,2023,85000.0,Appartement,39.0,2.0,54000.0,6.184382,48.688454,2179.4871794871797
2023-712430,2023-03-17,2023,154000.0,Appartement,67.0,3.0,54000.0,6.185584,48.680482,2298.507462686567
2023-712433,2023-03-22,2023,93495.0,Appartement,28.0,1.0,54000.0,6.177102,48.692005,3339.1071428571427
2023-712438,2023-03-24,2023,79000.0,Appartement,33.0,1.0,54000.0,6.187239,48.689122,2393.939393939394
2023-712439,2023-03-24,2023,181830.0,Appartement,23.0,1.0,54000.0,6.184512,48.688701,7905.652173913043
2023-712445,2023-03-21,2023,432000.0,Appartement,60.0,4.0,54000.0,6.180988,48.683585,7200.0
2023-712459,2023-03-09,2023,73000.0,Appartement,55.0,3.0,54000.0,6.1488,48.691485,1327.2727272727273
2023-712470,2023-03-03,2023,161000.0,Appartement,80.0,4.0,54000.0,6.190472,48.692766,2012.5
2023-712480,2023-03-21,2023,143450.0,Appartement,42.0,2.0,54000.0,6.178098,48.694259,3415.4761904761904
2023-712483,2023-03-16,2023,307852.0,Appartement,126.0,6.0,54000.0,6.160249,48.684336,2443.2698412698414
2023-712491,2023-03-17,2023,99000.0,Appartement,83.0,4.0,54000.0,6.191103,48.680366,1192.7710843373493
2023-712498,2023-02-28,2023,297000.0,Appartement,106.0,4.0,54000.0,6.173344,48.68305,2801.8867924528304
2023-712507,2023-02-27,2023,143500.0,Appartement,48.0,3.0,54000.0,6.200248,48.685823,2989.5833333333335
2023-712511,2023-03-20,2023,46000.0,Appartement,16.0,1.0,54000.0,6.180034,48.687951,2875.0
2023-712513,2023-03-15,2023,288000.0,Appartement,98.0,5.0,54000.0,6.176198,48.68177,2938.7755102040815
2023-712516,2023-03-17,2023,309000.0,Appartement,130.0,4.0,54000.0,6.172995,48.683677,2376.923076923077
2023-712532,2023-03-24,2023,275000.0,Appartement,99.0,4.0,54000.0,6.181767,48.692866,2777.777777777778
2023-712538,2023-03-02,2023,71400.0,Appartement,25.0,1.0,54000.0,6.187197,48.685477,2856.0
2023-712542,2023-02-28,2023,70000.0,Appartement,29.0,1.0,54000.0,6.183072,48.700453,2413.793103448276
2023-712547,2023-03-13,2023,228500.0,Appartement,91.0,4.0,54000.0,6.16538,48.688275,2510.989010989011
2023-712552,2023-03-24,2023,120000.0,Appartement,95.0,4.0,54000.0,6.179182,48.687711,1263.157894736842
2023-712555,2023-03-21,2023,92000.0,Appartement,31.0,1.0,54000.0,6.16691,48.688991,2967.7419354838707
2023-712564,2023-03-23,2023,69500.0,Appartement,18.0,1.0,54000.0,6.179046,48.699064,3861.1111111111113
2023-712565,2023-03-07,2023,78500.0,Appartement,32.0,2.0,54000.0,6.161786,48.688013,2453.125
2023-712568,2023-03-24,2023,520000.0,Appartement,205.0,6.0,54000.0,6.177423,48.696219,2536.5853658536585
2023-712582,2023-03-17,2023,109300.0,Appartement,100.0,4.0,54000.0,6.181427,48.680649,1093.0
2023-712589,2023-03-20,2023,164000.0,Appartement,92.0,4.0,54000.0,6.177845,48.681309,1782.608695652174
2023-712596,2023-03-24,2023,40000.0,Appartement,46.0,3.0,54000.0,6.16264,48.68226,869.5652173913044
2023-712612,2023-03-03,2023,39000.0,Appartement,61.0,3.0,54000.0,6.18937,48.689267,639.344262295082
2023-712618,2023-03-21,2023,170400.0,Appartement,74.0,3.0,54000.0,6.153475,48.690674,2302.7027027027025
2023-712622,2023-03-22,2023,166250.0,Appartement,62.0,3.0,54000.0,6.1859,48.694179,2681.451612903226
2023-712623,2023-03-13,2023,59500.0,Appartement,22.0,1.0,54000.0,6.187697,48.689882,2704.5454545454545
2023-712632,2023-03-20,2023,60000.0,Appartement,20.0,1.0,54000.0,6.180512,48.682182,3000.0
2023-712640,2023-03-22,2023,270000.0,Appartement,121.0,3.0,54000.0,6.182028,48.694468,2231.404958677686
2023-712644,2023-03-14,2023,155000.0,Appartement,94.0,4.0,54000.0,6.160249,48.684336,1648.936170212766
2023-712648,2023-03-22,2023,75050.0,Appartement,34.0,3.0,54000.0,6.174163,48.702123,2207.3529411764707
2023-712649,2023-03-03,2023,255000.0,Appartement,105.0,5.0,54000.0,6.16411,48.687456,2428.5714285714284
2023-712652,2023-03-21,2023,276000.0,Appartement,114.0,4.0,54000.0,6.186461,48.684793,2421.0526315789475
2023-712664,2023-03-20,2023,181100.0,Appartement,120.0,5.0,54000.0,6.170781,48.703493,1509.1666666666667
2023-712668,2023-03-23,2023,90000.0,Appartement,51.0,2.0,54000.0,6.164151,48.703724,1764.7058823529412
2023-712672,2023-03-20,2023,68400.0,Appartement,23.0,1.0,54000.0,6.175531,48.689366,2973.913043478261
2023-712701,2023-03-22,2023,148000.0,Appartement,81.0,4.0,54000.0,6.189038,48.688517,1827.1604938271605
2023-712710,2023-03-14,2023,102000.0,Appartement,66.0,4.0,54000.0,6.161941,48.692737,1545.4545454545455
2023-712714,2023-03-28,2023,63230.0,Appartement,30.0,2.0,54000.0,6.194044,48.690495,2107.6666666666665
2023-712725,2023-03-24,2023,119600.0,Appartement,50.0,2.0,54000.0,6.16538,48.688275,2392.0
2023-712731,2023-03-29,2023,57000.0,Appartement,23.0,1.0,54000.0,6.167096,48.699082,2478.2608695652175
2023-712756,2023-03-31,2023,126238.5,Appartement,53.0,2.0,54000.0,6.176871,48.684967,2381.8584905660377
2023-712766,2023-03-21,2023,440000.0,Appartement,185.0,5.0,54000.0,6.177423,48.696219,2378.3783783783783
2023-712771,2023-03-24,2023,327500.0,Appartement,110.0,4.0,54000.0,6.171688,48.691596,2977.2727272727275
2023-712772,2023-03-20,2023,114000.0,Appartement,44.0,2.0,54000.0,6.185047,48.677107,2590.909090909091
2023-712778,2023-03-28,2023,95000.0,Appartement,35.0,1.0,54000.0,6.185695,48.688326,2714.285714285714
2023-712780,2023-03-24,2023,280250.0,Appartement,147.0,5.0,54000.0,6.168347,48.686567,1906.4625850340135
2023-712787,2023-03-07,2023,68500.0,Appartement,21.0,1.0,54000.0,6.185145,48.686606,3261.904761904762
2023-712788,2023-03-24,2023,234000.0,Appartement,41.0,2.0,54000.0,6.178001,48.684688,5707.317073170731
2023-712789,2023-03-31,2023,49300.0,Appartement,15.0,1.0,54000.0,6.178593,48.694138,3286.6666666666665
2023-712808,2023-03-20,2023,76000.0,Appartement,41.0,2.0,54000.0,6.173956,48.684448,1853.658536585366
2023-712816,2023-03-22,2023,699000.0,Maison,219.0,7.0,54000.0,6.167206,48.694921,3191.780821917808
2023-712824,2023-03-23,2023,198550.0,Appartement,120.0,6.0,54000.0,6.179884,48.679794,1654.5833333333333
2023-712827,2023-03-31,2023,57500.0,Appartement,18.0,1.0,54000.0,6.1734,48.700198,3194.4444444444443
2023-712832,2023-03-30,2023,115570.0,Appartement,77.0,3.0,54000.0,6.184081,48.689543,1500.909090909091
2023-712844,2023-03-28,2023,66000.0,Appartement,17.0,1.0,54000.0,6.180174,48.675437,3882.3529411764707
2023-712851,2023-03-30,2023,40000.0,Appartement,22.0,2.0,54000.0,6.180131,48.683783,1818.1818181818182
2023-712857,2023-03-30,2023,47500.0,Appartement,17.0,1.0,54000.0,6.163713,48.682903,2794.1176470588234
2023-712859,2023-03-29,2023,225200.0,Appartement,87.0,5.0,54000.0,6.17826,48.692626,2588.5057471264367
2023-712863,2023-03-21,2023,180000.0,Appartement,68.0,3.0,54000.0,6.180579,48.681966,2647.0588235294117
2023-712864,2023-03-27,2023,426500.0,Appartement,200.0,6.0,54000.0,6.179367,48.704579,2132.5
2023-712937,2023-03-29,2023,130050.0,Appartement,98.0,5.0,54000.0,6.166589,48.697845,1327.0408163265306
2023-712938,2023-03-07,2023,145000.0,Appartement,79.0,4.0,54000.0,6.190472,48.692766,1835.4430379746836
2023-712945,2023-03-31,2023,291275.0,Appartement,122.0,4.0,54000.0,6.176088,48.69914,2387.5
2023-712968,2023-03-28,2023,535000.0,Maison,285.0,10.0,54000.0,6.161706,48.704379,1877.1929824561403
2023-712972,2023-03-17,2023,54450.0,Appartement,18.0,1.0,54000.0,6.1734,48.700198,3025.0
2023-712981,2023-03-13,2023,178000.0,Appartement,80.0,3.0,54000.0,6.170484,48.688577,2225.0
2023-712987,2023-03-31,2023,105011.73,Appartement,38.0,2.0,54000.0,6.170383,48.686621,2763.4665789473684
2023-712998,2023-03-30,2023,137000.0,Appartement,35.0,1.0,54000.0,6.179112,48.686562,3914.285714285714
2023-713002,2023-03-20,2023,85000.0,Appartement,46.0,2.0,54000.0,6.1951,48.681512,1847.8260869565217
2023-713025,2023-03-31,2023,73000.0,Appartement,67.0,4.0,54000.0,6.158927,48.690216,1089.55223880597
2023-713040,2023-03-31,2023,70000.0,Appartement,34.0,2.0,54000.0,6.175754,48.684328,2058.823529411765
2023-713048,2023-03-29,2023,109500.0,Appartement,33.0,2.0,54000.0,6.18273,48.686804,3318.181818181818
2023-713077,2023-03-29,2023,123900.0,Appartement,52.0,2.0,54000.0,6.175313,48.702473,2382.6923076923076
2023-713095,2023-03-31,2023,698500.0,Appartement,72.0,3.0,54000.0,6.169446,48.698229,9701.388888888889
2023-713100,2023-04-03,2023,228000.0,Appartement,75.0,3.0,54000.0,6.181013,48.703764,3040.0
2023-713105,2023-03-31,2023,145000.0,Appartement,61.0,3.0,54000.0,6.174116,48.677701,2377.0491803278687
2023-713109,2023-03-29,2023,202800.0,Appartement,86.0,4.0,54000.0,6.180034,48.687951,2358.139534883721
2023-713116,2023-03-30,2023,124400.0,Appartement,52.0,2.0,54000.0,6.163376,48.682369,2392.3076923076924
2023-713125,2023-03-15,2023,109500.0,Appartement,60.0,4.0,54000.0,6.158365,48.696716,1825.0
2023-713137,2023-03-21,2023,58000.0,Appartement,17.0,1.0,54000.0,6.176435,48.674031,3411.764705882353
2023-713147,2023-04-03,2023,152400.0,Appartement,86.0,3.0,54000.0,6.187483,48.688335,1772.093023255814
2023-713159,2023-03-28,2023,455000.0,Maison,168.0,6.0,54000.0,6.165305,48.686578,2708.3333333333335
2023-713166,2023-03-20,2023,89300.0,Appartement,45.0,2.0,54000.0,6.160249,48.684336,1984.4444444444443
2023-713179,2023-02-10,2023,700000.0,Maison,280.0,6.0,54000.0,6.175062,48.678975,2500.0
2023-713185,2023-03-24,2023,60000.0,Appartement,19.0,1.0,54000.0,6.179447,48.702447,3157.8947368421054
2023-713187,2023-04-03,2023,77500.0,Appartement,30.0,1.0,54000.0,6.177142,48.679687,2583.3333333333335
2023-713200,2023-04-03,2023,118000.0,Appartement,68.0,3.0,54000.0,6.175614,48.701925,1735.2941176470588
2023-713205,2023-03-30,2023,83500.0,Appartement,55.0,3.0,54000.0,6.174139,48.683807,1518.1818181818182
2023-713210,2023-03-31,2023,204100.0,Appartement,85.0,4.0,54000.0,6.162374,48.687407,2401.176470588235
2023-713214,2023-03-30,2023,140400.0,Appartement,79.0,3.0,54000.0,6.187272,48.678672,1777.2151898734178
2023-713215,2023-03-13,2023,323000.0,Maison,118.0,5.0,54000.0,6.196692,48.676544,2737.2881355932204
2023-713241,2023-04-03,2023,67600.0,Appartement,54.0,3.0,54000.0,6.158927,48.690216,1251.851851851852
2023-713246,2023-04-14,2023,180000.0,Maison,69.0,5.0,54000.0,6.148236,48.695838,2608.695652173913
2023-713250,2023-03-29,2023,60000.0,Appartement,53.0,2.0,54000.0,6.172232,48.673949,1132.0754716981132
2023-713261,2023-03-31,2023,208000.0,Appartement,85.0,2.0,54000.0,6.170463,48.670683,2447.0588235294117
2023-713277,2023-04-06,2023,85000.0,Appartement,44.0,2.0,54000.0,6.17463,48.683838,1931.8181818181818
2023-713285,2023-03-31,2023,91800.0,Appartement,55.0,2.0,54000.0,6.164151,48.703724,1669.090909090909
2023-713331,2023-04-06,2023,139000.0,Appartement,52.0,3.0,54000.0,6.17749,48.700515,2673.076923076923
2023-713338,2023-03-29,2023,80000.0,Maison,72.0,3.0,54000.0,6.164925,48.686677,1111.111111111111
2023-713343,2023-03-28,2023,66400.0,Appartement,18.0,1.0,54000.0,6.1734,48.700198,3688.8888888888887
2023-713344,2023-03-31,2023,132500.0,Appartement,95.0,3.0,54000.0,6.174302,48.680638,1394.7368421052631
2023-713353,2023-04-11,2023,218000.0,Appartement,40.0,2.0,54000.0,6.188642,48.699393,5450.0
2023-713358,2023-04-04,2023,166610.0,Appartement,47.0,2.0,54000.0,6.186624,48.683308,3544.8936170212764
2023-713373,2023-03-30,2023,97000.0,Appartement,54.0,3.0,54000.0,6.162185,48.681856,1796.2962962962963
2023-713383,2023-04-14,2023,158000.0,Appartement,69.0,3.0,54000.0,6.182941,48.687819,2289.855072463768
2023-713385,2023-04-12,2023,80325.0,Appartement,34.0,1.0,54000.0,6.183606,48.691317,2362.5
2023-713396,2023-03-31,2023,572000.0,Appartement,76.0,4.0,54000.0,6.17261,48.692507,7526.315789473684
2023-713415,2023-04-14,2023,82000.0,Appartement,63.0,3.0,54000.0,6.142502,48.693498,1301.5873015873017
2023-713421,2023-04-11,2023,60000.0,Appartement,67.0,3.0,54000.0,6.184097,48.687229,895.5223880597015
2023-713433,2023-04-19,2023,50450.0,Appartement,18.0,1.0,54000.0,6.1734,48.700198,2802.777777777778
2023-713443,2023-04-14,2023,161000.0,Appartement,66.0,3.0,54000.0,6.175578,48.681593,2439.3939393939395
2023-713446,2023-04-03,2023,75000.0,Appartement,45.0,2.0,54000.0,6.188123,48.684936,1666.6666666666667
2023-713448,2023-03-30,2023,553200.0,Appartement,56.0,3.0,54000.0,6.179348,48.698188,9878.57142857143
2023-713466,2023-04-06,2023,132500.0,Appartement,40.0,2.0,54000.0,6.166316,48.688072,3312.5
2023-713485,2023-04-18,2023,105900.0,Appartement,38.0,2.0,54000.0,6.194044,48.690495,2786.842105263158
2023-713502,2023-03-29,2023,90000.0,Appartement,39.0,1.0,54000.0,6.179564,48.694656,2307.6923076923076
2023-713508,2023-03-22,2023,286300.0,Appartement,101.0,5.0,54000.0,6.167932,48.694349,2834.6534653465346
2023-713510,2023-04-17,2023,85500.0,Appartement,50.0,2.0,54000.0,6.180034,48.687951,1710.0
2023-713512,2023-04-17,2023,145500.0,Appartement,60.0,3.0,54000.0,6.185813,48.676855,2425.0
2023-713520,2023-03-28,2023,95000.0,Appartement,47.0,2.0,54000.0,6.169389,48.703308,2021.276595744681
2023-713521,2023-04-06,2023,70000.0,Appartement,79.0,2.0,54000.0,6.177514,48.694896,886.0759493670886
2023-713529,2023-04-17,2023,949400.0,Maison,205.0,7.0,54000.0,6.190364,48.690811,4631.219512195122
2023-713539,2023-04-17,2023,207000.0,Appartement,139.0,4.0,54000.0,6.181592,48.692384,1489.2086330935251
2023-713541,2023-04-14,2023,167000.0,Appartement,81.0,3.0,54000.0,6.144767,48.693206,2061.7283950617284
2023-713544,2023-04-03,2023,50000.0,Appartement,18.0,1.0,54000.0,6.182658,48.692416,2777.777777777778
2023-713549,2023-04-13,2023,156760.0,Maison,70.0,3.0,54000.0,6.19193,48.701464,2239.4285714285716
2023-713550,2023-03-31,2023,370000.0,Appartement,32.0,3.0,54000.0,6.16294,48.686962,11562.5
2023-713577,2023-04-18,2023,204250.0,Appartement,122.0,5.0,54000.0,6.172986,48.705761,1674.1803278688524
2023-713581,2023-04-24,2023,139000.0,Appartement,54.0,2.0,54000.0,6.164222,48.682238,2574.074074074074
2023-713603,2023-04-20,2023,164000.0,Appartement,66.0,3.0,54000.0,6.185874,48.685856,2484.848484848485
2023-713620,2023-04-17,2023,75000.0,Appartement,59.0,3.0,54000.0,6.18922,48.687821,1271.1864406779662
2023-713629,2023-04-11,2023,114000.0,Appartement,45.0,2.0,54000.0,6.177591,48.70115,2533.3333333333335
2023-713630,2023-04-24,2023,88500.0,Appartement,41.0,2.0,54000.0,6.164847,48.691511,2158.5365853658536
2023-713632,2023-04-25,2023,240400.0,Appartement,102.0,5.0,54000.0,6.150064,48.691307,2356.8627450980393
2023-713634,2023-04-01,2023,81560.0,Appartement,51.0,3.0,54000.0,6.182971,48.701115,1599.2156862745098
2023-713637,2023-04-11,2023,119500.0,Appartement,65.0,3.0,54000.0,6.16569,48.692771,1838.4615384615386
2023-713639,2023-04-11,2023,111000.0,Appartement,58.0,3.0,54000.0,6.164099,48.696136,1913.7931034482758
2023-713651,2023-04-19,2023,152000.0,Appartement,84.0,3.0,54000.0,6.166422,48.684416,1809.5238095238096
2023-713652,2023-04-01,2023,59650.0,Appartement,27.0,1.0,54000.0,6.171823,48.686486,2209.259259259259
2023-713666,2023-04-21,2023,90000.0,Appartement,47.0,2.0,54000.0,6.1951,48.681512,1914.8936170212767
2023-713686,2023-04-07,2023,66721.07,Appartement,20.0,1.0,54000.0,6.195913,48.677055,3336.0535000000004
2023-713696,2023-03-28,2023,190150.0,Appartement,81.0,3.0,54000.0,6.175627,48.6808,2347.5308641975307
2023-713697,2023-04-21,2023,45000.0,Appartement,23.0,1.0,54000.0,6.198774,48.678259,1956.5217391304348
2023-713700,2023-04-14,2023,180500.0,Appartement,109.0,3.0,54000.0,6.166083,48.671113,1655.9633027522937
2023-713701,2023-04-07,2023,125000.0,Appartement,29.0,1.0,54000.0,6.181129,48.691253,4310.3448275862065
2023-713706,2023-04-20,2023,141000.0,Appartement,69.0,3.0,54000.0,6.175631,48.702857,2043.4782608695652
2023-713707,2023-04-05,2023,105000.0,Appartement,24.0,2.0,54000.0,6.169531,48.700073,4375.0
2023-713710,2023-04-04,2023,105500.0,Appartement,49.0,2.0,54000.0,6.185277,48.681396,2153.061224489796
2023-713711,2023-04-06,2023,100000.0,Appartement,55.0,3.0,54000.0,6.163194,48.682937,1818.1818181818182
2023-713717,2023-04-14,2023,116000.0,Appartement,78.0,5.0,54000.0,6.161941,48.692737,1487.179487179487
2023-713720,2023-04-21,2023,96000.0,Appartement,29.0,1.0,54000.0,6.179112,48.686562,3310.344827586207
2023-713725,2023-04-14,2023,80750.0,Appartement,65.0,4.0,54000.0,6.161941,48.692737,1242.3076923076924
2023-713728,2023-04-24,2023,151050.0,Appartement,63.0,3.0,54000.0,6.185131,48.691868,2397.6190476190477
2023-713729,2023-04-11,2023,82000.0,Appartement,39.0,2.0,54000.0,6.183702,48.686519,2102.5641025641025
2023-713734,2023-04-11,2023,126000.0,Appartement,43.0,2.0,54000.0,6.19153,48.691994,2930.232558139535
2023-713735,2023-04-24,2023,71500.0,Appartement,20.0,1.0,54000.0,6.191755,48.696366,3575.0
2023-713748,2023-04-26,2023,193000.0,Appartement,75.0,3.0,54000.0,6.166507,48.66913,2573.3333333333335
2023-713750,2023-04-21,2023,153900.0,Appartement,55.0,2.0,54000.0,6.172342,48.687417,2798.181818181818
2023-713751,2023-04-12,2023,144700.0,Appartement,41.0,2.0,54000.0,6.180328,48.702983,3529.268292682927
2023-713753,2023-04-12,2023,47720.0,Appartement,18.0,1.0,54000.0,6.171136,48.686289,2651.1111111111113
2023-713762,2023-04-17,2023,170000.0,Appartement,79.0,4.0,54000.0,6.162869,48.702886,2151.8987341772154
2023-713768,2023-03-31,2023,166650.0,Appartement,83.0,4.0,54000.0,6.187272,48.678672,2007.8313253012047
2023-713771,2023-04-14,2023,135000.0,Appartement,66.0,3.0,54000.0,6.19659,48.693185,2045.4545454545455
2023-713783,2023-03-31,2023,93100.0,Appartement,51.0,3.0,54000.0,6.185595,48.683395,1825.4901960784314
2023-713785,2023-04-13,2023,225000.0,Appartement,80.0,4.0,54000.0,6.146495,48.691688,2812.5
2023-713828,2023-04-18,2023,184800.0,Appartement,65.0,4.0,54000.0,6.175536,48.681452,2843.076923076923
2023-713839,2023-04-20,2023,149000.0,Appartement,85.0,5.0,54000.0,6.161941,48.692737,1752.9411764705883
2023-713840,2023-04-18,2023,91000.0,Appartement,35.0,2.0,54000.0,6.179564,48.694656,2600.0
2023-713854,2023-04-20,2023,105000.0,Appartement,49.0,2.0,54000.0,6.17957,48.675973,2142.8571428571427
2023-713855,2023-04-21,2023,97150.0,Appartement,48.0,2.0,54000.0,6.17957,48.675973,2023.9583333333333
2023-713859,2023-04-24,2023,51500.0,Appartement,27.0,1.0,54000.0,6.178241,48.701885,1907.4074074074074
2023-713863,2023-04-06,2023,187000.0,Appartement,73.0,3.0,54000.0,6.165377,48.692938,2561.6438356164385
2023-713878,2023-04-21,2023,111000.0,Appartement,70.0,4.0,54000.0,6.181592,48.692384,1585.7142857142858
2023-713880,2023-04-27,2023,159000.0,Appartement,68.0,3.0,54000.0,6.185003,48.691284,2338.235294117647
2023-713882,2023-04-13,2023,106000.0,Appartement,51.0,2.0,54000.0,6.193552,48.680154,2078.4313725490197
2023-713889,2023-04-21,2023,396000.0,Maison,138.0,4.0,54000.0,6.173586,48.683752,2869.5652173913045
2023-713914,2023-04-27,2023,338000.0,Appartement,128.0,5.0,54000.0,6.179953,48.700761,2640.625
2023-713917,2023-04-25,2023,131000.0,Appartement,70.0,4.0,54000.0,6.181592,48.692384,1871.4285714285713
2023-713923,2023-04-27,2023,360000.0,Appartement,121.0,3.0,54000.0,6.182028,48.694468,2975.206611570248
2023-713926,2023-04-21,2023,173000.0,Appartement,56.0,2.0,54000.0,6.178184,48.680036,3089.285714285714
2023-713931,2023-04-28,2023,230000.0,Appartement,75.0,3.0,54000.0,6.183023,48.687146,3066.6666666666665
2023-713956,2023-04-13,2023,109630.0,Appartement,47.0,2.0,54000.0,6.166184,48.671027,2332.553191489362
2023-713964,2023-04-28,2023,148000.0,Appartement,71.0,4.0,54000.0,6.157764,48.696812,2084.507042253521
2023-713965,2023-04-27,2023,75000.0,Appartement,44.0,2.0,54000.0,6.196489,48.67866,1704.5454545454545
2023-713975,2023-04-25,2023,66540.07,Appartement,23.0,1.0,54000.0,6.195913,48.677055,2893.0465217391306
2023-713983,2023-04-21,2023,233000.0,Maison,93.0,4.0,54000.0,6.177227,48.708488,2505.3763440860216
2023-713985,2023-05-02,2023,295000.0,Appartement,22.0,1.0,54000.0,6.197049,48.67863,13409.09090909091
2023-713986,2023-05-02,2023,105000.0,Appartement,55.0,3.0,54000.0,6.176972,48.67648,1909.090909090909
2023-713994,2023-04-17,2023,102500.0,Appartement,38.0,2.0,54000.0,6.169548,48.682674,2697.3684210526317
2023-713999,2023-05-03,2023,133100.0,Appartement,54.0,3.0,54000.0,6.179736,48.683787,2464.814814814815
2023-714005,2023-04-17,2023,66000.0,Appartement,41.0,2.0,54000.0,6.170936,48.690024,1609.7560975609756
2023-714011,2023-04-17,2023,86000.0,Appartement,63.0,3.0,54000.0,6.151789,48.697849,1365.079365079365
2023-714041,2023-04-25,2023,807100.0,Maison,220.0,7.0,54000.0,6.169034,48.689354,3668.6363636363635
2023-714060,2023-04-25,2023,285750.0,Appartement,121.0,3.0,54000.0,6.178541,48.708087,2361.5702479338843
2023-714086,2023-05-09,2023,35000.0,Appartement,14.0,1.0,54000.0,6.179995,48.681186,2500.0
2023-714087,2023-04-14,2023,89500.0,Appartement,25.0,2.0,54000.0,6.182808,48.687915,3580.0
2023-714093,2023-04-19,2023,31900.0,Appartement,18.0,1.0,54000.0,6.181336,48.702244,1772.2222222222222
2023-714098,2023-05-09,2023,579000.0,Maison,137.0,5.0,54000.0,6.180821,48.675303,4226.2773722627735
2023-714099,2023-05-10,2023,181000.0,Maison,68.0,3.0,54000.0,6.148165,48.696615,2661.764705882353
2023-714101,2023-05-09,2023,195700.0,Appartement,82.0,3.0,54000.0,6.188123,48.684936,2386.5853658536585
2023-714102,2023-04-28,2023,162000.0,Appartement,55.0,4.0,54000.0,6.187429,48.69984,2945.4545454545455
2023-714107,2023-04-27,2023,151000.0,Appartement,50.0,3.0,54000.0,6.162364,48.681339,3020.0
2023-714110,2023-04-13,2023,138000.0,Appartement,64.0,3.0,54000.0,6.183975,48.700543,2156.25
2023-714111,2023-05-03,2023,82000.0,Appartement,39.0,2.0,54000.0,6.159804,48.688034,2102.5641025641025
2023-714114,2023-04-13,2023,254855.0,Appartement,116.0,3.0,54000.0,6.182432,48.691895,2197.0258620689656
2023-714120,2023-04-28,2023,146600.0,Appartement,77.0,3.0,54000.0,6.176308,48.680197,1903.8961038961038
2023-714121,2023-04-18,2023,109500.0,Appartement,102.0,5.0,54000.0,6.187272,48.678672,1073.5294117647059
2023-714165,2023-04-13,2023,160000.0,Appartement,31.0,2.0,54000.0,6.173653,48.683943,5161.290322580645
2023-714167,2023-05-05,2023,136000.0,Appartement,64.0,3.0,54000.0,6.17137,48.685813,2125.0
2023-714171,2023-04-12,2023,350000.0,Appartement,149.0,3.0,54000.0,6.174448,48.692683,2348.993288590604
2023-714176,2023-04-21,2023,78850.0,Appartement,46.0,2.0,54000.0,6.162509,48.704673,1714.1304347826087
2023-714195,2023-04-21,2023,60000.0,Appartement,32.0,2.0,54000.0,6.184049,48.688188,1875.0
2023-714217,2023-05-05,2023,99750.0,Appartement,32.0,2.0,54000.0,6.186956,48.687554,3117.1875
2023-714220,2023-04-25,2023,124350.0,Appartement,47.0,2.0,54000.0,6.192321,48.696947,2645.744680851064
2023-714284,2023-05-04,2023,525000.0,Appartement,82.0,3.0,54000.0,6.159972,48.69032,6402.4390243902435
2023-714291,2023-05-10,2023,217000.0,Maison,73.0,4.0,54000.0,6.196784,48.682645,2972.6027397260273
2023-714320,2023-05-04,2023,104000.0,Appartement,40.0,1.0,54000.0,6.185695,48.688326,2600.0
2023-714321,2023-04-26,2023,193000.0,Appartement,84.0,4.0,54000.0,6.178479,48.679481,2297.6190476190477
2023-714339,2023-04-26,2023,68450.0,Appartement,20.0,1.0,54000.0,6.18037,48.695091,3422.5
2023-714340,2023-04-27,2023,120000.0,Appartement,54.0,3.0,54000.0,6.162185,48.681856,2222.222222222222
2023-714346,2023-05-02,2023,172000.0,Appartement,67.0,2.0,54000.0,6.182744,48.700405,2567.1641791044776
2023-714347,2023-04-28,2023,103936.0,Appartement,50.0,2.0,54000.0,6.170333,48.68872,2078.72
2023-714369,2023-05-05,2023,51300.0,Appartement,22.0,2.0,54000.0,6.193363,48.680994,2331.818181818182
2023-714372,2023-05-04,2023,94500.0,Appartement,42.0,2.0,54000.0,6.176435,48.674031,2250.0
2023-714376,2023-05-12,2023,137500.0,Appartement,62.0,3.0,54000.0,6.194044,48.690495,2217.7419354838707
2023-714383,2023-05-10,2023,110000.0,Appartement,57.0,3.0,54000.0,6.181636,48.702195,1929.8245614035088
2023-714386,2023-04-20,2023,335000.0,Appartement,120.0,4.0,54000.0,6.173704,48.693701,2791.6666666666665
2023-714387,2023-05-12,2023,90250.0,Appartement,97.0,3.0,54000.0,6.179182,48.687711,930.4123711340206
2023-714399,2023-04-28,2023,132000.0,Appartement,40.0,2.0,54000.0,6.190112,48.69401,3300.0
2023-714404,2023-05-12,2023,333000.0,Appartement,96.0,3.0,54000.0,6.163149,48.68568,3468.75
2023-714411,2023-05-04,2023,65000.0,Appartement,27.0,1.0,54000.0,6.189144,48.682951,2407.4074074074074
2023-714420,2023-04-17,2023,148000.0,Appartement,66.0,3.0,54000.0,6.176666,48.701559,2242.4242424242425
2023-714422,2023-05-04,2023,80000.0,Appartement,43.0,2.0,54000.0,6.172368,48.699807,1860.4651162790697
2023-714423,2023-04-28,2023,335000.0,Appartement,115.0,5.0,54000.0,6.158968,48.685858,2913.0434782608695
2023-714424,2023-05-11,2023,695000.0,Appartement,85.0,3.0,54000.0,6.185826,48.68548,8176.470588235294
2023-714425,2023-04-28,2023,64560.0,Appartement,46.0,2.0,54000.0,6.194468,48.679796,1403.4782608695652
2023-714429,2023-04-27,2023,177660.0,Appartement,84.0,4.0,54000.0,6.153475,48.690674,2115.0
2023-714432,2023-04-19,2023,134500.0,Appartement,46.0,2.0,54000.0,6.166127,48.700467,2923.913043478261
2023-714433,2023-04-27,2023,125000.0,Appartement,39.0,2.0,54000.0,6.189546,48.685812,3205.128205128205
2023-714438,2023-05-12,2023,148000.0,Appartement,57.0,2.0,54000.0,6.187197,48.685477,2596.4912280701756
2023-714448,2023-05-03,2023,139000.0,Appartement,47.0,2.0,54000.0,6.177777,48.701601,2957.446808510638
2023-714449,2023-05-03,2023,58200.0,Appartement,33.0,1.0,54000.0,6.171209,48.68615,1763.6363636363637
2023-714456,2023-05-03,2023,140000.0,Appartement,61.0,3.0,54000.0,6.183798,48.690226,2295.0819672131147
2023-714460,2023-05-02,2023,106000.0,Appartement,70.0,3.0,54000.0,6.194022,48.697908,1514.2857142857142
2023-714463,2023-05-12,2023,162000.0,Appartement,33.0,1.0,54000.0,6.190111,48.682944,4909.090909090909
2023-714465,2023-05-09,2023,76000.0,Appartement,29.0,1.0,54000.0,6.186336,48.678773,2620.689655172414
2023-714478,2023-05-16,2023,115979.3,Appartement,47.0,2.0,54000.0,6.18068,48.681556,2467.644680851064
2023-714481,2023-05-04,2023,71250.0,Appartement,39.0,1.0,54000.0,6.159309,48.685434,1826.923076923077
2023-714487,2023-05-10,2023,80000.0,Appartement,20.0,1.0,54000.0,6.169895,48.687621,4000.0
2023-714490,2023-05-16,2023,171000.0,Appartement,84.0,3.0,54000.0,6.192209,48.698534,2035.7142857142858
2023-714495,2023-05-16,2023,466500.0,Appartement,38.0,2.0,54000.0,6.160777,48.686474,12276.315789473685
2023-714501,2023-05-05,2023,70000.0,Appartement,49.0,2.0,54000.0,6.189528,48.70192,1428.5714285714287
2023-714502,2023-05-15,2023,179500.0,Appartement,91.0,4.0,54000.0,6.176435,48.674031,1972.5274725274726
2023-714504,2023-04-26,2023,125000.0,Appartement,68.0,3.0,54000.0,6.196623,48.689339,1838.235294117647
2023-714508,2023-04-27,2023,80000.0,Appartement,30.0,1.0,54000.0,6.176435,48.674031,2666.6666666666665
2023-714512,2023-02-22,2023,190000.0,Maison,100.0,4.0,54000.0,6.174827,48.705639,1900.0
2023-714514,2023-05-04,2023,104000.0,Appartement,47.0,2.0,54000.0,6.163007,48.679244,2212.7659574468084
2023-714516,2023-01-16,2023,365000.0,Appartement,121.0,4.0,54000.0,6.189922,48.691036,3016.528925619835
2023-714521,2023-05-03,2023,92000.0,Appartement,48.0,2.0,54000.0,6.166868,48.688156,1916.6666666666667
2023-714522,2023-05-16,2023,67500.0,Appartement,30.0,2.0,54000.0,6.152826,48.697565,2250.0
2023-714538,2023-04-26,2023,125000.0,Appartement,63.0,3.0,54000.0,6.172317,48.686379,1984.126984126984
2023-714539,2023-05-16,2023,93850.0,Appartement,35.0,1.0,54000.0,6.200194,48.686707,2681.4285714285716
2023-714540,2023-05-04,2023,104500.0,Appartement,44.0,2.0,54000.0,6.198025,48.680738,2375.0
2023-714545,2023-04-28,2023,80000.0,Appartement,38.0,2.0,54000.0,6.173986,48.688168,2105.2631578947367
2023-714550,2023-04-25,2023,436980.0,Appartement,187.0,4.0,54000.0,6.167451,48.674262,2336.7914438502676
2023-714554,2023-05-04,2023,211000.0,Maison,80.0,4.0,54000.0,6.19594,48.684677,2637.5
2023-714565,2023-04-24,2023,90650.0,Appartement,39.0,2.0,54000.0,6.18085,48.683266,2324.358974358974
2023-714567,2023-05-04,2023,644800.0,Maison,230.0,8.0,54000.0,,,2803.478260869565
2023-714570,2023-05-15,2023,299000.0,Appartement,127.0,5.0,54000.0,6.170781,48.703493,2354.3307086614172
2023-714571,2023-05-12,2023,130000.0,Appartement,77.0,3.0,54000.0,6.161448,48.683616,1688.3116883116884
2023-714576,2023-04-26,2023,45000.0,Appartement,20.0,1.0,54000.0,6.196489,48.67866,2250.0
2023-714580,2023-04-26,2023,196650.0,Appartement,68.0,3.0,54000.0,6.189892,48.691189,2891.9117647058824
2023-714583,2023-05-11,2023,95000.0,Appartement,58.0,2.0,54000.0,6.166106,48.703407,1637.9310344827586
2023-714586,2023-05-15,2023,130000.0,Appartement,73.0,3.0,54000.0,6.179972,48.682898,1780.8219178082193
2023-714593,2023-05-10,2023,115000.0,Appartement,81.0,4.0,54000.0,6.194022,48.697908,1419.7530864197531
2023-714606,2023-05-02,2023,110000.0,Appartement,57.0,2.0,54000.0,6.173148,48.670992,1929.8245614035088
2023-714607,2023-05-10,2023,128520.0,Appartement,72.0,4.0,54000.0,6.167782,48.703732,1785.0
2023-714613,2023-05-05,2023,91990.0,Appartement,63.0,3.0,54000.0,6.179182,48.687711,1460.1587301587301
2023-714617,2023-05-03,2023,240000.0,Appartement,89.0,4.0,54000.0,6.167606,48.690275,2696.629213483146
2023-714618,2023-05-10,2023,123600.0,Appartement,51.0,3.0,54000.0,6.158927,48.690216,2423.529411764706
2023-714620,2023-04-12,2023,55000.0,Appartement,15.0,1.0,54000.0,6.193363,48.680994,3666.6666666666665
2023-714621,2023-05-12,2023,68000.0,Appartement,25.0,1.0,54000.0,6.186336,48.678773,2720.0
2023-714651,2023-05-11,2023,95500.0,Appartement,37.0,1.0,54000.0,6.174423,48.694251,2581.0810810810813
2023-714654,2023-05-02,2023,220000.0,Appartement,103.0,4.0,54000.0,6.17577,48.678579,2135.9223300970875
2023-714655,2023-04-28,2023,123700.0,Appartement,48.0,2.0,54000.0,6.163655,48.676308,2577.0833333333335
2023-714658,2023-04-28,2023,260000.0,Maison,117.0,5.0,54000.0,6.173084,48.703816,2222.222222222222
2023-714666,2023-05-11,2023,48500.0,Appartement,32.0,2.0,54000.0,6.16651,48.702355,1515.625
2023-714684,2023-05-12,2023,60000.0,Appartement,25.0,1.0,54000.0,6.158498,48.69836,2400.0
2023-714691,2023-05-15,2023,65000.0,Appartement,27.0,1.0,54000.0,6.178672,48.693986,2407.4074074074074
2023-714692,2023-05-03,2023,172900.0,Appartement,63.0,3.0,54000.0,6.179198,48.676703,2744.4444444444443
2023-714696,2023-05-16,2023,166600.0,Appartement,86.0,4.0,54000.0,6.155874,48.690682,1937.2093023255813
2023-714697,2023-05-16,2023,530000.0,Maison,200.0,6.0,54000.0,6.156763,48.696887,2650.0
2023-714703,2023-05-16,2023,219000.0,Appartement,78.0,3.0,54000.0,6.195532,48.694835,2807.6923076923076
2023-714704,2023-05-22,2023,190000.0,Appartement,36.0,1.0,54000.0,6.190905,48.686672,5277.777777777777
2023-714722,2023-05-23,2023,133500.0,Appartement,115.0,3.0,54000.0,6.162287,48.698906,1160.8695652173913
2023-714728,2023-05-03,2023,138700.0,Appartement,80.0,3.0,54000.0,6.179241,48.675375,1733.75
2023-714732,2023-05-24,2023,75610.0,Appartement,20.0,1.0,54000.0,6.183676,48.682472,3780.5
2023-714741,2023-05-19,2023,237500.0,Appartement,94.0,4.0,54000.0,6.170843,48.701792,2526.595744680851
2023-714758,2023-05-17,2023,230500.0,Appartement,81.0,2.0,54000.0,6.169307,48.689492,2845.679012345679
2023-714759,2023-05-24,2023,135500.0,Appartement,74.0,3.0,54000.0,6.196489,48.67866,1831.081081081081
2023-714769,2023-05-23,2023,61000.0,Appartement,33.0,1.0,54000.0,6.187911,48.687124,1848.4848484848485
2023-714785,2023-05-12,2023,49000.0,Appartement,32.0,1.0,54000.0,6.14576,48.696638,1531.25
2023-714789,2023-05-10,2023,190000.0,Appartement,63.0,3.0,54000.0,6.173998,48.672596,3015.873015873016
2023-714803,2023-05-17,2023,66500.0,Appartement,32.0,1.0,54000.0,6.174991,48.680245,2078.125
2023-714806,2023-05-23,2023,97500.0,Appartement,38.0,2.0,54000.0,6.168396,48.694586,2565.7894736842104
2023-714811,2023-05-16,2023,129500.0,Appartement,64.0,3.0,54000.0,6.160249,48.684336,2023.4375
2023-714832,2023-05-19,2023,109000.0,Appartement,45.0,2.0,54000.0,6.179884,48.679794,2422.222222222222
2023-714843,2023-04-27,2023,184210.0,Appartement,86.0,5.0,54000.0,6.168934,48.683228,2141.9767441860463
2023-714846,2023-05-12,2023,103000.0,Appartement,54.0,3.0,54000.0,6.181428,48.687036,1907.4074074074074
2023-714862,2023-05-15,2023,60000.0,Appartement,53.0,2.0,54000.0,6.187942,48.687925,1132.0754716981132
2023-714864,2023-05-12,2023,250000.0,Appartement,86.0,4.0,54000.0,6.172003,48.687753,2906.9767441860463
2023-714867,2023-05-12,2023,96900.0,Appartement,45.0,2.0,54000.0,6.191566,48.68619,2153.3333333333335
2023-714880,2023-05-10,2023,136800.0,Appartement,50.0,2.0,54000.0,6.172631,48.685992,2736.0
2023-714884,2023-05-03,2023,48000.0,Appartement,18.0,1.0,54000.0,6.170761,48.683309,2666.6666666666665
2023-714889,2023-05-11,2023,72000.0,Appartement,25.0,1.0,54000.0,6.185409,48.68003,2880.0
2023-714899,2023-05-16,2023,130000.0,Appartement,49.0,2.0,54000.0,6.171086,48.669837,2653.061224489796
2023-714900,2023-05-11,2023,194000.0,Appartement,86.0,4.0,54000.0,6.177465,48.683443,2255.813953488372
2023-714921,2023-05-24,2023,160350.0,Appartement,67.0,3.0,54000.0,6.187602,48.688613,2393.283582089552
2023-714928,2023-05-25,2023,207000.0,Maison,110.0,3.0,54000.0,6.166196,48.702261,1881.8181818181818
2023-714943,2023-05-03,2023,75000.0,Appartement,32.0,2.0,54000.0,6.16651,48.702355,2343.75
2023-714953,2023-05-30,2023,98000.0,Appartement,62.0,3.0,54000.0,6.179182,48.687711,1580.6451612903227
2023-714963,2023-05-11,2023,420900.0,Appartement,132.0,4.0,54000.0,6.161517,48.688061,3188.6363636363635
2023-714978,2023-05-19,2023,179000.0,Appartement,62.0,3.0,54000.0,6.177865,48.683962,2887.0967741935483
2023-714985,2023-03-10,2023,128700.0,Appartement,50.0,2.0,54000.0,6.185695,48.688326,2574.0
2023-714987,2023-05-30,2023,86100.0,Appartement,54.0,3.0,54000.0,6.158927,48.690216,1594.4444444444443
2023-715015,2023-05-24,2023,300000.0,Appartement,142.0,3.0,54000.0,6.169081,48.688865,2112.676056338028
2023-715025,2023-05-15,2023,159000.0,Appartement,66.0,3.0,54000.0,6.165347,48.678144,2409.090909090909
2023-715039,2023-05-22,2023,92000.0,Appartement,51.0,2.0,54000.0,6.162869,48.702886,1803.921568627451
2023-715041,2023-05-31,2023,210000.0,Appartement,102.0,3.0,54000.0,6.181767,48.692866,2058.823529411765
2023-715078,2023-05-31,2023,62200.0,Appartement,24.0,1.0,54000.0,6.187208,48.694539,2591.6666666666665
2023-715080,2023-05-25,2023,248000.0,Maison,105.0,5.0,54000.0,6.172051,48.676174,2361.904761904762
2023-715096,2023-05-12,2023,126000.0,Appartement,56.0,3.0,54000.0,6.175374,48.680113,2250.0
2023-715099,2023-05-23,2023,985000.0,Maison,100.0,4.0,54000.0,6.176615,48.67977,9850.0
2023-715104,2023-05-31,2023,131100.0,Appartement,75.0,4.0,54000.0,6.162419,48.680697,1748.0
2023-715116,2023-05-31,2023,77426.25,Appartement,28.0,2.0,54000.0,6.17751,48.68537,2765.223214285714
2023-715117,2023-05-31,2023,180000.0,Appartement,92.0,4.0,54000.0,6.170996,48.690658,1956.5217391304348
2023-715143,2023-05-23,2023,188000.0,Appartement,92.0,5.0,54000.0,6.196096,48.683989,2043.4782608695652
2023-715144,2023-05-22,2023,38000.0,Appartement,18.0,1.0,54000.0,6.174069,48.700598,2111.1111111111113
2023-715174,2023-06-02,2023,68000.0,Appartement,23.0,1.0,54000.0,6.184536,48.690579,2956.521739130435
2023-715205,2023-05-31,2023,425000.0,Appartement,194.0,4.0,54000.0,6.171472,48.687154,2190.721649484536
2023-715212,2023-05-22,2023,256000.0,Appartement,100.0,5.0,54000.0,6.179435,48.682157,2560.0
2023-715213,2023-05-17,2023,92800.0,Appartement,41.0,2.0,54000.0,6.169716,48.691443,2263.4146341463415
2023-715261,2023-05-17,2023,54000.0,Appartement,19.0,1.0,54000.0,6.165129,48.683215,2842.1052631578946
2023-715275,2023-05-22,2023,150000.0,Appartement,97.0,4.0,54000.0,6.179182,48.687711,1546.3917525773195
2023-715276,2023-05-22,2023,148200.0,Appartement,49.0,2.0,54000.0,6.182837,48.692025,3024.4897959183672
2023-715278,2023-05-25,2023,106650.0,Appartement,79.0,4.0,54000.0,6.189123,48.692783,1350.0
2023-715292,2023-06-05,2023,70400.0,Appartement,28.0,2.0,54000.0,6.172699,48.682191,2514.285714285714
2023-715299,2023-05-25,2023,97000.0,Appartement,55.0,3.0,54000.0,6.177683,48.684161,1763.6363636363637
2023-715315,2023-05-17,2023,153063.0,Appartement,79.0,4.0,54000.0,6.176088,48.69914,1937.506329113924
2023-715328,2023-05-09,2023,43000.0,Appartement,24.0,1.0,54000.0,6.164188,48.69927,1791.6666666666667
2023-715332,2023-05-30,2023,82860.0,Appartement,37.0,2.0,54000.0,6.192302,48.689172,2239.4594594594596
2023-715361,2023-06-06,2023,71250.0,Appartement,42.0,2.0,54000.0,6.187272,48.678672,1696.4285714285713
2023-715372,2023-05-24,2023,255000.0,Maison,90.0,3.0,54000.0,6.160171,48.698493,2833.3333333333335
2023-715373,2023-06-05,2023,115000.0,Appartement,54.0,2.0,54000.0,6.189985,48.697361,2129.6296296296296
2023-715389,2023-06-05,2023,103000.0,Appartement,48.0,2.0,54000.0,6.180034,48.687951,2145.8333333333335
2023-715391,2023-05-30,2023,179000.0,Appartement,62.0,3.0,54000.0,6.170641,48.684543,2887.0967741935483
2023-715394,2023-05-26,2023,67500.0,Appartement,29.0,1.0,54000.0,6.193488,48.68961,2327.5862068965516
2023-715395,2023-05-10,2023,76350.0,Appartement,26.0,1.0,54000.0,6.17455,48.684681,2936.5384615384614
2023-715397,2023-05-30,2023,170000.0,Appartement,27.0,1.0,54000.0,6.18203,48.69286,6296.2962962962965
2023-715409,2023-05-25,2023,177000.0,Appartement,74.0,3.0,54000.0,6.181356,48.700174,2391.891891891892
2023-715413,2023-06-01,2023,75400.0,Appartement,37.0,2.0,54000.0,6.18309,48.686272,2037.837837837838
2023-715414,2023-06-02,2023,189150.0,Appartement,93.0,3.0,54000.0,6.194612,48.688532,2033.8709677419354
2023-715416,2023-05-17,2023,152000.0,Appartement,48.0,3.0,54000.0,6.170716,48.687203,3166.6666666666665
2023-715419,2023-05-25,2023,153000.0,Appartement,66.0,3.0,54000.0,6.164151,48.703724,2318.181818181818
2023-715427,2023-06-06,2023,86500.0,Appartement,66.0,4.0,54000.0,6.161941,48.692737,1310.6060606060605
2023-715432,2023-05-23,2023,163840.0,Appartement,63.0,3.0,54000.0,6.186963,48.683864,2600.6349206349205
2023-715437,2023-05-26,2023,94800.0,Appartement,38.0,1.0,54000.0,6.196439,48.680481,2494.7368421052633
2023-715445,2023-05-22,2023,185000.0,Appartement,66.0,2.0,54000.0,6.181356,48.700174,2803.030303030303
2023-715449,2023-06-05,2023,94000.0,Appartement,51.0,3.0,54000.0,6.158927,48.690216,1843.137254901961
2023-715456,2023-05-31,2023,104900.0,Appartement,47.0,2.0,54000.0,6.18762,48.680442,2231.9148936170213
2023-715458,2023-05-25,2023,126350.0,Appartement,58.0,3.0,54000.0,6.16628,48.70217,2178.448275862069
2023-715460,2023-06-02,2023,430000.0,Appartement,35.0,2.0,54000.0,6.162445,48.700161,12285.714285714286
2023-715461,2023-05-31,2023,72000.0,Appartement,42.0,2.0,54000.0,6.189985,48.697361,1714.2857142857142
2023-715466,2023-06-07,2023,150000.0,Appartement,28.0,1.0,54000.0,6.182151,48.692991,5357.142857142857
2023-715486,2023-05-31,2023,148000.0,Appartement,76.0,4.0,54000.0,6.164573,48.673701,1947.3684210526317
2023-715489,2023-05-24,2023,114000.0,Appartement,56.0,3.0,54000.0,6.198025,48.680738,2035.7142857142858
2023-715492,2023-05-22,2023,178350.0,Appartement,48.0,2.0,54000.0,6.19211,48.688775,3715.625
2023-715495,2023-06-02,2023,174600.0,Appartement,86.0,4.0,54000.0,6.180034,48.687951,2030.2325581395348
2023-715517,2023-05-17,2023,138000.0,Appartement,102.0,3.0,54000.0,6.173986,48.688168,1352.9411764705883
2023-715522,2023-06-08,2023,65000.0,Appartement,35.0,2.0,54000.0,6.166775,48.702017,1857.142857142857
2023-715524,2023-06-02,2023,95000.0,Appartement,53.0,3.0,54000.0,6.180973,48.6841,1792.4528301886792
2023-715531,2023-06-13,2023,117500.0,Appartement,48.0,2.0,54000.0,6.185277,48.681396,2447.9166666666665
2023-715537,2023-06-06,2023,130000.0,Appartement,48.0,2.0,54000.0,6.196976,48.681397,2708.3333333333335
2023-715542,2023-06-05,2023,136500.0,Appartement,91.0,4.0,54000.0,6.145249,48.693045,1500.0
2023-715561,2023-06-01,2023,91440.0,Appartement,38.0,1.0,54000.0,6.196489,48.67866,2406.315789473684
2023-715563,2023-06-06,2023,288000.0,Appartement,87.0,3.0,54000.0,6.17856,48.694203,3310.344827586207
2023-715578,2023-05-30,2023,414000.0,Appartement,138.0,4.0,54000.0,6.178925,48.697021,3000.0
2023-715580,2023-06-08,2023,192000.0,Appartement,76.0,4.0,54000.0,6.196046,48.679324,2526.315789473684
2023-715587,2023-05-23,2023,122000.0,Appartement,34.0,2.0,54000.0,6.160249,48.684336,3588.235294117647
2023-715590,2023-06-06,2023,110000.0,Appartement,51.0,3.0,54000.0,6.201619,48.686386,2156.8627450980393
2023-715595,2023-06-06,2023,428000.0,Appartement,122.0,5.0,54000.0,6.175199,48.699365,3508.1967213114754
2023-715597,2023-05-31,2023,78000.0,Appartement,32.0,1.0,54000.0,6.191236,48.686626,2437.5
2023-715600,2023-06-06,2023,93000.0,Appartement,50.0,2.0,54000.0,6.186125,48.684562,1860.0
2023-715601,2023-05-22,2023,108050.0,Appartement,43.0,2.0,54000.0,6.201619,48.686386,2512.7906976744184
2023-715605,2023-06-06,2023,171900.0,Appartement,85.0,3.0,54000.0,6.170706,48.699474,2022.3529411764705
2023-715606,2023-05-17,2023,310000.0,Appartement,120.0,5.0,54000.0,6.172012,48.692057,2583.3333333333335
2023-715622,2023-05-19,2023,382000.0,Maison,100.0,5.0,54000.0,6.182774,48.701358,3820.0
2023-715623,2023-06-06,2023,65000.0,Appartement,38.0,2.0,54000.0,6.166578,48.681711,1710.5263157894738
2023-715639,2023-05-24,2023,175100.0,Appartement,61.0,3.0,54000.0,6.175918,48.701176,2870.4918032786886
2023-715640,2023-06-12,2023,150000.0,Maison,64.0,4.0,54000.0,6.172893,48.684565,2343.75
2023-715644,2023-06-08,2023,88000.0,Appartement,51.0,2.0,54000.0,6.169389,48.703308,1725.4901960784314
2023-715652,2023-06-07,2023,156200.0,Appartement,60.0,3.0,54000.0,6.190734,48.70079,2603.3333333333335
2023-715654,2023-05-23,2023,62400.0,Appartement,28.0,1.0,54000.0,6.185263,48.685693,2228.5714285714284
2023-715657,2023-06-10,2023,112000.0,Appartement,46.0,2.0,54000.0,6.169294,48.685154,2434.782608695652
2023-715672,2023-06-02,2023,169000.0,Maison,88.0,4.0,54000.0,6.163222,48.669009,1920.4545454545455
2023-715674,2023-05-10,2023,350000.0,Appartement,192.0,7.0,54000.0,6.174392,48.693367,1822.9166666666667
2023-715693,2023-06-13,2023,54625.0,Appartement,25.0,2.0,54000.0,6.169531,48.700073,2185.0
2023-715694,2023-05-31,2023,99300.0,Appartement,40.0,2.0,54000.0,6.181289,48.694722,2482.5
2023-715696,2023-06-08,2023,245000.0,Appartement,65.0,2.0,54000.0,6.190476,48.696998,3769.230769230769
2023-715710,2023-06-08,2023,215000.0,Appartement,37.0,2.0,54000.0,6.19615,48.677114,5810.810810810811
2023-715711,2023-05-17,2023,107300.0,Appartement,62.0,3.0,54000.0,6.185692,48.683419,1730.6451612903227
2023-715730,2023-06-09,2023,90000.0,Appartement,48.0,2.0,54000.0,6.180034,48.687951,1875.0
2023-715731,2023-06-09,2023,152000.0,Appartement,63.0,3.0,54000.0,6.178337,48.681074,2412.6984126984125
2023-715739,2023-05-25,2023,133400.0,Appartement,60.0,3.0,54000.0,6.201619,48.686386,2223.3333333333335
2023-715740,2023-06-13,2023,95000.0,Appartement,54.0,3.0,54000.0,6.158927,48.690216,1759.2592592592594
2023-715742,2023-06-01,2023,180500.0,Appartement,86.0,4.0,54000.0,6.160346,48.687713,2098.8372093023254
2023-715749,2023-06-02,2023,290500.0,Appartement,36.0,2.0,54000.0,6.176423,48.691658,8069.444444444444
2023-715751,2023-06-02,2023,82700.0,Appartement,33.0,1.0,54000.0,6.175638,48.675925,2506.060606060606
2023-715760,2023-06-16,2023,141670.0,Appartement,63.0,3.0,54000.0,6.186777,48.692909,2248.7301587301586
2023-715764,2023-06-13,2023,73200.0,Appartement,34.0,2.0,54000.0,6.169406,48.682174,2152.9411764705883
2023-715766,2023-06-14,2023,232000.0,Appartement,122.0,3.0,54000.0,6.179367,48.704579,1901.639344262295
2023-715769,2023-06-12,2023,110000.0,Appartement,40.0,2.0,54000.0,6.191365,48.686239,2750.0
2023-715771,2023-06-09,2023,139554.0,Appartement,64.0,3.0,54000.0,6.166127,48.700467,2180.53125
2023-715779,2023-06-05,2023,46000.0,Appartement,21.0,1.0,54000.0,6.176277,48.675015,2190.4761904761904
2023-715788,2023-05-26,2023,82000.0,Appartement,40.0,2.0,54000.0,6.182175,48.680978,2050.0
2023-715789,2023-06-13,2023,130000.0,Appartement,75.0,3.0,54000.0,6.19295,48.681165,1733.3333333333333
2023-715792,2023-06-06,2023,52500.0,Appartement,21.0,1.0,54000.0,6.164752,48.683513,2500.0
2023-715797,2023-06-07,2023,154500.0,Appartement,60.0,1.0,54000.0,6.191236,48.686626,2575.0
2023-715799,2023-06-13,2023,106000.0,Appartement,78.0,4.0,54000.0,6.189442,48.687866,1358.974358974359
2023-715807,2023-06-14,2023,145970.0,Appartement,72.0,3.0,54000.0,6.180889,48.701934,2027.361111111111
2023-715818,2023-06-09,2023,250000.0,Appartement,86.0,4.0,54000.0,6.168456,48.698412,2906.9767441860463
2023-715824,2023-06-15,2023,70000.0,Appartement,35.0,2.0,54000.0,6.16183,48.696571,2000.0
2023-715841,2023-06-14,2023,86500.0,Appartement,31.0,1.0,54000.0,6.161448,48.683616,2790.3225806451615
2023-715842,2023-06-19,2023,360000.0,Appartement,139.0,4.0,54000.0,6.171814,48.686379,2589.928057553957
2023-715851,2023-06-16,2023,125000.0,Appartement,38.0,2.0,54000.0,6.17751,48.68537,3289.4736842105262
2023-715860,2023-06-14,2023,55100.0,Appartement,15.0,1.0,54000.0,6.176945,48.697236,3673.3333333333335
2023-715871,2023-06-14,2023,104000.0,Appartement,74.0,3.0,54000.0,6.185652,48.685102,1405.4054054054054
2023-715872,2023-06-15,2023,134900.0,Appartement,55.0,2.0,54000.0,6.194482,48.684496,2452.7272727272725
2023-715873,2023-06-15,2023,218500.0,Appartement,101.0,3.0,54000.0,6.193164,48.690076,2163.366336633663
2023-715874,2023-06-12,2023,52000.0,Appartement,30.0,1.0,54000.0,6.183688,48.68164,1733.3333333333333
2023-715881,2023-06-15,2023,80000.0,Appartement,67.0,4.0,54000.0,6.165448,48.667637,1194.0298507462687
2023-715899,2023-06-14,2023,71500.0,Appartement,30.0,2.0,54000.0,6.194044,48.690495,2383.3333333333335
2023-715903,2023-06-05,2023,400600.0,Appartement,163.0,4.0,54000.0,6.18869,48.692589,2457.6687116564417
2023-715907,2023-06-14,2023,204980.0,Appartement,80.0,3.0,54000.0,6.189369,48.688003,2562.25
2023-715919,2023-06-14,2023,237600.0,Maison,72.0,4.0,54000.0,6.192525,48.689248,3300.0
2023-715939,2023-06-21,2023,72500.0,Appartement,20.0,1.0,54000.0,6.179425,48.678628,3625.0
2023-715945,2023-06-06,2023,34000.0,Appartement,14.0,1.0,54000.0,6.184925,48.691788,2428.5714285714284
2023-715948,2023-06-01,2023,93000.0,Appartement,55.0,2.0,54000.0,6.158512,48.685705,1690.909090909091
2023-715951,2023-06-08,2023,141000.0,Appartement,68.0,3.0,54000.0,6.175139,48.678852,2073.529411764706
2023-715955,2023-05-24,2023,293900.0,Appartement,123.0,5.0,54000.0,6.180945,48.676616,2389.430894308943
2023-715961,2023-06-22,2023,126000.0,Appartement,40.0,1.0,54000.0,6.174418,48.703309,3150.0
2023-715966,2023-06-09,2023,105000.0,Appartement,33.0,2.0,54000.0,6.168577,48.685285,3181.818181818182
2023-715984,2023-06-20,2023,259500.0,Maison,74.0,4.0,54000.0,6.156483,48.698346,3506.7567567567567
2023-715995,2023-06-16,2023,45000.0,Appartement,35.0,1.0,54000.0,6.168921,48.683476,1285.7142857142858
2023-715997,2023-06-06,2023,393000.0,Appartement,38.0,2.0,54000.0,6.153803,48.697799,10342.105263157895
2023-716004,2023-06-16,2023,151200.0,Appartement,66.0,2.0,54000.0,6.173187,48.680719,2290.909090909091
2023-716044,2023-06-20,2023,103000.0,Appartement,36.0,2.0,54000.0,6.191661,48.691968,2861.1111111111113
2023-716070,2023-06-09,2023,538650.0,Maison,161.0,4.0,54000.0,6.169107,48.669572,3345.6521739130435
2023-716073,2023-06-22,2023,230830.0,Appartement,17.0,1.0,54000.0,6.170489,48.689883,13578.235294117647
2023-716085,2023-06-23,2023,190000.0,Appartement,31.0,1.0,54000.0,6.187265,48.687546,6129.032258064516
2023-716095,2023-06-20,2023,66700.0,Appartement,25.0,1.0,54000.0,6.158498,48.69836,2668.0
2023-716098,2023-06-15,2023,160000.0,Appartement,33.0,2.0,54000.0,6.169977,48.686113,4848.484848484848
2023-716104,2023-05-31,2023,300000.0,Appartement,50.0,2.0,54000.0,6.178368,48.679575,6000.0
2023-716108,2023-05-31,2023,117462.0,Appartement,57.0,2.0,54000.0,6.160758,48.686928,2060.7368421052633
2023-716117,2023-05-31,2023,85900.0,Appartement,57.0,2.0,54000.0,6.179447,48.702447,1507.017543859649
2023-716118,2023-06-20,2023,133500.0,Maison,66.0,4.0,54100.0,6.15677,48.70444,2022.7272727272727
2023-716119,2023-06-23,2023,152500.0,Appartement,61.0,3.0,54000.0,6.163899,48.675154,2500.0
2023-716121,2023-06-19,2023,176500.0,Maison,65.0,2.0,54000.0,6.15822,48.697655,2715.3846153846152
2023-716127,2023-06-02,2023,95000.0,Appartement,36.0,1.0,54000.0,6.175745,48.691,2638.8888888888887
2023-716136,2023-06-07,2023,75050.0,Appartement,43.0,2.0,54000.0,6.173666,48.701522,1745.3488372093022
2023-716138,2023-06-20,2023,507000.0,Appartement,54.0,3.0,54000.0,6.169943,48.682316,9388.888888888889
2023-716145,2023-06-14,2023,64100.0,Appartement,23.0,1.0,54000.0,6.167096,48.699082,2786.9565217391305
2023-716148,2023-06-16,2023,109850.0,Appartement,48.0,2.0,54000.0,6.163998,48.682543,2288.5416666666665
2023-716165,2023-06-14,2023,265000.0,Appartement,101.0,5.0,54000.0,6.165233,48.696106,2623.762376237624
2023-716166,2023-06-12,2023,190000.0,Appartement,35.0,1.0,54000.0,6.184881,48.690238,5428.571428571428
2023-716167,2023-06-06,2023,222000.0,Appartement,66.0,3.0,54000.0,6.179371,48.705912,3363.6363636363635
2023-716178,2023-06-23,2023,139000.0,Appartement,64.0,3.0,54000.0,6.171416,48.675211,2171.875
2023-716185,2023-06-13,2023,186900.0,Appartement,90.0,5.0,54000.0,6.165138,48.699354,2076.6666666666665
2023-716193,2023-06-20,2023,267500.0,Appartement,24.0,1.0,54000.0,,,11145.833333333334
2023-716196,2023-06-02,2023,71266.2,Appartement,30.0,1.0,54000.0,6.160249,48.684336,2375.54
2023-716219,2023-06-02,2023,168200.0,Appartement,45.0,2.0,54000.0,6.186175,48.68891,3737.777777777778
2023-716234,2023-04-19,2023,180000.0,Appartement,103.0,4.0,54000.0,6.172862,48.683822,1747.5728155339805
2023-716245,2023-06-09,2023,72500.0,Appartement,30.0,2.0,54000.0,6.177489,48.706772,2416.6666666666665
2023-716250,2023-06-20,2023,169000.0,Appartement,68.0,2.0,54000.0,6.197383,48.684941,2485.294117647059
2023-716259,2023-06-26,2023,124300.0,Appartement,47.0,2.0,54000.0,6.168021,48.668771,2644.68085106383
2023-716275,2023-06-16,2023,406500.0,Maison,121.0,6.0,54000.0,6.162309,48.688488,3359.504132231405
2023-716283,2023-06-14,2023,67340.0,Appartement,28.0,1.0,54000.0,6.172699,48.682191,2405.0
2023-716301,2023-06-09,2023,482000.0,Appartement,128.0,4.0,54000.0,6.16696,48.678598,3765.625
2023-716312,2023-06-19,2023,141000.0,Appartement,72.0,3.0,54000.0,6.180034,48.687951,1958.3333333333333
2023-716318,2023-06-26,2023,206900.0,Appartement,65.0,4.0,54000.0,6.182594,48.700547,3183.076923076923
2023-716347,2023-06-01,2023,80000.0,Appartement,34.0,2.0,54000.0,6.182325,48.692508,2352.9411764705883
2023-716350,2023-06-12,2023,342700.0,Appartement,115.0,5.0,54000.0,6.173667,48.680336,2980.0
2023-716356,2023-06-22,2023,310000.0,Appartement,39.0,3.0,54000.0,6.16227,48.687836,7948.717948717948
2023-716373,2023-06-27,2023,341020.0,Appartement,129.0,5.0,54000.0,6.167067,48.685403,2643.5658914728683
2023-716397,2023-06-26,2023,198750.0,Maison,50.0,2.0,54000.0,6.162211,48.702459,3975.0
2023-716404,2023-06-22,2023,66000.0,Appartement,24.0,1.0,54000.0,6.198774,48.678259,2750.0
2023-716419,2023-06-22,2023,62000.0,Appartement,38.0,1.0,54000.0,6.196489,48.67866,1631.578947368421
2023-716422,2023-06-28,2023,42500.0,Appartement,17.0,1.0,54000.0,6.165129,48.683215,2500.0
2023-716425,2023-06-30,2023,195250.0,Appartement,90.0,5.0,54000.0,6.190748,48.69219,2169.4444444444443
2023-716428,2023-06-29,2023,142000.0,Appartement,54.0,2.0,54000.0,6.195093,48.684543,2629.6296296296296
2023-716445,2023-06-29,2023,132740.0,Appartement,60.0,3.0,54000.0,6.183048,48.700696,2212.3333333333335
2023-716447,2023-06-30,2023,270000.0,Maison,96.0,4.0,54000.0,6.173837,48.682501,2812.5
2023-716448,2023-06-23,2023,110050.0,Appartement,49.0,2.0,54000.0,6.166127,48.700467,2245.918367346939
2023-716451,2023-06-29,2023,147450.0,Appartement,49.0,2.0,54000.0,6.201619,48.686386,3009.183673469388
2023-716454,2023-06-29,2023,97000.0,Appartement,62.0,4.0,54000.0,6.161941,48.692737,1564.516129032258
2023-716457,2023-06-26,2023,145000.0,Appartement,54.0,2.0,54000.0,6.171632,48.690814,2685.185185185185
2023-716458,2023-06-27,2023,93100.0,Appartement,30.0,1.0,54000.0,6.184393,48.691894,3103.3333333333335
2023-716478,2023-07-03,2023,125000.0,Appartement,53.0,2.0,54000.0,6.199403,48.69822,2358.490566037736
2023-716496,2023-06-27,2023,95400.0,Appartement,39.0,2.0,54000.0,6.168892,48.683318,2446.153846153846
2023-716501,2023-06-30,2023,198000.0,Appartement,79.0,4.0,54000.0,6.153475,48.690674,2506.3291139240505
2023-716521,2023-06-02,2023,68000.0,Appartement,33.0,1.0,54000.0,6.168721,48.699719,2060.6060606060605
2023-716527,2023-06-22,2023,119000.0,Appartement,74.0,3.0,54000.0,6.153475,48.690674,1608.1081081081081
2023-716534,2023-06-19,2023,52500.0,Appartement,26.0,1.0,54000.0,6.163562,48.684432,2019.2307692307693
2023-716543,2023-06-30,2023,205000.0,Appartement,69.0,3.0,54000.0,6.195532,48.694835,2971.014492753623
2023-716559,2023-07-03,2023,153700.0,Appartement,50.0,3.0,54000.0,6.18708,48.694986,3074.0
2023-716568,2023-06-26,2023,74500.0,Appartement,36.0,1.0,54000.0,6.160249,48.684336,2069.4444444444443
2023-716581,2023-06-30,2023,95000.0,Appartement,67.0,3.0,54000.0,6.172813,48.698853,1417.910447761194
2023-716582,2023-06-30,2023,92000.0,Appartement,36.0,2.0,54000.0,6.196614,48.698909,2555.5555555555557
2023-716590,2023-06-29,2023,167000.0,Appartement,64.0,3.0,54000.0,6.196614,48.698909,2609.375
2023-716592,2023-06-30,2023,84000.0,Appartement,39.0,2.0,54000.0,6.174291,48.70497,2153.846153846154
2023-716597,2023-07-03,2023,57000.0,Appartement,24.0,1.0,54000.0,6.167247,48.691696,2375.0
2023-716598,2023-06-19,2023,27200.0,Appartement,19.0,1.0,54000.0,6.182127,48.689737,1431.578947368421
2023-716600,2023-06-30,2023,179000.0,Appartement,139.0,4.0,54000.0,6.181592,48.692384,1287.769784172662
2023-716629,2023-06-06,2023,152000.0,Appartement,57.0,3.0,54000.0,6.19659,48.693185,2666.6666666666665
2023-716637,2023-06-28,2023,93000.0,Appartement,55.0,2.0,54000.0,6.160249,48.684336,1690.909090909091
2023-716639,2023-06-29,2023,98000.0,Appartement,66.0,4.0,54000.0,6.161941,48.692737,1484.8484848484848
2023-716645,2023-07-04,2023,379500.0,Appartement,152.0,5.0,54000.0,6.166578,48.686196,2496.7105263157896
2023-716650,2023-06-29,2023,120000.0,Appartement,47.0,2.0,54000.0,6.186624,48.683308,2553.191489361702
2023-716655,2023-06-13,2023,614520.0,Maison,142.0,5.0,54000.0,6.151672,48.692669,4327.605633802817
2023-716664,2023-06-27,2023,185000.0,Appartement,75.0,3.0,54000.0,6.182339,48.67604,2466.6666666666665
2023-716696,2023-06-21,2023,72000.0,Appartement,25.0,1.0,54000.0,6.15914,48.696664,2880.0
2023-716704,2023-06-27,2023,80000.0,Appartement,38.0,2.0,54000.0,6.172503,48.672663,2105.2631578947367
2023-716708,2023-07-04,2023,160000.0,Appartement,66.0,3.0,54000.0,6.181356,48.700174,2424.242424242424
2023-716713,2023-07-05,2023,130000.0,Appartement,64.0,3.0,54000.0,6.185305,48.685949,2031.25
2023-716726,2023-07-03,2023,204651.0,Appartement,94.0,5.0,54000.0,6.179241,48.675375,2177.1382978723404
2023-716739,2023-06-23,2023,175000.0,Maison,74.0,4.0,54100.0,6.139799,48.700386,2364.864864864865
2023-716740,2023-06-29,2023,81000.0,Appartement,31.0,1.0,54000.0,6.168177,48.686408,2612.9032258064517
2023-716745,2023-07-05,2023,112100.0,Appartement,49.0,3.0,54000.0,6.180264,48.68455,2287.7551020408164
2023-716754,2023-07-03,2023,87000.0,Appartement,33.0,1.0,54000.0,6.163998,48.682543,2636.3636363636365
2023-716755,2023-06-30,2023,78000.0,Appartement,40.0,2.0,54000.0,6.155244,48.698475,1950.0
2023-716758,2023-06-26,2023,107000.0,Appartement,30.0,2.0,54000.0,6.185277,48.681396,3566.6666666666665
2023-716764,2023-06-30,2023,160000.0,Appartement,69.0,2.0,54000.0,6.188095,48.68915,2318.840579710145
2023-716768,2023-06-30,2023,95000.0,Appartement,41.0,2.0,54000.0,6.18184,48.694599,2317.0731707317073
2023-716773,2023-06-27,2023,115500.0,Appartement,65.0,3.0,54000.0,6.187842,48.694667,1776.923076923077
2023-716774,2023-06-22,2023,82000.0,Appartement,38.0,1.0,54000.0,6.187911,48.687124,2157.8947368421054
2023-716780,2023-06-22,2023,123500.0,Appartement,58.0,3.0,54000.0,6.178525,48.701845,2129.310344827586
2023-716783,2023-06-29,2023,223550.0,Appartement,29.0,1.0,54000.0,6.169368,48.678035,7708.620689655172
2023-716784,2023-07-06,2023,175500.0,Appartement,82.0,3.0,54000.0,6.161486,48.691574,2140.243902439024
2023-716785,2023-06-07,2023,150000.0,Appartement,41.0,2.0,54000.0,6.174521,48.702165,3658.5365853658536
2023-716791,2023-07-04,2023,270000.0,Appartement,108.0,5.0,54000.0,6.172194,48.691596,2500.0
2023-716800,2023-06-28,2023,126000.0,Appartement,43.0,1.0,54000.0,6.175816,48.701712,2930.232558139535
2023-716803,2023-06-29,2023,140445.0,Appartement,55.0,3.0,54000.0,6.175629,48.705681,2553.5454545454545
2023-716805,2023-06-26,2023,84000.0,Appartement,23.0,1.0,54000.0,6.181663,48.695006,3652.1739130434785
2023-716806,2023-06-28,2023,182700.0,Appartement,87.0,4.0,54000.0,6.191442,48.686857,2100.0
2023-716807,2023-06-23,2023,77000.0,Appartement,30.0,1.0,54000.0,6.169389,48.703308,2566.6666666666665
2023-716809,2023-06-30,2023,152700.0,Appartement,95.0,3.0,54000.0,6.168934,48.683228,1607.3684210526317
2023-716810,2023-06-26,2023,320440.0,Appartement,120.0,4.0,54000.0,6.172588,48.6879,2670.3333333333335
2023-716813,2023-06-22,2023,101500.0,Appartement,48.0,2.0,54000.0,6.175631,48.702857,2114.5833333333335
2023-716816,2023-06-22,2023,161300.0,Appartement,63.0,3.0,54000.0,6.172317,48.686379,2560.3174603174602
2023-716836,2023-06-09,2023,71000.0,Appartement,31.0,1.0,54000.0,6.194531,48.689921,2290.3225806451615
2023-716843,2023-06-07,2023,170000.0,Appartement,84.0,4.0,54000.0,6.154596,48.69862,2023.8095238095239
2023-716848,2023-07-06,2023,400000.0,Appartement,144.0,4.0,54000.0,6.17902,48.697948,2777.777777777778
2023-716854,2023-06-29,2023,198000.0,Appartement,88.0,5.0,54000.0,6.172015,48.683644,2250.0
2023-716872,2023-06-23,2023,80000.0,Appartement,42.0,2.0,54000.0,6.1784,48.683317,1904.7619047619048
2023-716887,2023-06-23,2023,69250.0,Appartement,37.0,1.0,54000.0,6.162692,48.694747,1871.6216216216217
2023-716921,2023-07-04,2023,95600.0,Appartement,44.0,3.0,54000.0,6.166745,48.681749,2172.7272727272725
2023-716924,2023-06-29,2023,73000.0,Appartement,39.0,2.0,54000.0,6.194324,48.680277,1871.7948717948718
2023-716925,2023-06-30,2023,468000.0,Appartement,63.0,3.0,54000.0,6.161451,48.695679,7428.571428571428
2023-716927,2023-06-27,2023,115000.0,Appartement,82.0,4.0,54000.0,6.194022,48.697908,1402.439024390244
2023-716928,2023-06-29,2023,248000.0,Appartement,50.0,1.0,54000.0,6.165154,48.686794,4960.0
2023-716936,2023-07-04,2023,251220.0,Appartement,96.0,4.0,54000.0,6.185066,48.691821,2616.875
2023-716937,2023-07-07,2023,107200.0,Appartement,48.0,2.0,54000.0,6.182175,48.680978,2233.3333333333335
2023-716943,2023-06-22,2023,155000.0,Appartement,31.0,1.0,54000.0,6.175038,48.691239,5000.0
2023-716952,2023-07-07,2023,66300.0,Appartement,28.0,2.0,54000.0,6.185464,48.690683,2367.8571428571427
2023-716953,2023-07-06,2023,55000.0,Appartement,21.0,1.0,54000.0,6.185277,48.681396,2619.0476190476193
2023-716955,2023-06-28,2023,162500.0,Appartement,30.0,1.0,54000.0,6.197244,48.68866,5416.666666666667
2023-716956,2023-07-11,2023,327750.0,Appartement,85.0,3.0,54000.0,6.168305,48.70396,3855.8823529411766
2023-716975,2023-06-22,2023,60000.0,Appartement,25.0,1.0,54000.0,6.158498,48.69836,2400.0
2023-716985,2023-07-12,2023,287500.0,Appartement,111.0,5.0,54000.0,6.164742,48.70091,2590.09009009009
2023-716993,2023-07-10,2023,154000.0,Maison,84.0,3.0,54000.0,6.189388,48.703527,1833.3333333333333
2023-717036,2023-06-22,2023,169500.0,Appartement,66.0,3.0,54000.0,6.171793,48.682942,2568.181818181818
2023-717043,2023-06-27,2023,75000.0,Appartement,26.0,1.0,54000.0,6.175531,48.689366,2884.6153846153848
2023-717045,2023-07-06,2023,90500.0,Appartement,49.0,1.0,54000.0,6.164554,48.69333,1846.938775510204
2023-717050,2023-07-13,2023,337440.0,Appartement,125.0,4.0,54000.0,6.17145,48.701304,2699.52
2023-717053,2023-06-29,2023,230400.0,Appartement,60.0,3.0,54000.0,6.186163,48.686553,3840.0
2023-717060,2023-07-07,2023,420000.0,Appartement,114.0,3.0,54000.0,6.19659,48.693185,3684.2105263157896
2023-717070,2023-07-05,2023,215710.0,Appartement,95.0,5.0,54000.0,6.174004,48.67746,2270.6315789473683
2023-717081,2023-06-16,2023,44300.0,Appartement,20.0,1.0,54000.0,6.18357,48.686937,2215.0
2023-717083,2023-06-16,2023,101500.0,Appartement,50.0,2.0,54000.0,6.178368,48.679575,2030.0
2023-717104,2023-06-15,2023,330000.0,Maison,122.0,4.0,54000.0,6.162661,48.704112,2704.9180327868853
2023-717108,2023-06-16,2023,112000.0,Appartement,50.0,2.0,54000.0,6.178368,48.679575,2240.0
2023-717111,2023-06-27,2023,114000.0,Appartement,47.0,2.0,54000.0,6.173187,48.680719,2425.531914893617
2023-717119,2023-06-26,2023,76000.0,Appartement,20.0,1.0,54000.0,6.169895,48.687621,3800.0
2023-717126,2023-07-11,2023,278200.0,Maison,136.0,6.0,54100.0,6.141547,48.701477,2045.5882352941176
2023-717144,2023-06-30,2023,204600.0,Appartement,82.0,3.0,54000.0,6.17195,48.67056,2495.121951219512
2023-717160,2023-06-22,2023,188250.0,Maison,72.0,4.0,54000.0,6.155614,48.699589,2614.5833333333335
2023-717163,2023-06-27,2023,127150.0,Appartement,56.0,3.0,54000.0,6.198025,48.680738,2270.535714285714
2023-717164,2023-07-06,2023,100000.0,Appartement,52.0,3.0,54000.0,6.171884,48.683029,1923.076923076923
2023-717165,2023-07-04,2023,755000.0,Maison,180.0,9.0,54000.0,6.165193,48.686131,4194.444444444444
2023-717168,2023-06-22,2023,261500.0,Appartement,110.0,4.0,54000.0,6.165233,48.696106,2377.2727272727275
2023-717173,2023-07-11,2023,420000.0,Appartement,91.0,3.0,54000.0,6.167939,48.689465,4615.384615384615
2023-717177,2023-07-10,2023,75200.0,Appartement,34.0,1.0,54000.0,6.174122,48.684167,2211.764705882353
2023-717185,2023-07-10,2023,96000.0,Appartement,48.0,2.0,54000.0,6.178037,48.67772,2000.0
2023-717190,2023-07-11,2023,114000.0,Appartement,46.0,2.0,54000.0,6.172842,48.685197,2478.2608695652175
2023-717191,2023-07-10,2023,356000.0,Appartement,130.0,4.0,54000.0,6.187901,48.685178,2738.4615384615386
2023-717196,2023-06-30,2023,110000.0,Appartement,40.0,1.0,54000.0,6.168432,48.685482,2750.0
2023-717204,2023-06-09,2023,260000.0,Appartement,20.0,1.0,54000.0,6.164388,48.69152,13000.0
2023-717212,2023-06-19,2023,51300.0,Appartement,25.0,2.0,54000.0,6.197373,48.678978,2052.0
2023-717219,2023-07-10,2023,104000.0,Appartement,44.0,2.0,54000.0,6.165857,48.690217,2363.6363636363635
2023-717222,2023-07-13,2023,36000.0,Appartement,14.0,1.0,54000.0,6.178191,48.698064,2571.4285714285716
2023-717231,2023-07-10,2023,61000.0,Appartement,63.0,3.0,54000.0,6.138771,48.692841,968.2539682539683
2023-717234,2023-06-14,2023,149300.0,Appartement,25.0,1.0,54000.0,6.184184,48.687781,5972.0
2023-717256,2023-06-30,2023,116000.0,Appartement,74.0,5.0,54000.0,6.160405,48.696532,1567.5675675675675
2023-717265,2023-07-07,2023,101000.0,Appartement,36.0,2.0,54000.0,6.172106,48.689947,2805.5555555555557
2023-717269,2023-07-10,2023,105620.0,Appartement,42.0,2.0,54000.0,6.182914,48.688895,2514.7619047619046
2023-717273,2023-07-18,2023,49000.0,Appartement,22.0,2.0,54000.0,6.180131,48.683783,2227.2727272727275
2023-717278,2023-06-30,2023,70000.0,Appartement,21.0,1.0,54000.0,6.195532,48.694835,3333.3333333333335
2023-717282,2023-06-14,2023,74700.0,Appartement,25.0,2.0,54000.0,6.184184,48.687781,2988.0
2023-717287,2023-07-06,2023,82000.0,Appartement,79.0,4.0,54000.0,6.191072,48.679103,1037.9746835443038
2023-717289,2023-06-30,2023,82000.0,Appartement,51.0,2.0,54000.0,6.165377,48.692938,1607.8431372549019
2023-717290,2023-06-27,2023,142500.0,Appartement,78.0,4.0,54000.0,6.181427,48.680649,1826.923076923077
2023-717291,2023-07-05,2023,280000.0,Appartement,122.0,5.0,54000.0,6.183755,48.682656,2295.0819672131147
2023-717292,2023-06-30,2023,325000.0,Appartement,37.0,2.0,54000.0,6.183635,48.700904,8783.783783783783
2023-717297,2023-06-20,2023,113050.0,Appartement,50.0,2.0,54000.0,6.178368,48.679575,2261.0
2023-717303,2023-06-28,2023,80000.0,Appartement,47.0,2.0,54000.0,6.193839,48.6808,1702.127659574468
2023-717321,2023-07-12,2023,720000.0,Appartement,56.0,3.0,54000.0,6.192982,48.681024,12857.142857142857
2023-717341,2023-07-19,2023,127500.0,Appartement,53.0,2.0,54000.0,6.164254,48.674806,2405.6603773584907
2023-717346,2023-07-18,2023,142500.0,Appartement,49.0,2.0,54000.0,6.177512,48.697985,2908.1632653061224
2023-717358,2023-06-23,2023,105151.55,Appartement,31.0,1.0,54000.0,6.194531,48.689921,3391.985483870968
2023-717378,2023-07-18,2023,75000.0,Appartement,26.0,1.0,54000.0,6.194359,48.678263,2884.6153846153848
2023-717380,2023-07-10,2023,115000.0,Appartement,52.0,2.0,54000.0,6.163376,48.682369,2211.5384615384614
2023-717390,2023-06-28,2023,131350.0,Appartement,83.0,4.0,54000.0,6.187272,48.678672,1582.5301204819277
2023-717392,2023-07-19,2023,171000.0,Appartement,44.0,2.0,54000.0,6.190112,48.69401,3886.3636363636365
2023-717395,2023-07-03,2023,85000.0,Appartement,44.0,2.0,54000.0,6.1951,48.681512,1931.8181818181818
2023-717398,2023-07-10,2023,80500.0,Appartement,37.0,2.0,54000.0,6.171421,48.703236,2175.675675675676
2023-717401,2023-07-13,2023,89800.0,Appartement,52.0,3.0,54000.0,6.158927,48.690216,1726.923076923077
2023-717410,2023-06-29,2023,89000.0,Appartement,40.0,2.0,54000.0,6.201619,48.686386,2225.0
2023-717422,2023-07-20,2023,363000.0,Appartement,96.0,4.0,54000.0,6.196623,48.689339,3781.25
2023-717436,2023-07-06,2023,120000.0,Appartement,53.0,2.0,54000.0,6.189985,48.697361,2264.1509433962265
2023-717443,2023-07-13,2023,120000.0,Appartement,56.0,2.0,54000.0,6.181454,48.690989,2142.8571428571427
2023-717451,2023-07-11,2023,64125.0,Appartement,19.0,1.0,54000.0,6.194026,48.694574,3375.0
2023-717452,2023-07-11,2023,128000.0,Appartement,74.0,3.0,54000.0,6.164844,48.703341,1729.7297297297298
2023-717456,2023-07-13,2023,311160.0,Appartement,89.0,4.0,54000.0,6.175895,48.682251,3496.179775280899
2023-717457,2023-06-28,2023,161500.0,Appartement,91.0,4.0,54000.0,6.170734,48.687071,1774.7252747252746
2023-717467,2023-07-17,2023,140500.0,Appartement,60.0,2.0,54000.0,6.171841,48.683915,2341.6666666666665
2023-717471,2023-07-07,2023,130000.0,Maison,30.0,1.0,54000.0,6.184005,48.700861,4333.333333333333
2023-717486,2023-07-17,2023,228000.0,Appartement,70.0,2.0,54000.0,6.182061,48.696434,3257.1428571428573
2023-717489,2023-07-03,2023,119400.0,Appartement,53.0,3.0,54000.0,6.171069,48.686465,2252.830188679245
2023-717494,2023-06-28,2023,199500.0,Maison,110.0,6.0,54000.0,6.165,48.671066,1813.6363636363637
2023-717497,2023-07-12,2023,237000.0,Appartement,82.0,3.0,54000.0,6.166595,48.675583,2890.243902439024
2023-717498,2023-07-10,2023,213750.0,Appartement,74.0,2.0,54000.0,6.185619,48.686108,2888.5135135135133
2023-717507,2023-07-17,2023,129000.0,Appartement,47.0,2.0,54000.0,6.18068,48.681556,2744.68085106383
2023-717509,2023-07-05,2023,38000.0,Appartement,17.0,1.0,54000.0,6.160346,48.687713,2235.294117647059
2023-717511,2023-07-19,2023,570000.0,Maison,220.0,6.0,54000.0,6.175953,48.68253,2590.909090909091
2023-717514,2023-07-17,2023,185000.0,Appartement,97.0,5.0,54000.0,6.178325,48.702616,1907.2164948453608
2023-717515,2023-06-28,2023,70000.0,Appartement,30.0,1.0,54000.0,6.172317,48.686379,2333.3333333333335
2023-717518,2023-06-30,2023,305480.0,Appartement,127.0,4.0,54000.0,6.174444,48.698222,2405.3543307086616
2023-717525,2023-07-13,2023,95000.0,Appartement,66.0,4.0,54000.0,6.161941,48.692737,1439.3939393939395
2023-717533,2023-07-12,2023,153000.0,Appartement,60.0,2.0,54000.0,6.17984,48.689458,2550.0
2023-717549,2023-06-29,2023,110000.0,Appartement,60.0,3.0,54000.0,6.196329,48.679139,1833.3333333333333
2023-717565,2023-07-21,2023,370500.0,Appartement,137.0,5.0,54000.0,6.174352,48.698796,2704.3795620437954
2023-717571,2023-07-06,2023,64000.0,Appartement,26.0,1.0,54000.0,6.170174,48.695896,2461.5384615384614
2023-717581,2023-06-28,2023,69000.0,Appartement,39.0,2.0,54000.0,6.178315,48.683284,1769.2307692307693
2023-717582,2023-07-03,2023,95000.0,Appartement,30.0,1.0,54000.0,6.16684,48.685251,3166.6666666666665
2023-717588,2023-07-17,2023,87850.0,Appartement,34.0,1.0,54000.0,6.182685,48.689936,2583.823529411765
2023-717599,2023-07-13,2023,262600.0,Appartement,94.0,4.0,54000.0,6.173838,48.685328,2793.6170212765956
2023-717602,2023-07-18,2023,245000.0,Appartement,145.0,5.0,54000.0,6.181767,48.692866,1689.655172413793
2023-717605,2023-07-20,2023,105000.0,Appartement,58.0,3.0,54000.0,6.172342,48.687417,1810.344827586207
2023-717611,2023-07-20,2023,133400.0,Appartement,52.0,2.0,54000.0,6.173838,48.685328,2565.3846153846152
2023-717613,2023-07-21,2023,130000.0,Appartement,58.0,3.0,54000.0,6.165104,48.673012,2241.3793103448274
2023-717627,2023-07-18,2023,575000.0,Appartement,106.0,5.0,54000.0,6.167186,48.690326,5424.528301886792
2023-717628,2023-07-20,2023,277000.0,Maison,74.0,4.0,54000.0,6.172325,48.673306,3743.2432432432433
2023-717635,2023-07-21,2023,136000.0,Appartement,82.0,5.0,54000.0,6.165972,48.701271,1658.5365853658536
2023-717639,2023-07-19,2023,120000.0,Appartement,68.0,3.0,54000.0,6.188694,48.67961,1764.7058823529412
2023-717665,2023-07-18,2023,198000.0,Appartement,65.0,2.0,54000.0,6.171247,48.687106,3046.153846153846
2023-717680,2023-07-17,2023,152500.0,Appartement,78.0,3.0,54000.0,6.185066,48.691821,1955.128205128205
2023-717687,2023-07-04,2023,151000.0,Appartement,99.0,4.0,54000.0,6.177898,48.67642,1525.2525252525252
2023-717697,2023-07-24,2023,214000.0,Appartement,70.0,4.0,54000.0,6.174372,48.672077,3057.1428571428573
2023-717718,2023-07-24,2023,223250.0,Appartement,68.0,4.0,54000.0,6.177628,48.683358,3283.0882352941176
2023-717727,2023-07-24,2023,91000.0,Appartement,54.0,3.0,54000.0,6.158927,48.690216,1685.1851851851852
2023-717729,2023-07-26,2023,190000.0,Appartement,76.0,3.0,54000.0,6.179186,48.683075,2500.0
2023-717762,2023-07-18,2023,67998.08,Appartement,29.0,1.0,54000.0,6.167247,48.691696,2344.761379310345
2023-717771,2023-06-30,2023,162294.78,Appartement,116.0,4.0,54000.0,6.170958,48.687917,1399.0929310344827
2023-717773,2023-07-18,2023,68500.0,Appartement,34.0,2.0,54000.0,6.189985,48.697361,2014.7058823529412
2023-717779,2023-07-10,2023,93000.0,Appartement,33.0,1.0,54000.0,6.182339,48.67604,2818.181818181818
2023-717792,2023-07-10,2023,128530.0,Appartement,56.0,3.0,54000.0,6.192105,48.688688,2295.1785714285716
2023-717825,2023-07-19,2023,78000.0,Appartement,58.0,3.0,54000.0,6.191072,48.679103,1344.8275862068965
2023-717828,2023-07-20,2023,275000.0,Appartement,120.0,5.0,54000.0,6.170781,48.703493,2291.6666666666665
2023-717829,2023-07-20,2023,233970.0,Appartement,77.0,3.0,54000.0,6.198411,48.698653,3038.5714285714284
2023-717836,2023-07-06,2023,76500.0,Appartement,54.0,4.0,54000.0,6.158927,48.690216,1416.6666666666667
2023-717843,2023-07-28,2023,130000.0,Appartement,62.0,2.0,54000.0,6.188524,48.689236,2096.7741935483873
2023-717845,2023-07-28,2023,118000.0,Appartement,50.0,2.0,54000.0,6.180034,48.687951,2360.0
2023-717846,2023-07-28,2023,130000.0,Appartement,46.0,2.0,54000.0,6.197782,48.67795,2826.086956521739
2023-717847,2023-07-28,2023,210000.0,Appartement,76.0,3.0,54000.0,6.197383,48.684941,2763.157894736842
2023-717856,2023-07-19,2023,340700.0,Appartement,165.0,5.0,54000.0,6.167294,48.694517,2064.848484848485
2023-717862,2023-07-19,2023,83699.0,Appartement,92.0,4.0,54000.0,6.1951,48.681512,909.7717391304348
2023-717902,2023-07-26,2023,207700.0,Appartement,88.0,3.0,54000.0,6.182339,48.67604,2360.2272727272725
2023-717906,2023-07-25,2023,75000.0,Appartement,40.0,2.0,54000.0,6.180465,48.703215,1875.0
2023-717910,2023-07-27,2023,104164.0,Appartement,41.0,2.0,54000.0,6.16589,48.67136,2540.5853658536585
2023-717928,2023-07-19,2023,611900.0,Appartement,147.0,4.0,54000.0,6.178443,48.697538,4162.585034013606
2023-717934,2023-07-17,2023,99350.0,Appartement,69.0,4.0,54000.0,6.141004,48.692334,1439.855072463768
2023-717936,2023-07-11,2023,450000.0,Appartement,97.0,5.0,54000.0,6.16294,48.686962,4639.1752577319585
2023-717954,2023-07-05,2023,265000.0,Appartement,92.0,5.0,54000.0,6.164999,48.677589,2880.4347826086955
2023-717958,2023-07-20,2023,185000.0,Maison,70.0,4.0,54000.0,6.191111,48.698525,2642.8571428571427
2023-717965,2023-06-30,2023,106700.0,Appartement,41.0,2.0,54000.0,6.196489,48.67866,2602.439024390244
2023-717967,2023-07-18,2023,231500.0,Maison,54.0,3.0,54000.0,6.181415,48.693703,4287.037037037037
2023-717969,2023-07-28,2023,280000.0,Appartement,98.0,4.0,54000.0,6.181054,48.676475,2857.1428571428573
2023-717970,2023-07-24,2023,285000.0,Appartement,120.0,5.0,54000.0,6.175895,48.682251,2375.0
2023-717982,2023-07-18,2023,290000.0,Appartement,110.0,5.0,54000.0,6.182873,48.681541,2636.3636363636365
2023-717987,2023-07-19,2023,135000.0,Appartement,80.0,2.0,54000.0,6.177525,48.697593,1687.5
2023-718003,2023-07-27,2023,80325.0,Appartement,34.0,1.0,54000.0,6.183606,48.691317,2362.5
2023-718007,2023-07-31,2023,191000.0,Appartement,81.0,4.0,54000.0,6.164446,48.675185,2358.0246913580245
2023-718021,2023-07-26,2023,112100.0,Appartement,58.0,2.0,54000.0,6.176049,48.68951,1932.7586206896551
2023-718024,2023-07-24,2023,331650.0,Maison,100.0,5.0,54000.0,6.167757,48.66959,3316.5
2023-718026,2023-07-28,2023,65000.0,Appartement,33.0,1.0,54000.0,6.189546,48.690376,1969.6969696969697
2023-718039,2023-07-20,2023,420000.0,Appartement,41.0,2.0,54000.0,6.173704,48.671196,10243.90243902439
2023-718045,2023-07-28,2023,172000.0,Appartement,103.0,4.0,54000.0,6.196376,48.679024,1669.9029126213593
2023-718065,2023-07-27,2023,154500.0,Appartement,76.0,3.0,54000.0,6.174258,48.700711,2032.8947368421052
2023-718073,2023-08-01,2023,180400.0,Appartement,86.0,4.0,54000.0,6.180034,48.687951,2097.6744186046512
2023-718075,2023-07-31,2023,89400.0,Appartement,33.0,1.0,54000.0,6.155244,48.698475,2709.090909090909
2023-718076,2023-07-26,2023,105000.0,Appartement,47.0,2.0,54000.0,6.176435,48.674031,2234.0425531914893
2023-718078,2023-07-24,2023,104000.0,Appartement,38.0,2.0,54000.0,6.171333,48.683895,2736.842105263158
2023-718080,2023-07-21,2023,37000.0,Appartement,12.0,1.0,54000.0,6.190137,48.682917,3083.3333333333335
2023-718081,2023-07-26,2023,84750.0,Appartement,87.0,3.0,54000.0,6.179182,48.687711,974.1379310344828
2023-718084,2023-07-28,2023,63000.0,Appartement,27.0,1.0,54000.0,6.191474,48.698891,2333.3333333333335
2023-718087,2023-07-13,2023,123500.0,Appartement,37.0,2.0,54000.0,6.172588,48.6879,3337.837837837838
2023-718091,2023-07-21,2023,115200.0,Appartement,49.0,3.0,54000.0,6.166901,48.682127,2351.0204081632655
2023-718095,2023-07-29,2023,176000.0,Appartement,91.0,4.0,54000.0,6.160346,48.687713,1934.065934065934
2023-718099,2023-07-21,2023,72000.0,Appartement,27.0,1.0,54000.0,6.181428,48.687036,2666.6666666666665
2023-718101,2023-07-26,2023,404750.0,Appartement,146.0,6.0,54000.0,6.171348,48.691374,2772.2602739726026
2023-718115,2023-07-19,2023,108000.0,Appartement,47.0,2.0,54000.0,6.186963,48.683864,2297.872340425532
2023-718117,2023-08-01,2023,181700.0,Appartement,110.0,6.0,54000.0,6.190137,48.682917,1651.8181818181818
2023-718124,2023-07-31,2023,590000.0,Appartement,113.0,5.0,54000.0,6.16882,48.683875,5221.238938053098
2023-718127,2023-07-21,2023,81200.0,Appartement,48.0,2.0,54000.0,6.184344,48.687542,1691.6666666666667
2023-718130,2023-07-27,2023,118200.0,Appartement,39.0,1.0,54000.0,6.18871,48.691919,3030.769230769231
2023-718143,2023-07-07,2023,172000.0,Appartement,68.0,3.0,54000.0,6.196935,48.694688,2529.4117647058824
2023-718147,2023-07-27,2023,166500.0,Appartement,70.0,3.0,54000.0,6.170482,48.685908,2378.5714285714284
2023-718150,2023-07-17,2023,60000.0,Appartement,52.0,2.0,54000.0,6.188123,48.684936,1153.8461538461538
2023-718160,2023-07-10,2023,140600.0,Appartement,65.0,3.0,54000.0,6.162235,48.68688,2163.076923076923
2023-718161,2023-07-17,2023,175000.0,Appartement,60.0,2.0,54000.0,6.172919,48.693066,2916.6666666666665
2023-718167,2023-08-02,2023,100000.0,Appartement,45.0,2.0,54000.0,6.178388,48.684085,2222.222222222222
2023-718174,2023-08-01,2023,243500.0,Appartement,85.0,3.0,54000.0,6.19412,48.698866,2864.705882352941
2023-718188,2023-07-19,2023,49030.0,Appartement,24.0,1.0,54000.0,6.15794,48.699285,2042.9166666666667
2023-718189,2023-07-27,2023,128000.0,Appartement,74.0,4.0,54000.0,6.150703,48.696011,1729.7297297297298
2023-718197,2023-07-28,2023,80300.0,Appartement,39.0,1.0,54000.0,6.174418,48.703309,2058.974358974359
2023-718221,2023-07-17,2023,130000.0,Appartement,86.0,4.0,54000.0,6.180034,48.687951,1511.6279069767443
2023-718235,2023-07-20,2023,181700.0,Appartement,80.0,3.0,54000.0,6.183892,48.700688,2271.25
2023-718242,2023-08-01,2023,150000.0,Appartement,63.0,2.0,54000.0,6.181356,48.700174,2380.9523809523807
2023-718245,2023-08-03,2023,46000.0,Appartement,19.0,1.0,54000.0,6.182722,48.701074,2421.0526315789475
2023-718259,2023-08-03,2023,248400.0,Appartement,112.0,5.0,54000.0,6.178957,48.701496,2217.8571428571427
2023-718266,2023-07-19,2023,73500.0,Appartement,20.0,1.0,54000.0,6.180512,48.682182,3675.0
2023-718273,2023-07-19,2023,125500.0,Appartement,67.0,3.0,54000.0,6.184097,48.687229,1873.134328358209
2023-718277,2023-08-03,2023,532000.0,Maison,130.0,5.0,54000.0,6.164503,48.68362,4092.3076923076924
2023-718280,2023-07-24,2023,123713.0,Appartement,63.0,3.0,54000.0,6.194971,48.687867,1963.6984126984128
2023-718294,2023-07-31,2023,290000.0,Appartement,85.0,3.0,54000.0,6.182432,48.691895,3411.764705882353
2023-718295,2023-07-31,2023,284000.0,Maison,94.0,4.0,54000.0,6.177227,48.708488,3021.276595744681
2023-718297,2023-08-02,2023,77000.0,Appartement,20.0,1.0,54000.0,6.179112,48.686562,3850.0
2023-718311,2023-07-28,2023,111500.0,Appartement,44.0,3.0,54000.0,6.166644,48.687182,2534.090909090909
2023-718314,2023-08-04,2023,98000.0,Appartement,61.0,3.0,54000.0,6.161941,48.692737,1606.5573770491803
2023-718316,2023-08-04,2023,94500.0,Appartement,36.0,1.0,54000.0,6.185584,48.680482,2625.0
2023-718336,2023-07-17,2023,129000.0,Appartement,67.0,3.0,54000.0,6.174004,48.67746,1925.3731343283582
2023-718344,2023-07-26,2023,107000.0,Appartement,41.0,2.0,54000.0,6.166652,48.685069,2609.756097560976
2023-718348,2023-08-08,2023,78000.0,Maison,61.0,3.0,54000.0,6.149328,48.697871,1278.688524590164
2023-718352,2023-07-21,2023,124450.0,Appartement,37.0,1.0,54000.0,6.189526,48.703442,3363.5135135135133
2023-718354,2023-07-26,2023,85650.0,Appartement,41.0,2.0,54000.0,6.189982,48.699561,2089.0243902439024
2023-718361,2023-07-10,2023,78000.0,Appartement,31.0,1.0,54000.0,6.182643,48.69231,2516.1290322580644
2023-718367,2023-08-10,2023,103500.0,Appartement,67.0,3.0,54000.0,6.1951,48.681512,1544.7761194029852
2023-718368,2023-07-24,2023,331000.0,Maison,206.0,5.0,54000.0,6.175957,48.677192,1606.7961165048544
2023-718372,2023-07-20,2023,138000.0,Appartement,68.0,3.0,54000.0,6.18877,48.679188,2029.4117647058824
2023-718384,2023-08-07,2023,128540.0,Appartement,50.0,3.0,54000.0,6.170535,48.704481,2570.8
2023-718390,2023-07-28,2023,64000.0,Appartement,31.0,1.0,54000.0,6.175638,48.675925,2064.516129032258
2023-718396,2023-08-11,2023,115000.0,Appartement,54.0,2.0,54000.0,6.171632,48.690814,2129.6296296296296
2023-718397,2023-07-13,2023,180500.0,Appartement,90.0,4.0,54000.0,6.160249,48.684336,2005.5555555555557
2023-718408,2023-08-02,2023,104000.0,Appartement,39.0,2.0,54000.0,6.163845,48.67631,2666.6666666666665
2023-718411,2023-07-17,2023,355000.0,Appartement,106.0,5.0,54000.0,6.177529,48.677984,3349.056603773585
2023-718420,2023-08-10,2023,207000.0,Appartement,97.0,4.0,54000.0,6.178147,48.684253,2134.020618556701
2023-718430,2023-08-03,2023,113500.0,Appartement,36.0,2.0,54000.0,6.168891,48.69655,3152.777777777778
2023-718431,2023-08-07,2023,236000.0,Appartement,99.0,5.0,54000.0,6.163774,48.685849,2383.838383838384
2023-718433,2023-07-18,2023,240000.0,Appartement,108.0,5.0,54000.0,6.178415,48.697941,2222.222222222222
2023-718447,2023-08-10,2023,162000.0,Appartement,74.0,3.0,54000.0,6.164844,48.703341,2189.189189189189
2023-718451,2023-05-24,2023,112000.0,Appartement,46.0,2.0,54000.0,6.171989,48.697889,2434.782608695652
2023-718452,2023-08-07,2023,160700.0,Appartement,61.0,3.0,54000.0,6.168432,48.685482,2634.4262295081967
2023-718458,2023-08-11,2023,45000.0,Appartement,33.0,1.0,54000.0,6.187911,48.687124,1363.6363636363637
2023-718463,2023-07-27,2023,153500.0,Appartement,59.0,3.0,54000.0,6.179705,48.701627,2601.6949152542375
2023-718468,2023-08-09,2023,88350.0,Appartement,27.0,1.0,54000.0,6.178342,48.698868,3272.222222222222
2023-718476,2023-08-11,2023,83500.0,Appartement,35.0,2.0,54000.0,6.189495,48.692394,2385.714285714286
2023-718509,2023-08-16,2023,49500.0,Appartement,16.0,1.0,54000.0,6.196489,48.67866,3093.75
2023-718512,2023-07-20,2023,213000.0,Appartement,89.0,4.0,54000.0,6.165297,48.687845,2393.258426966292
2023-718520,2023-07-31,2023,395000.0,Appartement,175.0,7.0,54000.0,6.174929,48.680826,2257.1428571428573
2023-718537,2023-08-08,2023,463750.0,Appartement,65.0,3.0,54000.0,6.171232,48.675131,7134.615384615385
2023-718546,2023-07-24,2023,168500.0,Appartement,84.0,4.0,54000.0,6.166489,48.685847,2005.952380952381
2023-718548,2023-07-27,2023,60000.0,Appartement,31.0,1.0,54000.0,6.1759,48.691573,1935.483870967742
2023-718553,2023-07-28,2023,179550.0,Appartement,66.0,3.0,54000.0,6.166431,48.668122,2720.4545454545455
2023-718556,2023-08-14,2023,142000.0,Appartement,26.0,1.0,54000.0,6.170843,48.701792,5461.538461538462
2023-718558,2023-07-26,2023,148200.0,Appartement,117.0,4.0,54000.0,6.192007,48.68261,1266.6666666666667
2023-718561,2023-08-16,2023,116500.0,Appartement,45.0,2.0,54000.0,6.196291,48.694203,2588.8888888888887
2023-718563,2023-08-08,2023,177000.0,Appartement,67.0,3.0,54000.0,6.200101,48.699314,2641.791044776119
2023-718579,2023-08-16,2023,67700.0,Appartement,25.0,1.0,54000.0,6.15914,48.696664,2708.0
2023-718581,2023-08-11,2023,68000.0,Appartement,29.0,1.0,54000.0,6.173553,48.695588,2344.8275862068967
2023-718589,2023-08-11,2023,138000.0,Appartement,85.0,4.0,54000.0,6.179435,48.682157,1623.5294117647059
2023-718590,2023-08-18,2023,206000.0,Appartement,91.0,4.0,54000.0,6.176435,48.674031,2263.736263736264
2023-718591,2023-07-28,2023,462500.0,Appartement,66.0,3.0,54000.0,6.176423,48.691658,7007.575757575758
2023-718596,2023-08-09,2023,161500.0,Appartement,53.0,3.0,54000.0,6.161517,48.688061,3047.169811320755
2023-718597,2023-08-18,2023,340000.0,Maison,71.0,4.0,54000.0,6.172333,48.673401,4788.732394366197
2023-718601,2023-08-07,2023,55000.0,Appartement,24.0,1.0,54000.0,6.151881,48.691732,2291.6666666666665
2023-718617,2023-08-03,2023,100000.0,Appartement,41.0,1.0,54000.0,6.189144,48.682951,2439.0243902439024
2023-718624,2023-07-27,2023,289100.0,Appartement,94.0,3.0,54000.0,6.181209,48.693267,3075.531914893617
2023-718628,2023-08-21,2023,177000.0,Appartement,85.0,4.0,54000.0,6.171086,48.669837,2082.3529411764707
2023-718635,2023-08-22,2023,135000.0,Appartement,72.0,3.0,54000.0,6.168021,48.668771,1875.0
2023-718639,2023-08-17,2023,125000.0,Appartement,50.0,2.0,54000.0,6.168911,48.702387,2500.0
2023-718649,2023-07-28,2023,390000.0,Appartement,69.0,3.0,54000.0,6.19066,48.679473,5652.173913043478
2023-718653,2023-08-17,2023,318500.0,Appartement,90.0,3.0,54000.0,6.172487,48.695895,3538.8888888888887
2023-718656,2023-08-11,2023,110000.0,Appartement,52.0,2.0,54000.0,6.192048,48.696468,2115.3846153846152
2023-718657,2023-08-21,2023,109000.0,Appartement,45.0,2.0,54000.0,6.19175,48.686395,2422.222222222222
2023-718663,2023-08-17,2023,103550.0,Appartement,61.0,3.0,54000.0,6.161941,48.692737,1697.5409836065573
2023-718680,2023-08-08,2023,124000.0,Appartement,80.0,5.0,54000.0,6.158927,48.690216,1550.0
2023-718681,2023-08-16,2023,101420.0,Appartement,52.0,3.0,54000.0,6.166243,48.681911,1950.3846153846155
2023-718683,2023-07-27,2023,108000.0,Appartement,63.0,2.0,54000.0,6.184049,48.688188,1714.2857142857142
2023-718685,2023-07-28,2023,163500.0,Appartement,83.0,3.0,54000.0,6.168021,48.668771,1969.879518072289
2023-718688,2023-08-02,2023,72000.0,Appartement,25.0,1.0,54000.0,6.169705,48.688391,2880.0
2023-718693,2023-08-02,2023,291500.0,Maison,90.0,4.0,54000.0,6.197754,48.688761,3238.8888888888887
2023-718694,2023-08-03,2023,80000.0,Appartement,54.0,4.0,54000.0,6.172693,48.680353,1481.4814814814815
2023-718700,2023-07-31,2023,115000.0,Appartement,40.0,2.0,54000.0,6.184478,48.687344,2875.0
2023-718703,2023-08-07,2023,271350.0,Appartement,95.0,5.0,54000.0,6.168148,48.684907,2856.315789473684
2023-718705,2023-08-11,2023,73300.0,Appartement,32.0,1.0,54000.0,6.187498,48.684437,2290.625
2023-718709,2023-08-16,2023,168000.0,Appartement,75.0,4.0,54000.0,6.168552,48.685365,2240.0
2023-718715,2023-08-22,2023,253000.0,Appartement,67.0,3.0,54000.0,6.196623,48.689339,3776.1194029850744
2023-718720,2023-08-21,2023,256500.0,Appartement,68.0,4.0,54000.0,6.154396,48.697474,3772.0588235294117
2023-718725,2023-07-31,2023,255000.0,Appartement,94.0,4.0,54000.0,6.168802,48.670728,2712.7659574468084
2023-718736,2023-08-03,2023,89000.0,Appartement,45.0,2.0,54000.0,6.181716,48.675683,1977.7777777777778
2023-718738,2023-08-23,2023,159000.0,Appartement,66.0,2.0,54000.0,6.189724,48.697071,2409.090909090909
2023-718753,2023-08-25,2023,73000.0,Appartement,21.0,1.0,54000.0,6.184536,48.690579,3476.190476190476
2023-718758,2023-07-19,2023,50000.0,Appartement,19.0,1.0,54000.0,6.194026,48.694574,2631.5789473684213
2023-718761,2023-08-23,2023,60000.0,Appartement,25.0,1.0,54000.0,6.15914,48.696664,2400.0
2023-718771,2023-07-27,2023,63000.0,Appartement,37.0,2.0,54000.0,6.169548,48.682674,1702.7027027027027
2023-718778,2023-08-11,2023,211000.0,Appartement,134.0,2.0,54000.0,6.167593,48.678459,1574.6268656716418
2023-718781,2023-08-23,2023,253800.0,Maison,130.0,4.0,54000.0,6.175851,48.67712,1952.3076923076924
2023-718806,2023-08-23,2023,70000.0,Appartement,30.0,2.0,54000.0,6.189985,48.697361,2333.3333333333335
2023-718813,2023-08-10,2023,151500.0,Appartement,59.0,3.0,54000.0,6.185613,48.687891,2567.7966101694915
2023-718815,2023-08-07,2023,86500.0,Appartement,37.0,2.0,54000.0,6.171191,48.70394,2337.837837837838
2023-718822,2023-07-31,2023,510000.0,Appartement,128.0,4.0,54000.0,6.182816,48.685678,3984.375
2023-718843,2023-08-01,2023,200000.0,Appartement,87.0,4.0,54000.0,6.179435,48.682157,2298.8505747126437
2023-718845,2023-08-24,2023,247000.0,Appartement,73.0,2.0,54000.0,6.185159,48.691052,3383.5616438356165
2023-718851,2023-08-22,2023,95000.0,Appartement,50.0,3.0,54000.0,6.175939,48.684204,1900.0
2023-718859,2023-08-03,2023,145000.0,Appartement,54.0,3.0,54000.0,6.181428,48.687036,2685.185185185185
2023-718877,2023-08-29,2023,153300.0,Appartement,59.0,3.0,54000.0,6.183023,48.687146,2598.3050847457625
2023-718881,2023-08-22,2023,110000.0,Appartement,65.0,4.0,54000.0,6.184535,48.676275,1692.3076923076924
2023-718888,2023-08-18,2023,84550.0,Appartement,34.0,2.0,54000.0,6.191414,48.698972,2486.764705882353
2023-718890,2023-08-24,2023,91000.0,Appartement,28.0,1.0,54000.0,6.171747,48.695764,3250.0
2023-718896,2023-08-11,2023,183870.0,Appartement,20.0,2.0,54000.0,6.17013,48.696585,9193.5
2023-718913,2023-07-31,2023,155000.0,Appartement,90.0,4.0,54000.0,6.166106,48.703407,1722.2222222222222
2023-718927,2023-08-25,2023,183000.0,Appartement,59.0,2.0,54000.0,6.166878,48.685382,3101.6949152542375
2023-718928,2023-07-27,2023,50000.0,Appartement,20.0,1.0,54000.0,6.170708,48.701602,2500.0
2023-718929,2023-07-31,2023,270000.0,Appartement,126.0,5.0,54000.0,6.173187,48.680719,2142.8571428571427
2023-718938,2023-08-21,2023,129500.0,Appartement,54.0,3.0,54000.0,6.169854,48.669899,2398.1481481481483
2023-718949,2023-08-28,2023,131000.0,Appartement,46.0,2.0,54000.0,6.186336,48.678773,2847.8260869565215
2023-718950,2023-08-29,2023,82000.0,Appartement,30.0,1.0,54000.0,6.194318,48.677892,2733.3333333333335
2023-718954,2023-08-17,2023,79000.0,Appartement,42.0,2.0,54000.0,6.198774,48.678259,1880.952380952381
2023-718956,2023-08-21,2023,81740.0,Appartement,36.0,2.0,54000.0,6.167096,48.699082,2270.5555555555557
2023-718974,2023-08-29,2023,80000.0,Appartement,30.0,1.0,54000.0,6.196489,48.67866,2666.6666666666665
2023-718987,2023-08-28,2023,74000.0,Appartement,38.0,2.0,54000.0,6.169087,48.700921,1947.3684210526317
2023-718996,2023-08-24,2023,256560.0,Appartement,76.0,3.0,54000.0,6.169127,48.689881,3375.7894736842104
2023-718998,2023-08-11,2023,147000.0,Appartement,86.0,4.0,54000.0,6.165777,48.700006,1709.3023255813953
2023-719003,2023-08-02,2023,158250.0,Appartement,73.0,3.0,54000.0,6.163376,48.682369,2167.8082191780823
2023-719006,2023-08-21,2023,62000.0,Appartement,27.0,2.0,54000.0,6.162869,48.702886,2296.296296296296
2023-719011,2023-08-23,2023,94500.0,Appartement,40.0,2.0,54000.0,6.19121,48.686081,2362.5
2023-719013,2023-08-18,2023,180100.0,Appartement,64.0,4.0,54000.0,6.162544,48.687534,2814.0625
2023-719014,2023-08-31,2023,215000.0,Maison,26.0,1.0,54000.0,,,8269.23076923077
2023-719018,2023-08-28,2023,283000.0,Appartement,65.0,3.0,54000.0,6.190112,48.69401,4353.846153846154
2023-719021,2023-08-11,2023,61000.0,Appartement,23.0,1.0,54000.0,6.196248,48.67759,2652.1739130434785
2023-719022,2023-08-21,2023,62000.0,Appartement,19.0,1.0,54000.0,6.194318,48.677892,3263.157894736842
2023-719032,2023-08-11,2023,85000.0,Appartement,37.0,2.0,54000.0,6.17955,48.699141,2297.2972972972975
2023-719039,2023-08-25,2023,135284.0,Appartement,42.0,2.0,54000.0,6.163486,48.685771,3221.0476190476193
2023-719043,2023-08-25,2023,761000.0,Maison,257.0,8.0,54000.0,6.192773,48.680436,2961.089494163424
2023-719044,2023-08-17,2023,594400.0,Appartement,92.0,4.0,54000.0,6.17702,48.70047,6460.869565217391
2023-719059,2023-08-24,2023,57100.0,Appartement,17.0,1.0,54000.0,6.176435,48.674031,3358.823529411765
2023-719064,2023-08-11,2023,115000.0,Appartement,49.0,3.0,54000.0,6.168784,48.686158,2346.938775510204
2023-719065,2023-08-01,2023,126450.0,Appartement,55.0,2.0,54000.0,6.164518,48.684151,2299.090909090909
2023-719067,2023-08-01,2023,570000.0,Maison,108.0,4.0,54000.0,6.185948,48.692082,5277.777777777777
2023-719071,2023-08-17,2023,70000.0,Appartement,38.0,2.0,54000.0,6.177997,48.684935,1842.1052631578948
2023-719072,2023-08-16,2023,81000.0,Appartement,34.0,2.0,54000.0,6.191365,48.686239,2382.3529411764707
2023-719073,2023-08-25,2023,227000.0,Appartement,92.0,6.0,54000.0,6.178891,48.674425,2467.391304347826
2023-719077,2023-08-18,2023,139000.0,Appartement,72.0,3.0,54000.0,6.169294,48.685154,1930.5555555555557
2023-719090,2023-08-24,2023,64850.0,Appartement,32.0,2.0,54000.0,6.18877,48.679188,2026.5625
2023-719106,2023-08-16,2023,240400.0,Appartement,84.0,3.0,54000.0,6.160149,48.696199,2861.904761904762
2023-719117,2023-08-31,2023,158000.0,Appartement,64.0,3.0,54000.0,6.191696,48.688722,2468.75
2023-719119,2023-08-22,2023,111000.0,Appartement,46.0,2.0,54000.0,6.170181,48.700943,2413.0434782608695
2023-719142,2023-08-10,2023,209000.0,Appartement,92.0,4.0,54000.0,6.178959,48.678259,2271.7391304347825
2023-719143,2023-08-31,2023,410350.0,Maison,178.0,5.0,54000.0,6.19156,48.699164,2305.3370786516853
2023-719145,2023-08-14,2023,98900.0,Appartement,49.0,2.0,54000.0,6.180034,48.687951,2018.3673469387754
2023-719146,2023-08-09,2023,100590.0,Appartement,40.0,2.0,54000.0,6.181325,48.694358,2514.75
2023-719159,2023-08-30,2023,70000.0,Appartement,98.0,4.0,54000.0,6.171361,48.69776,714.2857142857143
2023-719167,2023-08-04,2023,495000.0,Appartement,147.0,2.0,54000.0,6.185714,48.693666,3367.3469387755104
2023-719172,2023-08-30,2023,120000.0,Appartement,98.0,4.0,54000.0,6.171361,48.69776,1224.4897959183672
2023-719175,2023-08-10,2023,154000.0,Appartement,77.0,3.0,54000.0,6.160249,48.684336,2000.0
2023-719177,2023-08-30,2023,85500.0,Appartement,33.0,1.0,54000.0,6.166431,48.668122,2590.909090909091
2023-719196,2023-08-29,2023,194000.0,Appartement,73.0,3.0,54000.0,6.147915,48.697453,2657.5342465753424
2023-719204,2023-08-23,2023,76500.0,Appartement,37.0,2.0,54000.0,6.190578,48.686717,2067.5675675675675
2023-719234,2023-08-31,2023,167830.0,Appartement,75.0,3.0,54000.0,6.184765,48.681231,2237.733333333333
2023-719235,2023-08-30,2023,276000.0,Appartement,107.0,6.0,54000.0,6.16447,48.687647,2579.4392523364486
2023-719242,2023-09-01,2023,64000.0,Appartement,12.0,1.0,54000.0,6.179995,48.681186,5333.333333333333
2023-719247,2023-08-11,2023,344000.0,Appartement,100.0,4.0,54000.0,6.181923,48.70032,3440.0
2023-719248,2023-09-04,2023,359700.0,Appartement,110.0,4.0,54000.0,6.171918,48.691564,3270.0
2023-719256,2023-09-04,2023,73000.0,Appartement,30.0,1.0,54000.0,6.172317,48.686379,2433.3333333333335
2023-719265,2023-07-13,2023,396450.0,Maison,145.0,7.0,54000.0,6.177078,48.675857,2734.137931034483
2023-719266,2023-09-05,2023,115000.0,Appartement,46.0,2.0,54000.0,6.186685,48.682741,2500.0
2023-719272,2023-08-10,2023,64500.0,Appartement,33.0,2.0,54000.0,6.195555,48.684895,1954.5454545454545
2023-719273,2023-08-30,2023,150000.0,Appartement,77.0,3.0,54000.0,6.187045,48.693961,1948.051948051948
2023-719280,2023-09-01,2023,133210.0,Appartement,48.0,3.0,54000.0,6.180088,48.684257,2775.2083333333335
2023-719283,2023-08-11,2023,190000.0,Appartement,80.0,4.0,54000.0,6.174004,48.67746,2375.0
2023-719286,2023-08-25,2023,95000.0,Appartement,31.0,1.0,54000.0,6.196678,48.698292,3064.516129032258
2023-719311,2023-08-31,2023,82500.0,Appartement,65.0,3.0,54000.0,6.181427,48.680649,1269.2307692307693
2023-719322,2023-09-02,2023,122180.0,Appartement,58.0,3.0,54000.0,6.162073,48.691734,2106.551724137931
2023-719328,2023-08-30,2023,106000.0,Appartement,46.0,3.0,54000.0,6.164427,48.684336,2304.3478260869565
2023-719337,2023-09-07,2023,152250.0,Appartement,61.0,3.0,54000.0,6.180373,48.702533,2495.901639344262
2023-719338,2023-08-18,2023,271700.0,Appartement,90.0,4.0,54000.0,6.17411,48.698588,3018.8888888888887
2023-719340,2023-08-30,2023,52000.0,Appartement,22.0,1.0,54000.0,6.187697,48.689882,2363.6363636363635
2023-719346,2023-08-30,2023,120000.0,Appartement,80.0,3.0,54000.0,6.18624,48.688729,1500.0
2023-719347,2023-08-29,2023,100000.0,Appartement,39.0,2.0,54000.0,6.175103,48.6848,2564.102564102564
2023-719353,2023-08-24,2023,118500.0,Appartement,31.0,2.0,54000.0,6.170728,48.674965,3822.5806451612902
2023-719360,2023-08-23,2023,136500.0,Appartement,54.0,1.0,54000.0,6.195093,48.684543,2527.777777777778
2023-719366,2023-09-01,2023,100000.0,Maison,80.0,3.0,54000.0,6.158579,48.694343,1250.0
2023-719372,2023-08-21,2023,201900.0,Appartement,72.0,3.0,54000.0,6.195532,48.694835,2804.1666666666665
2023-719386,2023-09-08,2023,144400.0,Appartement,68.0,5.0,54000.0,6.138996,48.691142,2123.529411764706
2023-719393,2023-08-30,2023,184000.0,Maison,80.0,4.0,54000.0,6.151898,48.697484,2300.0
2023-719403,2023-08-24,2023,391100.0,Maison,160.0,6.0,54000.0,6.169253,48.677204,2444.375
2023-719406,2023-08-28,2023,379050.0,Appartement,117.0,4.0,54000.0,6.191821,48.683608,3239.74358974359
2023-719408,2023-08-23,2023,70000.0,Appartement,56.0,3.0,54000.0,6.161941,48.692737,1250.0
2023-719416,2023-09-05,2023,110000.0,Appartement,109.0,4.0,54000.0,6.178364,48.676143,1009.1743119266055
2023-719420,2023-08-28,2023,128250.0,Appartement,67.0,4.0,54000.0,6.158927,48.690216,1914.1791044776119
2023-719423,2023-08-31,2023,350550.0,Appartement,89.0,3.0,54000.0,6.190112,48.69401,3938.7640449438204
2023-719432,2023-09-08,2023,245000.0,Maison,125.0,4.0,54000.0,6.187854,48.70456,1960.0
2023-719441,2023-09-07,2023,134000.0,Appartement,69.0,4.0,54000.0,6.183595,48.688563,1942.0289855072465
2023-719442,2023-09-07,2023,533900.0,Maison,185.0,5.0,54000.0,6.156662,48.694986,2885.945945945946
2023-719444,2023-09-07,2023,154000.0,Appartement,59.0,3.0,54000.0,6.176932,48.682984,2610.169491525424
2023-719469,2023-08-25,2023,70000.0,Appartement,34.0,2.0,54000.0,6.191661,48.691968,2058.823529411765
2023-719482,2023-09-04,2023,238000.0,Appartement,71.0,3.0,54000.0,6.169016,48.697745,3352.112676056338
2023-719491,2023-09-11,2023,89000.0,Appartement,76.0,5.0,54000.0,6.140382,48.692842,1171.0526315789473
2023-719496,2023-09-07,2023,48000.0,Maison,36.0,2.0,54000.0,6.178241,48.684197,1333.3333333333333
2023-719498,2023-09-08,2023,78600.0,Appartement,43.0,2.0,54000.0,6.175638,48.675925,1827.906976744186
2023-719522,2023-08-25,2023,278500.0,Appartement,36.0,2.0,54000.0,6.176423,48.691658,7736.111111111111
2023-719523,2023-09-06,2023,62000.0,Appartement,39.0,1.0,54000.0,6.19739,48.678284,1589.7435897435898
2023-719526,2023-09-07,2023,112100.0,Appartement,49.0,2.0,54000.0,6.166431,48.668122,2287.7551020408164
2023-719545,2023-09-11,2023,110000.0,Appartement,53.0,2.0,54000.0,6.167247,48.691696,2075.4716981132074
2023-719548,2023-08-30,2023,152000.0,Appartement,61.0,3.0,54000.0,6.176435,48.674031,2491.8032786885246
2023-719560,2023-09-08,2023,135000.0,Appartement,103.0,3.0,54000.0,6.164859,48.684468,1310.6796116504854
2023-719563,2023-09-01,2023,312650.0,Appartement,117.0,4.0,54000.0,6.197646,48.676219,2672.222222222222
2023-719578,2023-08-31,2023,74300.0,Appartement,27.0,2.0,54000.0,6.166214,48.684257,2751.8518518518517
2023-719590,2023-09-12,2023,91760.0,Appartement,34.0,2.0,54000.0,6.185741,48.689885,2698.823529411765
2023-719603,2023-09-11,2023,105800.0,Appartement,47.0,2.0,54000.0,6.163376,48.682369,2251.063829787234
2023-719604,2023-09-08,2023,160000.0,Appartement,52.0,2.0,54000.0,6.178795,48.696864,3076.923076923077
2023-719605,2023-09-08,2023,244000.0,Appartement,82.0,4.0,54000.0,6.177505,48.692311,2975.609756097561
2023-719626,2023-08-25,2023,133200.0,Appartement,49.0,2.0,54000.0,6.179009,48.674391,2718.3673469387754
2023-719631,2023-09-04,2023,69500.0,Appartement,23.0,1.0,54000.0,6.167096,48.699082,3021.7391304347825
2023-719639,2023-08-17,2023,171500.0,Appartement,70.0,2.0,54000.0,6.168041,48.694055,2450.0
2023-719653,2023-08-24,2023,186000.0,Appartement,90.0,5.0,54000.0,6.166683,48.697584,2066.6666666666665
2023-719654,2023-07-27,2023,70000.0,Appartement,50.0,2.0,54000.0,6.165951,48.692658,1400.0
2023-719655,2023-09-01,2023,290000.0,Appartement,87.0,4.0,54000.0,6.175091,48.700731,3333.3333333333335
2023-719658,2023-09-08,2023,69000.0,Appartement,23.0,1.0,54000.0,6.167096,48.699082,3000.0
2023-719662,2023-09-06,2023,511600.0,Appartement,176.0,5.0,54000.0,6.191358,48.697386,2906.818181818182
2023-719665,2023-08-31,2023,167000.0,Appartement,76.0,3.0,54000.0,6.174436,48.69251,2197.3684210526317
2023-719670,2023-09-14,2023,157000.0,Appartement,73.0,4.0,54000.0,6.162419,48.680697,2150.6849315068494
2023-719671,2023-09-13,2023,55000.0,Appartement,24.0,1.0,54000.0,6.188382,48.684669,2291.6666666666665
2023-719677,2023-08-31,2023,73100.0,Appartement,32.0,1.0,54000.0,6.176049,48.68951,2284.375
2023-719683,2023-08-28,2023,180000.0,Appartement,40.0,1.0,54000.0,6.169977,48.686113,4500.0
2023-719685,2023-08-21,2023,98800.0,Appartement,78.0,4.0,54000.0,6.181427,48.680649,1266.6666666666667
2023-719688,2023-09-08,2023,60000.0,Appartement,36.0,1.0,54000.0,6.160249,48.684336,1666.6666666666667
2023-719690,2023-09-12,2023,316300.0,Appartement,43.0,2.0,54000.0,6.163001,48.684698,7355.813953488372
2023-719692,2023-09-14,2023,77000.0,Appartement,22.0,1.0,54000.0,6.189259,48.688227,3500.0
2023-719695,2023-09-05,2023,162000.0,Appartement,46.0,2.0,54000.0,6.187521,48.694226,3521.7391304347825
2023-719703,2023-09-18,2023,99000.0,Appartement,50.0,2.0,54000.0,6.167237,48.698103,1980.0
2023-719706,2023-09-06,2023,205200.0,Appartement,80.0,3.0,54000.0,6.190151,48.686951,2565.0
2023-719710,2023-09-01,2023,117900.0,Maison,55.0,2.0,54000.0,6.180061,48.707099,2143.6363636363635
2023-719727,2023-09-13,2023,129000.0,Appartement,57.0,3.0,54000.0,6.192122,48.682494,2263.157894736842
2023-719741,2023-08-23,2023,69000.0,Appartement,40.0,2.0,54000.0,6.178315,48.683284,1725.0
2023-719749,2023-09-05,2023,69000.0,Appartement,20.0,1.0,54000.0,6.171582,48.683717,3450.0
2023-719751,2023-09-01,2023,69350.0,Appartement,45.0,3.0,54000.0,6.181179,48.691049,1541.111111111111
2023-719752,2023-09-18,2023,157178.4,Appartement,16.0,1.0,54000.0,6.17827,48.681157,9823.65
2023-719753,2023-09-11,2023,108000.0,Appartement,64.0,4.0,54000.0,,,1687.5
2023-719756,2023-09-15,2023,236000.0,Appartement,87.0,4.0,54000.0,6.174767,48.672305,2712.6436781609195
2023-719766,2023-09-15,2023,179000.0,Appartement,90.0,4.0,54000.0,6.173176,48.698312,1988.888888888889
2023-719772,2023-09-01,2023,220000.0,Appartement,88.0,4.0,54000.0,6.197383,48.684941,2500.0
2023-719782,2023-09-18,2023,113050.0,Appartement,46.0,1.0,54000.0,6.186831,48.689443,2457.608695652174
2023-719783,2023-09-14,2023,57500.0,Appartement,33.0,2.0,54000.0,6.192183,48.696534,1742.4242424242425
2023-719787,2023-09-11,2023,37000.0,Appartement,19.0,1.0,54000.0,6.179862,48.689549,1947.3684210526317
2023-719793,2023-09-06,2023,220000.0,Maison,85.0,4.0,54000.0,6.181623,48.701413,2588.235294117647
2023-719804,2023-09-12,2023,120000.0,Appartement,53.0,2.0,54000.0,6.179884,48.679794,2264.1509433962265
2023-719832,2023-09-18,2023,42500.0,Appartement,37.0,2.0,54000.0,6.185277,48.681396,1148.6486486486488
2023-719833,2023-09-06,2023,525000.0,Appartement,64.0,3.0,54000.0,6.165126,48.677666,8203.125
2023-719846,2023-09-14,2023,51800.0,Appartement,19.0,1.0,54000.0,6.194318,48.677892,2726.315789473684
2023-719849,2023-09-06,2023,81000.0,Appartement,27.0,1.0,54000.0,6.171823,48.686486,3000.0
2023-719867,2023-09-06,2023,119400.0,Appartement,97.0,4.0,54000.0,6.179182,48.687711,1230.9278350515465
2023-719872,2023-09-14,2023,157800.0,Appartement,53.0,3.0,54000.0,6.201619,48.686386,2977.3584905660377
2023-719875,2023-09-01,2023,161500.0,Appartement,89.0,4.0,54000.0,6.170734,48.687071,1814.6067415730338
2023-719877,2023-09-05,2023,696708.3,Maison,300.0,10.0,54000.0,6.186553,48.690323,2322.3610000000003
2023-719880,2023-09-15,2023,215500.0,Appartement,86.0,4.0,54000.0,6.160346,48.687713,2505.813953488372
2023-719884,2023-09-20,2023,440000.0,Appartement,76.0,4.0,54000.0,,,5789.473684210527
2023-719888,2023-09-19,2023,200000.0,Maison,66.0,2.0,54000.0,6.171099,48.691152,3030.3030303030305
2023-719890,2023-09-18,2023,64290.0,Appartement,26.0,3.0,54000.0,6.175212,48.701225,2472.6923076923076
2023-719891,2023-09-18,2023,112500.0,Appartement,51.0,2.0,54000.0,6.169389,48.703308,2205.8823529411766
2023-719905,2023-09-20,2023,78000.0,Appartement,33.0,1.0,54000.0,6.171209,48.68615,2363.6363636363635
2023-719907,2023-09-01,2023,228400.0,Appartement,118.0,4.0,54000.0,6.178471,48.677792,1935.593220338983
2023-719909,2023-08-29,2023,86000.0,Appartement,37.0,1.0,54000.0,6.17627,48.691529,2324.324324324324
2023-719925,2023-09-08,2023,387800.0,Appartement,165.0,6.0,54000.0,6.176584,48.69113,2350.3030303030305
2023-719927,2023-09-06,2023,104000.0,Appartement,72.0,3.0,54000.0,6.180034,48.687951,1444.4444444444443
2023-719944,2023-09-22,2023,167000.0,Appartement,104.0,5.0,54000.0,6.171841,48.683915,1605.7692307692307
2023-719947,2023-07-06,2023,66000.0,Appartement,35.0,1.0,54000.0,6.175252,48.70216,1885.7142857142858
2023-719950,2023-09-21,2023,257500.0,Maison,126.0,6.0,54000.0,6.196889,48.688799,2043.6507936507937
2023-719952,2023-09-05,2023,196716.0,Maison,83.0,5.0,54000.0,6.165111,48.691953,2370.0722891566265
2023-719953,2023-09-15,2023,500000.0,Appartement,161.0,4.0,54000.0,6.168854,48.704099,3105.590062111801
2023-719955,2023-09-18,2023,119000.0,Appartement,60.0,2.0,54000.0,6.195621,48.685184,1983.3333333333333
2023-719965,2023-09-14,2023,130000.0,Appartement,49.0,2.0,54000.0,6.171086,48.669837,2653.061224489796
2023-719972,2023-08-29,2023,149100.0,Appartement,73.0,3.0,54000.0,6.160346,48.687713,2042.4657534246576
2023-719973,2023-09-18,2023,172000.0,Maison,60.0,3.0,54000.0,6.172629,48.706265,2866.6666666666665
2023-719980,2023-08-23,2023,133000.0,Appartement,55.0,4.0,54000.0,6.189259,48.688227,2418.181818181818
2023-719981,2023-09-11,2023,149400.0,Appartement,67.0,3.0,54000.0,6.163998,48.682543,2229.8507462686566
2023-719982,2023-09-20,2023,212670.0,Appartement,82.0,4.0,54000.0,6.173686,48.677579,2593.5365853658536
2023-719985,2023-09-08,2023,124550.0,Appartement,50.0,2.0,54000.0,6.178644,48.683395,2491.0
2023-719989,2023-09-21,2023,120000.0,Appartement,45.0,2.0,54000.0,6.185277,48.681396,2666.6666666666665
2023-719994,2023-09-20,2023,42500.0,Appartement,35.0,2.0,54000.0,6.185277,48.681396,1214.2857142857142
2023-719998,2023-09-11,2023,261250.0,Appartement,102.0,5.0,54000.0,6.17191,48.681881,2561.274509803922
2023-720000,2023-09-21,2023,31000.0,Appartement,28.0,1.0,54000.0,6.193488,48.68961,1107.142857142857
2023-720008,2023-09-19,2023,198550.0,Appartement,111.0,3.0,54000.0,6.187483,48.688335,1788.7387387387387
2023-720009,2023-09-18,2023,211000.0,Appartement,39.0,3.0,54000.0,6.167468,48.673933,5410.25641025641
2023-720013,2023-09-25,2023,120000.0,Maison,66.0,4.0,54100.0,6.15719,48.704342,1818.1818181818182
2023-720015,2023-09-11,2023,300000.0,Appartement,89.0,4.0,54000.0,6.175895,48.682251,3370.7865168539324
2023-720029,2023-09-14,2023,142000.0,Appartement,66.0,3.0,54000.0,6.166228,48.688166,2151.5151515151515
2023-720040,2023-09-13,2023,143000.0,Appartement,86.0,4.0,54000.0,6.180034,48.687951,1662.7906976744187
2023-720041,2023-09-08,2023,79300.0,Appartement,27.0,1.0,54000.0,6.167247,48.691696,2937.037037037037
2023-720042,2023-09-18,2023,475000.0,Appartement,133.0,3.0,54000.0,6.192003,48.697275,3571.4285714285716
2023-720044,2023-09-15,2023,47500.0,Appartement,24.0,1.0,54000.0,6.15794,48.699285,1979.1666666666667
2023-720070,2023-09-15,2023,176000.0,Appartement,65.0,1.0,54000.0,6.180917,48.693967,2707.6923076923076
2023-720080,2023-09-18,2023,312195.12,Maison,135.0,5.0,54000.0,6.175291,48.672456,2312.5564444444444
2023-720093,2023-09-08,2023,130000.0,Appartement,55.0,2.0,54000.0,6.182082,48.704131,2363.6363636363635
2023-720098,2023-09-19,2023,226000.0,Appartement,90.0,4.0,54000.0,6.18348,48.68134,2511.1111111111113
2023-720099,2023-09-01,2023,175000.0,Appartement,121.0,5.0,54000.0,6.168021,48.668771,1446.280991735537
2023-720106,2023-09-12,2023,95000.0,Appartement,44.0,3.0,54000.0,6.165371,48.682607,2159.090909090909
2023-720125,2023-08-29,2023,569000.0,Appartement,265.0,6.0,54000.0,6.167539,48.685632,2147.169811320755
2023-720147,2023-09-27,2023,160000.0,Appartement,73.0,2.0,54000.0,6.181356,48.700174,2191.780821917808
2023-720173,2023-09-19,2023,155750.0,Appartement,80.0,3.0,54000.0,6.177898,48.67642,1946.875
2023-720176,2023-09-27,2023,535000.0,Maison,123.0,6.0,54000.0,6.151075,48.695354,4349.59349593496
2023-720184,2023-09-20,2023,210000.0,Maison,51.0,3.0,54000.0,6.195834,48.677018,4117.64705882353
2023-720195,2023-09-26,2023,253000.0,Appartement,82.0,2.0,54000.0,6.16866,48.690794,3085.3658536585367
2023-720202,2023-09-08,2023,51000.0,Appartement,21.0,1.0,54000.0,6.184583,48.686497,2428.5714285714284
2023-720206,2023-09-08,2023,51000.0,Appartement,31.0,1.0,54000.0,6.187239,48.689122,1645.1612903225807
2023-720210,2023-09-08,2023,286700.0,Appartement,92.0,4.0,54000.0,6.171215,48.694178,3116.304347826087
2023-720215,2023-09-01,2023,77000.0,Appartement,41.0,2.0,54000.0,6.167442,48.681857,1878.0487804878048
2023-720216,2023-09-27,2023,169300.0,Appartement,91.0,4.0,54000.0,6.176435,48.674031,1860.4395604395604
2023-720219,2023-08-29,2023,100000.0,Appartement,43.0,2.0,54000.0,6.169001,48.697906,2325.5813953488373
2023-720220,2023-09-22,2023,58570.0,Appartement,24.0,1.0,54000.0,6.15794,48.699285,2440.4166666666665
2023-720221,2023-09-22,2023,118750.0,Appartement,53.0,2.0,54000.0,6.162869,48.702886,2240.566037735849
2023-720226,2023-09-25,2023,76906.0,Appartement,25.0,1.0,54000.0,6.15914,48.696664,3076.24
2023-720229,2023-09-22,2023,120000.0,Appartement,47.0,2.0,54000.0,6.165777,48.700006,2553.191489361702
2023-720231,2023-09-27,2023,92000.0,Appartement,71.0,4.0,54000.0,6.141004,48.692334,1295.774647887324
2023-720240,2023-08-31,2023,101000.0,Appartement,37.0,2.0,54000.0,6.191222,48.686228,2729.7297297297296
2023-720245,2023-09-21,2023,69229.0,Appartement,24.0,1.0,54000.0,6.191978,48.680956,2884.5416666666665
2023-720246,2023-09-26,2023,135700.0,Appartement,49.0,2.0,54000.0,6.197236,48.698267,2769.387755102041
2023-720248,2023-09-26,2023,152000.0,Appartement,77.0,3.0,54000.0,6.178448,48.683077,1974.025974025974
2023-720259,2023-09-21,2023,65000.0,Appartement,26.0,2.0,54000.0,6.169001,48.697906,2500.0
2023-720260,2023-09-11,2023,125320.0,Appartement,46.0,2.0,54000.0,6.1951,48.681512,2724.3478260869565
2023-720288,2023-09-22,2023,286000.0,Appartement,114.0,6.0,54000.0,6.173079,48.679898,2508.7719298245615
2023-720290,2023-09-28,2023,122000.0,Appartement,35.0,2.0,54000.0,6.184801,48.688504,3485.714285714286
2023-720292,2023-09-29,2023,106500.0,Appartement,55.0,2.0,54000.0,6.179182,48.687711,1936.3636363636363
2023-720293,2023-09-22,2023,52800.0,Appartement,20.0,1.0,54000.0,6.178342,48.698868,2640.0
2023-720297,2023-09-15,2023,126000.0,Appartement,49.0,2.0,54000.0,6.173838,48.685328,2571.4285714285716
2023-720312,2023-09-19,2023,145000.0,Appartement,166.0,7.0,54000.0,6.178607,48.701105,873.4939759036145
2023-720315,2023-09-11,2023,78850.0,Appartement,24.0,1.0,54000.0,6.191588,48.688442,3285.4166666666665
2023-720336,2023-09-25,2023,264000.0,Maison,137.0,4.0,54000.0,6.164951,48.682806,1927.007299270073
2023-720348,2023-09-28,2023,83000.0,Appartement,56.0,2.0,54000.0,6.175252,48.70216,1482.142857142857
2023-720364,2023-09-27,2023,142825.0,Appartement,56.0,3.0,54000.0,6.192503,48.697066,2550.4464285714284
2023-720372,2023-09-19,2023,200000.0,Appartement,75.0,3.0,54000.0,6.173493,48.698288,2666.6666666666665
2023-720380,2023-09-25,2023,325000.0,Maison,92.0,5.0,54000.0,6.169131,48.697591,3532.608695652174
2023-720382,2023-09-15,2023,145000.0,Appartement,74.0,4.0,54000.0,6.166341,48.686316,1959.4594594594594
2023-720383,2023-10-02,2023,126010.0,Appartement,64.0,3.0,54000.0,6.186963,48.683864,1968.90625
2023-720392,2023-09-25,2023,185500.0,Appartement,102.0,5.0,54000.0,6.187272,48.678672,1818.6274509803923
2023-720407,2023-09-06,2023,56000.0,Appartement,27.0,1.0,54000.0,6.186482,48.684266,2074.074074074074
2023-720411,2023-09-29,2023,37000.0,Appartement,30.0,1.0,54000.0,6.165724,48.683331,1233.3333333333333
2023-720412,2023-09-29,2023,211550.0,Appartement,84.0,3.0,54000.0,6.153653,48.691989,2518.4523809523807
2023-720417,2023-09-21,2023,80000.0,Appartement,96.0,5.0,54000.0,6.170383,48.686621,833.3333333333334
2023-720424,2023-09-22,2023,130000.0,Appartement,61.0,3.0,54000.0,6.165967,48.681075,2131.1475409836066
2023-720432,2023-09-27,2023,1100000.0,Maison,185.0,8.0,54000.0,6.151971,48.696205,5945.945945945946
2023-720434,2023-09-29,2023,135720.0,Appartement,25.0,2.0,54000.0,6.171264,48.686087,5428.8
2023-720436,2023-09-22,2023,101000.0,Appartement,38.0,2.0,54000.0,6.172362,48.682932,2657.8947368421054
2023-720446,2023-10-02,2023,80000.0,Appartement,45.0,3.0,54000.0,6.189259,48.688227,1777.7777777777778
2023-720468,2023-09-15,2023,200000.0,Appartement,83.0,2.0,54000.0,6.169141,48.686312,2409.6385542168673
2023-720479,2023-09-28,2023,145000.0,Appartement,64.0,3.0,54000.0,6.196291,48.694203,2265.625
2023-720496,2023-10-04,2023,187500.0,Appartement,100.0,4.0,54000.0,6.172073,48.701387,1875.0
2023-720498,2023-10-04,2023,94000.0,Appartement,42.0,2.0,54000.0,6.178216,48.702221,2238.095238095238
2023-720502,2023-09-28,2023,70000.0,Appartement,71.0,3.0,54000.0,6.170934,48.671006,985.9154929577464
2023-720513,2023-09-25,2023,149000.0,Appartement,55.0,3.0,54000.0,6.170553,48.695535,2709.090909090909
2023-720515,2023-09-22,2023,230000.0,Appartement,95.0,4.0,54000.0,6.175338,48.683945,2421.0526315789475
2023-720516,2023-09-27,2023,540000.0,Maison,250.0,8.0,54000.0,6.174003,48.694311,2160.0
2023-720522,2023-09-25,2023,83000.0,Appartement,27.0,2.0,54000.0,6.1734,48.700198,3074.074074074074
2023-720524,2023-09-29,2023,100000.0,Appartement,28.0,2.0,54000.0,6.187239,48.689122,3571.4285714285716
2023-720530,2023-09-12,2023,171350.0,Appartement,56.0,3.0,54000.0,6.194277,48.680453,3059.8214285714284
2023-720536,2023-09-19,2023,140000.0,Appartement,84.0,3.0,54000.0,6.170734,48.687071,1666.6666666666667
2023-720540,2023-09-25,2023,142500.0,Appartement,106.0,5.0,54000.0,6.172866,48.686997,1344.3396226415093
2023-720551,2023-09-15,2023,75100.0,Appartement,31.0,2.0,54000.0,6.16651,48.702355,2422.5806451612902
2023-720573,2023-09-06,2023,243000.0,Appartement,114.0,5.0,54000.0,6.177199,48.689421,2131.5789473684213
2023-720586,2023-09-28,2023,62000.0,Appartement,23.0,1.0,54000.0,6.196248,48.67759,2695.6521739130435
2023-720588,2023-09-26,2023,308500.0,Appartement,43.0,3.0,54000.0,6.176423,48.691658,7174.418604651163
2023-720610,2023-10-04,2023,235000.0,Maison,102.0,3.0,54000.0,6.180138,48.706256,2303.921568627451
2023-720615,2023-10-03,2023,60000.0,Appartement,28.0,2.0,54000.0,6.162869,48.702886,2142.8571428571427
2023-720623,2023-09-12,2023,70000.0,Appartement,32.0,2.0,54000.0,6.178368,48.679575,2187.5
2023-720625,2023-09-14,2023,114750.0,Appartement,35.0,2.0,54000.0,6.167106,48.684024,3278.5714285714284
2023-720627,2023-09-29,2023,130000.0,Appartement,112.0,4.0,54000.0,6.164346,48.681649,1160.7142857142858
2023-720628,2023-09-19,2023,105000.0,Appartement,44.0,3.0,54000.0,6.176049,48.68951,2386.3636363636365
2023-720638,2023-10-05,2023,115000.0,Appartement,63.0,2.0,54000.0,6.144767,48.693206,1825.3968253968253
2023-720653,2023-09-20,2023,143820.0,Appartement,46.0,2.0,54000.0,6.177777,48.701601,3126.521739130435
2023-720654,2023-09-27,2023,492500.0,Appartement,72.0,3.0,54000.0,6.176423,48.691658,6840.277777777777
2023-720656,2023-10-09,2023,70000.0,Appartement,31.0,1.0,54000.0,6.191588,48.688442,2258.064516129032
2023-720666,2023-10-02,2023,73500.0,Appartement,50.0,1.0,54000.0,,,1470.0
2023-720672,2023-10-02,2023,65040.0,Appartement,61.0,3.0,54000.0,6.161941,48.692737,1066.2295081967213
2023-720687,2023-09-29,2023,200000.0,Appartement,78.0,2.0,54000.0,6.156812,48.697378,2564.102564102564
2023-720702,2023-09-29,2023,304000.0,Maison,82.0,3.0,54000.0,6.167258,48.671174,3707.317073170732
2023-720703,2023-09-29,2023,265000.0,Appartement,30.0,2.0,54000.0,6.15165,48.696628,8833.333333333334
2023-720723,2023-10-06,2023,139260.0,Appartement,83.0,3.0,54000.0,6.151881,48.691732,1677.8313253012047
2023-720731,2023-10-10,2023,190600.0,Appartement,116.0,5.0,54000.0,6.174979,48.684435,1643.103448275862
2023-720732,2023-09-12,2023,78000.0,Appartement,35.0,2.0,54000.0,6.195113,48.685387,2228.5714285714284
2023-720735,2023-10-10,2023,71250.0,Appartement,40.0,2.0,54000.0,6.198195,48.676243,1781.25
2023-720753,2023-10-09,2023,448000.0,Appartement,49.0,3.0,54000.0,6.165279,48.674081,9142.857142857143
2023-720787,2023-09-19,2023,88000.0,Appartement,32.0,2.0,54000.0,6.17627,48.691529,2750.0
2023-720789,2023-10-11,2023,325000.0,Maison,100.0,5.0,54000.0,6.144055,48.693616,3250.0
2023-720791,2023-10-02,2023,260000.0,Maison,123.0,6.0,54000.0,6.167405,48.673881,2113.8211382113823
2023-720792,2023-10-02,2023,83000.0,Appartement,33.0,2.0,54000.0,6.176398,48.683896,2515.151515151515
2023-720804,2023-09-15,2023,53800.0,Appartement,24.0,1.0,54000.0,6.191978,48.680956,2241.6666666666665
2023-720810,2023-09-19,2023,142000.0,Appartement,68.0,3.0,54000.0,6.163007,48.679244,2088.235294117647
2023-720818,2023-09-05,2023,91000.0,Appartement,55.0,2.0,54000.0,6.160249,48.684336,1654.5454545454545
2023-720820,2023-10-12,2023,106300.0,Appartement,92.0,4.0,54000.0,6.1951,48.681512,1155.4347826086957
2023-720834,2023-09-15,2023,156000.0,Appartement,65.0,3.0,54000.0,6.188547,48.679046,2400.0
2023-720851,2023-10-06,2023,300000.0,Appartement,58.0,2.0,54000.0,6.177472,48.701194,5172.413793103448
2023-720853,2023-10-06,2023,61350.0,Appartement,18.0,1.0,54000.0,6.183976,48.69044,3408.3333333333335
2023-720856,2023-09-20,2023,69000.0,Appartement,42.0,2.0,54000.0,6.187272,48.678672,1642.857142857143
2023-720907,2023-10-05,2023,114000.0,Appartement,59.0,2.0,54000.0,6.177428,48.682256,1932.2033898305085
2023-720938,2023-10-17,2023,500000.0,Maison,124.0,5.0,54000.0,6.177517,48.674188,4032.2580645161293
2023-720940,2023-09-22,2023,308000.0,Appartement,104.0,5.0,54000.0,6.167325,48.686741,2961.5384615384614
2023-720942,2023-10-02,2023,139000.0,Appartement,60.0,3.0,54000.0,6.185813,48.676855,2316.6666666666665
2023-720977,2023-09-25,2023,107000.0,Appartement,43.0,2.0,54000.0,6.169001,48.697906,2488.3720930232557
2023-720978,2023-10-13,2023,74300.0,Appartement,54.0,3.0,54000.0,6.158927,48.690216,1375.9259259259259
2023-720982,2023-10-09,2023,51000.0,Appartement,25.0,1.0,54000.0,6.158498,48.69836,2040.0
2023-720989,2023-10-13,2023,175000.0,Appartement,71.0,3.0,54000.0,6.158673,48.689461,2464.788732394366
2023-720991,2023-10-17,2023,80000.0,Appartement,40.0,2.0,54000.0,6.171534,48.685899,2000.0
2023-721011,2023-09-18,2023,500000.0,Appartement,47.0,3.0,54000.0,6.201634,48.687002,10638.297872340425
2023-721041,2023-10-04,2023,94000.0,Appartement,40.0,2.0,54000.0,6.193488,48.68961,2350.0
2023-721042,2023-10-19,2023,185250.0,Appartement,110.0,2.0,54000.0,6.179182,48.687711,1684.090909090909
2023-721074,2023-10-06,2023,141905.0,Appartement,46.0,2.0,54000.0,6.191738,48.696658,3084.891304347826
2023-721100,2023-10-18,2023,247300.0,Appartement,126.0,4.0,54000.0,6.178541,48.708087,1962.6984126984128
2023-721150,2023-10-17,2023,448550.0,Appartement,132.0,5.0,54000.0,6.167939,48.689465,3398.1060606060605
2023-721158,2023-10-03,2023,130000.0,Appartement,63.0,2.0,54000.0,6.181356,48.700174,2063.4920634920636
2023-721165,2023-09-22,2023,101000.0,Appartement,42.0,2.0,54000.0,6.176435,48.674031,2404.7619047619046
2023-721171,2023-09-27,2023,58500.0,Appartement,31.0,2.0,54000.0,6.16651,48.702355,1887.0967741935483
2023-721179,2023-09-27,2023,71000.0,Appartement,34.0,1.0,54000.0,6.194044,48.690495,2088.235294117647
2023-721181,2023-10-02,2023,285000.0,Appartement,92.0,3.0,54000.0,6.178541,48.708087,3097.8260869565215
2023-721190,2023-10-18,2023,161500.0,Appartement,44.0,2.0,54000.0,6.190112,48.69401,3670.4545454545455
2023-721197,2023-10-19,2023,131000.0,Appartement,63.0,3.0,54000.0,6.198025,48.680738,2079.3650793650795
2023-721211,2023-10-20,2023,88700.0,Appartement,37.0,2.0,54000.0,6.164565,48.681896,2397.2972972972975
2023-721219,2023-10-16,2023,720000.0,Appartement,69.0,2.0,54000.0,6.16285,48.687049,10434.782608695652
2023-721223,2023-10-20,2023,693500.0,Appartement,230.0,6.0,54000.0,6.181874,48.678827,3015.217391304348
2023-721225,2023-10-20,2023,538000.0,Maison,161.0,5.0,54000.0,6.164904,48.677962,3341.614906832298
2023-721232,2023-10-17,2023,129000.0,Appartement,61.0,3.0,54000.0,6.185584,48.680482,2114.754098360656
2023-721237,2023-10-12,2023,151000.0,Appartement,73.0,4.0,54000.0,6.181581,48.675967,2068.4931506849316
2023-721244,2023-10-19,2023,229000.0,Maison,85.0,4.0,54000.0,6.144304,48.696741,2694.1176470588234
2023-721249,2023-10-19,2023,54100.0,Appartement,27.0,1.0,54000.0,6.188827,48.67951,2003.7037037037037
2023-721262,2023-10-11,2023,120000.0,Maison,130.0,3.0,54000.0,6.17821,48.70779,923.0769230769231
2023-721269,2023-10-23,2023,225000.0,Appartement,75.0,3.0,54000.0,6.190476,48.696998,3000.0
2023-721282,2023-10-18,2023,372800.0,Maison,94.0,5.0,54000.0,6.159885,48.698883,3965.9574468085107
2023-721292,2023-10-06,2023,112575.0,Appartement,41.0,3.0,54000.0,6.176154,48.684438,2745.731707317073
2023-721295,2023-09-28,2023,140000.0,Appartement,69.0,4.0,54000.0,6.181428,48.687036,2028.9855072463768
2023-721304,2023-10-11,2023,75000.0,Appartement,23.0,1.0,54000.0,6.196248,48.67759,3260.8695652173915
2023-721305,2023-10-04,2023,151000.0,Appartement,110.0,6.0,54000.0,6.177183,48.703269,1372.7272727272727
2023-721310,2023-10-11,2023,138000.0,Appartement,93.0,4.0,54000.0,6.160249,48.684336,1483.8709677419354
2023-721313,2023-10-25,2023,233300.0,Maison,64.0,5.0,54000.0,6.163934,48.672263,3645.3125
2023-721314,2023-10-10,2023,89000.0,Appartement,37.0,2.0,54000.0,6.178963,48.673745,2405.4054054054054
2023-721316,2023-10-16,2023,230000.0,Maison,85.0,3.0,54000.0,6.167924,48.683687,2705.8823529411766
2023-721317,2023-10-09,2023,150000.0,Maison,67.0,4.0,54100.0,6.140491,48.7,2238.805970149254
2023-721330,2023-10-02,2023,75000.0,Maison,67.0,5.0,54000.0,6.140188,48.691906,1119.402985074627
2023-721338,2023-10-12,2023,114000.0,Appartement,72.0,3.0,54000.0,6.180034,48.687951,1583.3333333333333
2023-721342,2023-10-10,2023,111000.0,Appartement,51.0,2.0,54000.0,6.191072,48.679103,2176.470588235294
2023-721344,2023-10-17,2023,46000.0,Appartement,19.0,1.0,54000.0,6.161448,48.683616,2421.0526315789475
2023-721347,2023-10-23,2023,218900.0,Maison,65.0,3.0,54000.0,6.198774,48.689698,3367.6923076923076
2023-721357,2023-10-04,2023,59000.0,Appartement,31.0,2.0,54000.0,6.195113,48.685387,1903.225806451613
2023-721361,2023-10-05,2023,45000.0,Appartement,75.0,5.0,54100.0,,,600.0
2023-721367,2023-10-18,2023,78000.0,Appartement,39.0,1.0,54000.0,6.188585,48.689169,2000.0
2023-721391,2023-09-29,2023,182100.0,Appartement,70.0,3.0,54000.0,6.164217,48.694104,2601.4285714285716
2023-721393,2023-10-25,2023,202000.0,Appartement,107.0,5.0,54000.0,6.170247,48.670513,1887.8504672897195
2023-721394,2023-10-02,2023,114380.0,Appartement,86.0,4.0,54000.0,6.179435,48.682157,1330.0
2023-721395,2023-10-18,2023,58000.0,Appartement,17.0,1.0,54000.0,6.160346,48.687713,3411.764705882353
2023-721396,2023-10-20,2023,73150.0,Appartement,31.0,1.0,54000.0,6.177777,48.701601,2359.6774193548385
2023-721398,2023-10-24,2023,420500.0,Appartement,134.0,5.0,54000.0,6.173177,48.682244,3138.0597014925374
2023-721405,2023-10-24,2023,70000.0,Appartement,25.0,2.0,54000.0,6.182518,48.688232,2800.0
2023-721418,2023-10-04,2023,210000.0,Appartement,72.0,3.0,54000.0,6.177183,48.703269,2916.6666666666665
2023-721426,2023-10-13,2023,151000.0,Appartement,90.0,4.0,54000.0,6.162064,48.681308,1677.7777777777778
2023-721433,2023-10-23,2023,62300.0,Appartement,23.0,1.0,54000.0,6.167096,48.699082,2708.695652173913
2023-721438,2023-10-23,2023,79800.0,Appartement,40.0,1.0,54000.0,6.188916,48.683579,1995.0
2023-721449,2023-10-25,2023,192000.0,Maison,63.0,3.0,54000.0,6.152536,48.697539,3047.6190476190477
2023-721450,2023-10-26,2023,67000.0,Appartement,20.0,1.0,54000.0,6.175531,48.689366,3350.0
2023-721451,2023-10-30,2023,199500.0,Maison,68.0,4.0,54000.0,6.165416,48.670268,2933.823529411765
2023-721456,2023-10-17,2023,80500.0,Appartement,34.0,2.0,54000.0,6.173187,48.698878,2367.6470588235293
2023-721459,2023-10-25,2023,90000.0,Appartement,30.0,1.0,54000.0,6.172317,48.686379,3000.0
2023-721461,2023-10-20,2023,72000.0,Appartement,19.0,1.0,54000.0,6.194026,48.694574,3789.4736842105262
2023-721481,2023-10-17,2023,70000.0,Appartement,25.0,1.0,54000.0,6.194044,48.690495,2800.0
2023-721483,2023-10-26,2023,120300.0,Appartement,56.0,2.0,54000.0,6.189131,48.690997,2148.214285714286
2023-721491,2023-10-16,2023,205000.0,Maison,66.0,3.0,54000.0,6.139439,48.692009,3106.060606060606
2023-721502,2023-10-25,2023,218000.0,Appartement,73.0,3.0,54000.0,6.195457,48.692805,2986.301369863014
2023-721513,2023-10-20,2023,186000.0,Maison,71.0,4.0,54000.0,6.191061,48.698174,2619.718309859155
2023-721522,2023-10-25,2023,152500.0,Appartement,53.0,2.0,54000.0,6.187602,48.688613,2877.3584905660377
2023-721526,2023-10-26,2023,321400.0,Maison,89.0,4.0,54000.0,6.162405,48.688394,3611.2359550561796
2023-721527,2023-10-31,2023,66450.0,Appartement,23.0,1.0,54000.0,6.177058,48.695476,2889.1304347826085
2023-721528,2023-10-24,2023,126000.0,Appartement,57.0,3.0,54000.0,6.180893,48.676913,2210.5263157894738
2023-721534,2023-10-16,2023,350000.0,Appartement,130.0,5.0,54000.0,6.173499,48.682312,2692.3076923076924
2023-721553,2023-10-26,2023,304880.0,Appartement,26.0,1.0,54000.0,6.181389,48.701793,11726.153846153846
2023-721559,2023-10-23,2023,305000.0,Appartement,175.0,5.0,54000.0,6.181511,48.700222,1742.857142857143
2023-721569,2023-10-16,2023,103550.0,Appartement,38.0,2.0,54000.0,6.171669,48.703299,2725.0
2023-721580,2023-10-16,2023,125000.0,Appartement,51.0,2.0,54000.0,6.191678,48.692413,2450.9803921568628
2023-721589,2023-10-18,2023,160000.0,Maison,88.0,4.0,54000.0,6.162974,48.668142,1818.1818181818182
2023-721594,2023-10-24,2023,67500.0,Appartement,48.0,2.0,54000.0,6.185912,48.688902,1406.25
2023-721607,2023-10-25,2023,133000.0,Appartement,67.0,2.0,54000.0,6.164346,48.681649,1985.0746268656717
2023-721619,2023-10-23,2023,123500.0,Appartement,61.0,3.0,54000.0,6.17827,48.681157,2024.5901639344263
2023-721621,2023-10-23,2023,52960.0,Appartement,31.0,1.0,54000.0,6.172344,48.690379,1708.3870967741937
2023-721657,2023-11-07,2023,122000.0,Appartement,52.0,2.0,54000.0,6.195532,48.694835,2346.153846153846
2023-721667,2023-10-26,2023,63000.0,Maison,100.0,3.0,54000.0,6.166004,48.674116,630.0
2023-721677,2023-10-31,2023,444000.0,Maison,87.0,4.0,54000.0,6.184491,48.67826,5103.448275862069
2023-721685,2023-11-07,2023,230000.0,Appartement,52.0,3.0,54000.0,,,4423.076923076923
2023-721688,2023-10-23,2023,72506.0,Appartement,22.0,1.0,54000.0,6.191508,48.701324,3295.7272727272725
2023-721700,2023-10-13,2023,138000.0,Appartement,66.0,2.0,54000.0,6.167656,48.696235,2090.909090909091
2023-721702,2023-10-25,2023,111000.0,Appartement,65.0,2.0,54000.0,6.198791,48.676916,1707.6923076923076
2023-721706,2023-11-03,2023,57000.0,Appartement,65.0,4.0,54100.0,,,876.9230769230769
2023-721707,2023-11-03,2023,115000.0,Appartement,52.0,2.0,54000.0,6.178795,48.696864,2211.5384615384614
2023-721708,2023-11-03,2023,98000.0,Appartement,27.0,1.0,54000.0,6.171074,48.684637,3629.6296296296296
2023-721710,2023-11-02,2023,95000.0,Appartement,48.0,2.0,54000.0,6.168352,48.699478,1979.1666666666667
2023-721716,2023-10-26,2023,150000.0,Appartement,78.0,3.0,54000.0,6.160249,48.684336,1923.076923076923
2023-721717,2023-10-30,2023,142500.0,Appartement,95.0,6.0,54000.0,6.17983,48.704407,1500.0
2023-721722,2023-10-31,2023,67500.0,Appartement,18.0,1.0,54000.0,6.174002,48.682954,3750.0
2023-721778,2023-10-30,2023,580000.0,Maison,109.0,6.0,54000.0,6.168952,48.695366,5321.100917431193
2023-721793,2023-10-18,2023,108000.0,Maison,40.0,1.0,54000.0,6.19774,48.679171,2700.0
2023-721815,2023-10-23,2023,168000.0,Appartement,73.0,3.0,54000.0,6.200611,48.699675,2301.3698630136987
2023-721822,2023-11-06,2023,115000.0,Appartement,63.0,3.0,54000.0,6.180244,48.67922,1825.3968253968253
2023-721827,2023-10-31,2023,67500.0,Appartement,18.0,1.0,54000.0,6.174002,48.682954,3750.0
2023-721847,2023-10-24,2023,84000.0,Appartement,80.0,3.0,54000.0,6.179182,48.687711,1050.0
2023-721864,2023-10-24,2023,257000.0,Appartement,109.0,4.0,54000.0,6.161518,48.694501,2357.798165137615
2023-721890,2023-10-30,2023,240000.0,Maison,122.0,4.0,54000.0,6.19295,48.681165,1967.2131147540983
2023-721902,2023-11-02,2023,45000.0,Appartement,20.0,1.0,54000.0,6.169895,48.687621,2250.0
2023-721912,2023-10-23,2023,54400.0,Appartement,19.0,1.0,54000.0,6.185409,48.68003,2863.157894736842
2023-721915,2023-11-10,2023,123340.0,Appartement,70.0,3.0,54000.0,6.185557,48.687124,1762.0
2023-721916,2023-11-06,2023,474000.0,Maison,150.0,8.0,54000.0,6.155285,48.690809,3160.0
2023-721921,2023-10-30,2023,67000.0,Appartement,25.0,1.0,54000.0,6.15914,48.696664,2680.0
2023-721927,2023-11-06,2023,180000.0,Maison,24.0,1.0,54000.0,6.196882,48.676099,7500.0
2023-721939,2023-11-03,2023,103000.0,Appartement,42.0,2.0,54000.0,6.178022,48.683682,2452.3809523809523
2023-721948,2023-11-03,2023,67800.0,Appartement,33.0,1.0,54000.0,6.196489,48.67866,2054.5454545454545
2023-721953,2023-11-06,2023,100000.0,Appartement,41.0,2.0,54000.0,6.16589,48.67136,2439.0243902439024
2023-721968,2023-11-09,2023,117600.0,Appartement,53.0,3.0,54000.0,6.201619,48.686386,2218.867924528302
2023-721985,2023-11-10,2023,60000.0,Appartement,25.0,1.0,54000.0,6.164188,48.69927,2400.0
2023-721991,2023-10-19,2023,90250.0,Appartement,38.0,2.0,54000.0,6.172653,48.684211,2375.0
2023-721995,2023-10-31,2023,60000.0,Appartement,20.0,1.0,54000.0,6.194026,48.694574,3000.0
2023-721998,2023-11-07,2023,63300.0,Appartement,22.0,1.0,54000.0,6.187697,48.689882,2877.2727272727275
2023-722004,2023-11-13,2023,110000.0,Maison,68.0,5.0,54000.0,6.140675,48.691427,1617.6470588235295
2023-722005,2023-10-25,2023,146000.0,Maison,60.0,3.0,54100.0,6.138659,48.700335,2433.3333333333335
2023-722010,2023-10-26,2023,74000.0,Appartement,28.0,1.0,54000.0,6.1951,48.681512,2642.8571428571427
2023-722019,2023-10-30,2023,69500.0,Appartement,26.0,1.0,54000.0,6.177605,48.684528,2673.076923076923
2023-722045,2023-11-10,2023,143450.0,Appartement,66.0,3.0,54000.0,6.19289,48.689409,2173.4848484848485
2023-722065,2023-11-14,2023,628000.0,Appartement,85.0,4.0,54000.0,6.170002,48.688502,7388.235294117647
2023-722067,2023-11-10,2023,195000.0,Appartement,84.0,3.0,54000.0,6.194324,48.680277,2321.4285714285716
2023-722072,2023-10-31,2023,44800.0,Appartement,10.0,1.0,54000.0,6.164877,48.677109,4480.0
2023-722077,2023-11-17,2023,91650.0,Appartement,40.0,2.0,54000.0,6.178898,48.685049,2291.25
2023-722081,2023-10-25,2023,155000.0,Appartement,57.0,3.0,54000.0,6.170979,48.671398,2719.2982456140353
2023-722086,2023-10-30,2023,73500.0,Appartement,42.0,1.0,54000.0,6.185263,48.685693,1750.0
2023-722093,2023-10-30,2023,111900.0,Appartement,67.0,3.0,54000.0,6.1951,48.681512,1670.1492537313434
2023-722103,2023-10-23,2023,376200.0,Maison,160.0,7.0,54000.0,6.166094,48.690522,2351.25
2023-722133,2023-11-08,2023,152000.0,Appartement,70.0,3.0,54000.0,6.165853,48.681304,2171.4285714285716
2023-722137,2023-11-15,2023,253000.0,Appartement,111.0,5.0,54000.0,6.170127,48.68925,2279.2792792792793
2023-722162,2023-11-08,2023,143400.0,Appartement,82.0,4.0,54000.0,6.20192,48.699095,1748.780487804878
2023-722193,2023-11-06,2023,95000.0,Appartement,32.0,1.0,54000.0,6.173187,48.680719,2968.75
2023-722248,2023-11-13,2023,240000.0,Appartement,108.0,4.0,54000.0,6.167764,48.69149,2222.222222222222
2023-722250,2023-10-25,2023,39000.0,Appartement,23.0,1.0,54000.0,6.187208,48.694539,1695.6521739130435
2023-722255,2023-11-10,2023,100000.0,Appartement,46.0,1.0,54000.0,6.177997,48.684935,2173.913043478261
2023-722267,2023-11-03,2023,130000.0,Appartement,124.0,5.0,54000.0,6.173986,48.688168,1048.3870967741937
2023-722285,2023-11-08,2023,40500.0,Appartement,24.0,1.0,54000.0,6.177333,48.697797,1687.5
2023-722291,2023-11-10,2023,352000.0,Appartement,141.0,5.0,54000.0,6.175981,48.698054,2496.45390070922
2023-722295,2023-10-26,2023,60000.0,Appartement,32.0,1.0,54000.0,6.194044,48.690495,1875.0
2023-722317,2023-11-15,2023,67650.0,Appartement,29.0,1.0,54000.0,6.167247,48.691696,2332.7586206896553
2023-722320,2023-11-14,2023,155000.0,Maison,85.0,5.0,54000.0,6.139099,48.694895,1823.5294117647059
2023-722339,2023-10-05,2023,80000.0,Appartement,30.0,1.0,54000.0,6.172842,48.685197,2666.6666666666665
2023-722349,2023-11-03,2023,64000.0,Appartement,32.0,1.0,54000.0,6.166477,48.689268,2000.0
2023-722353,2023-10-26,2023,308500.0,Appartement,112.0,5.0,54000.0,6.181114,48.683985,2754.464285714286
2023-722357,2023-11-24,2023,90000.0,Appartement,40.0,2.0,54000.0,6.178743,48.683426,2250.0
2023-722364,2023-11-15,2023,131100.0,Appartement,54.0,3.0,54000.0,6.181428,48.687036,2427.777777777778
2023-722393,2023-11-22,2023,234000.0,Appartement,73.0,3.0,54000.0,6.185584,48.680482,3205.4794520547944
2023-722401,2023-11-16,2023,47500.0,Appartement,23.0,1.0,54000.0,6.166651,48.701563,2065.217391304348
2023-722409,2023-11-02,2023,117000.0,Appartement,77.0,3.0,54000.0,6.170706,48.699474,1519.4805194805194
2023-722414,2023-11-21,2023,146400.0,Appartement,64.0,3.0,54000.0,6.170173,48.687625,2287.5
2023-722416,2023-10-31,2023,118000.0,Appartement,47.0,2.0,54000.0,6.178175,48.698143,2510.6382978723404
2023-722422,2023-11-17,2023,262700.0,Appartement,102.0,5.0,54000.0,6.161745,48.688387,2575.4901960784314
2023-722425,2023-10-27,2023,332000.0,Appartement,88.0,4.0,54000.0,6.184325,48.68377,3772.7272727272725
2023-722438,2023-11-27,2023,90290.0,Appartement,38.0,2.0,54000.0,6.188905,48.700951,2376.0526315789475
2023-722450,2023-11-15,2023,104500.0,Appartement,35.0,2.0,54000.0,6.182343,48.701368,2985.714285714286
2023-722457,2023-11-23,2023,143000.0,Appartement,60.0,3.0,54000.0,6.179964,48.701988,2383.3333333333335
2023-722471,2023-11-20,2023,67450.0,Appartement,25.0,1.0,54000.0,6.164188,48.69927,2698.0
2023-722472,2023-11-27,2023,216800.0,Appartement,82.0,3.0,54000.0,6.191696,48.688722,2643.9024390243903
2023-722480,2023-11-16,2023,420000.0,Appartement,80.0,4.0,54000.0,6.197192,48.678184,5250.0
2023-722507,2023-11-15,2023,272120.0,Appartement,88.0,3.0,54000.0,6.166024,48.687453,3092.2727272727275
2023-722508,2023-11-24,2023,85000.0,Appartement,28.0,1.0,54000.0,6.196623,48.689339,3035.714285714286
2023-722513,2023-11-22,2023,58500.0,Appartement,23.0,1.0,54000.0,6.167096,48.699082,2543.478260869565
2023-722518,2023-11-16,2023,117800.0,Appartement,65.0,3.0,54000.0,6.19424,48.689384,1812.3076923076924
2023-722533,2023-11-24,2023,71280.0,Appartement,18.0,1.0,54000.0,6.1734,48.700198,3960.0
2023-722551,2023-11-15,2023,123007.0,Appartement,39.0,2.0,54000.0,6.190184,48.688655,3154.025641025641
2023-722571,2023-11-13,2023,95000.0,Appartement,31.0,2.0,54000.0,6.195113,48.685387,3064.516129032258
2023-722574,2023-11-10,2023,87270.0,Appartement,28.0,1.0,54000.0,6.191943,48.697615,3116.785714285714
2023-722584,2023-11-27,2023,370000.0,Appartement,57.0,3.0,54000.0,6.176398,48.683896,6491.228070175439
2023-722587,2023-11-24,2023,76000.0,Appartement,60.0,3.0,54000.0,6.161941,48.692737,1266.6666666666667
2023-722588,2023-11-06,2023,48000.0,Appartement,21.0,1.0,54000.0,6.176945,48.697236,2285.714285714286
2023-722594,2023-11-28,2023,218900.0,Appartement,80.0,3.0,54000.0,6.164896,48.687736,2736.25
2023-722605,2023-11-23,2023,97670.0,Appartement,29.0,2.0,54000.0,6.180598,48.693907,3367.9310344827586
2023-722610,2023-11-03,2023,144600.0,Appartement,62.0,3.0,54000.0,6.170687,48.68329,2332.2580645161293
2023-722628,2023-11-28,2023,55000.0,Appartement,21.0,1.0,54000.0,6.167939,48.689465,2619.0476190476193
2023-722633,2023-11-22,2023,73500.0,Appartement,40.0,1.0,54000.0,6.183549,48.6898,1837.5
2023-722634,2023-11-07,2023,61000.0,Appartement,24.0,1.0,54000.0,6.15794,48.699285,2541.6666666666665
2023-722647,2023-11-29,2023,50000.0,Appartement,42.0,2.0,54000.0,6.1488,48.691485,1190.4761904761904
2023-722656,2023-11-24,2023,360000.0,Maison,156.0,5.0,54000.0,6.146704,48.690619,2307.6923076923076
2023-722674,2023-11-24,2023,155000.0,Appartement,26.0,2.0,54000.0,6.168401,48.698529,5961.538461538462
2023-722684,2023-11-07,2023,47500.0,Appartement,42.0,2.0,54000.0,6.166214,48.684257,1130.952380952381
2023-722685,2023-11-22,2023,203850.0,Appartement,63.0,2.0,54000.0,6.184049,48.688188,3235.714285714286
2023-722699,2023-11-23,2023,230000.0,Appartement,60.0,4.0,54000.0,6.160813,48.68977,3833.3333333333335
2023-722705,2023-11-24,2023,115000.0,Appartement,47.0,3.0,54000.0,6.168826,48.677556,2446.808510638298
2023-722710,2023-11-28,2023,250000.0,Appartement,110.0,3.0,54000.0,6.186175,48.68891,2272.7272727272725
2023-722718,2023-11-30,2023,79000.0,Appartement,32.0,1.0,54000.0,6.166431,48.668122,2468.75
2023-722720,2023-11-22,2023,80900.0,Appartement,36.0,2.0,54000.0,6.164018,48.676221,2247.222222222222
2023-722730,2023-11-22,2023,165000.0,Appartement,57.0,3.0,54000.0,6.19659,48.693185,2894.7368421052633
2023-722734,2023-11-24,2023,169771.34,Maison,90.0,3.0,54000.0,6.189447,48.70256,1886.3482222222221
2023-722748,2023-11-28,2023,114000.0,Appartement,38.0,2.0,54000.0,6.186938,48.682454,3000.0
2023-722750,2023-11-17,2023,90250.0,Appartement,33.0,2.0,54000.0,6.189985,48.697361,2734.848484848485
2023-722757,2023-12-01,2023,251800.0,Appartement,73.0,3.0,54000.0,6.19659,48.693185,3449.3150684931506
2023-722765,2023-11-22,2023,242385.0,Appartement,107.0,4.0,54000.0,6.185966,48.685474,2265.2803738317757
2023-722766,2023-10-31,2023,98000.0,Appartement,63.0,3.0,54000.0,6.176435,48.674031,1555.5555555555557
2023-722770,2023-12-04,2023,204000.0,Appartement,74.0,4.0,54000.0,6.167329,48.689812,2756.7567567567567
2023-722777,2023-11-28,2023,242000.0,Maison,92.0,3.0,54000.0,6.158879,48.691404,2630.4347826086955
2023-722787,2023-10-30,2023,340000.0,Appartement,128.0,4.0,54000.0,6.179086,48.702249,2656.25
2023-722796,2023-11-15,2023,585000.0,Appartement,35.0,1.0,54000.0,6.186522,48.689636,16714.285714285714
2023-722798,2023-11-02,2023,142500.0,Appartement,69.0,3.0,54000.0,6.177344,48.68457,2065.217391304348
2023-722806,2023-12-05,2023,145000.0,Appartement,109.0,3.0,54000.0,6.166083,48.671113,1330.2752293577983
2023-722807,2023-11-17,2023,153400.0,Appartement,103.0,4.0,54000.0,6.170393,48.691916,1489.3203883495146
2023-722810,2023-11-10,2023,66000.0,Appartement,26.0,1.0,54000.0,6.163562,48.684432,2538.4615384615386
2023-722813,2023-11-29,2023,90300.0,Appartement,42.0,2.0,54000.0,6.174557,48.702624,2150.0
2023-722859,2023-12-04,2023,164000.0,Appartement,71.0,4.0,54000.0,6.167327,48.685467,2309.8591549295775
2023-722860,2023-11-29,2023,440000.0,Maison,127.0,6.0,54000.0,6.192126,48.697966,3464.566929133858
2023-722875,2023-11-24,2023,58000.0,Appartement,24.0,1.0,54000.0,6.15794,48.699285,2416.6666666666665
2023-722878,2023-11-24,2023,53695.0,Appartement,31.0,1.0,54000.0,6.19349,48.680975,1732.0967741935483
2023-722880,2023-11-30,2023,598500.0,Appartement,171.0,6.0,54000.0,6.167939,48.689465,3500.0
2023-722881,2023-11-29,2023,219750.0,Appartement,79.0,3.0,54000.0,6.185714,48.693666,2781.6455696202534
2023-722888,2023-11-29,2023,98000.0,Appartement,45.0,2.0,54000.0,6.163007,48.679244,2177.777777777778
2023-722908,2023-11-09,2023,81500.0,Appartement,33.0,1.0,54000.0,6.189546,48.690376,2469.6969696969695
2023-722926,2023-12-06,2023,136900.0,Appartement,69.0,2.0,54000.0,6.182307,48.68976,1984.0579710144928
2023-722937,2023-11-21,2023,110000.0,Appartement,56.0,2.0,54000.0,6.185305,48.685949,1964.2857142857142
2023-722954,2023-12-05,2023,157950.0,Appartement,49.0,2.0,54000.0,6.170843,48.701792,3223.469387755102
2023-722955,2023-11-29,2023,232000.0,Appartement,85.0,3.0,54000.0,6.167071,48.688795,2729.4117647058824
2023-722962,2023-12-07,2023,80000.0,Appartement,18.0,1.0,54000.0,6.177537,48.692513,4444.444444444444
2023-722970,2023-12-05,2023,90000.0,Appartement,30.0,2.0,54000.0,6.190654,48.690861,3000.0
2023-722974,2023-11-24,2023,139280.0,Maison,106.0,5.0,54000.0,6.195245,48.678499,1313.9622641509434
2023-723016,2023-12-05,2023,134500.0,Appartement,52.0,2.0,54000.0,6.170793,48.704415,2586.5384615384614
2023-723026,2023-11-30,2023,130000.0,Appartement,63.0,3.0,54000.0,6.138771,48.692841,2063.4920634920636
2023-723029,2023-12-01,2023,197500.0,Appartement,73.0,3.0,54000.0,6.201494,48.699315,2705.4794520547944
2023-723036,2023-11-28,2023,159000.0,Appartement,86.0,4.0,54000.0,6.180034,48.687951,1848.8372093023256
2023-723054,2023-12-07,2023,159000.0,Appartement,74.0,3.0,54000.0,6.173917,48.701632,2148.6486486486488
2023-723059,2023-12-05,2023,65000.0,Appartement,76.0,3.0,54000.0,6.145078,48.691395,855.2631578947369
2023-723070,2023-12-08,2023,131000.0,Appartement,48.0,2.0,54000.0,6.198411,48.698653,2729.1666666666665
2023-723080,2023-12-05,2023,40000.0,Maison,47.0,2.0,54000.0,6.141456,48.692302,851.063829787234
2023-723082,2023-12-06,2023,600000.0,Maison,108.0,4.0,54000.0,6.185948,48.692082,5555.555555555556
2023-723100,2023-12-05,2023,160500.0,Appartement,43.0,2.0,54000.0,6.204199,48.696614,3732.5581395348836
2023-723102,2023-12-01,2023,171000.0,Appartement,77.0,4.0,54000.0,6.171612,48.670187,2220.779220779221
2023-723106,2023-12-07,2023,217000.0,Appartement,111.0,5.0,54000.0,6.176639,48.697901,1954.954954954955
2023-723107,2023-12-06,2023,200000.0,Appartement,86.0,3.0,54000.0,6.175745,48.691,2325.5813953488373
2023-723112,2023-12-11,2023,134000.0,Appartement,55.0,3.0,54000.0,6.179583,48.68348,2436.3636363636365
2023-723164,2023-12-08,2023,194300.0,Appartement,82.0,3.0,54000.0,6.165714,48.68163,2369.512195121951
2023-723193,2023-11-27,2023,77900.0,Appartement,37.0,2.0,54000.0,6.187186,48.687723,2105.4054054054054
2023-723207,2023-11-24,2023,95250.0,Appartement,42.0,2.0,54000.0,6.181744,48.67575,2267.8571428571427
2023-723208,2023-12-07,2023,225000.0,Appartement,105.0,5.0,54000.0,6.170702,48.670764,2142.8571428571427
2023-723215,2023-12-11,2023,221000.0,Appartement,53.0,1.0,54000.0,6.187977,48.684141,4169.811320754717
2023-723229,2023-11-24,2023,79000.0,Appartement,31.0,2.0,54000.0,6.195113,48.685387,2548.3870967741937
2023-723242,2023-12-14,2023,123000.0,Appartement,34.0,2.0,54000.0,6.178659,48.684094,3617.6470588235293
2023-723266,2023-12-12,2023,74000.0,Appartement,46.0,3.0,54000.0,6.169843,48.686805,1608.695652173913
2023-723267,2023-12-01,2023,444400.0,Appartement,48.0,3.0,54000.0,6.170608,48.704455,9258.333333333334
2023-723287,2023-12-06,2023,193000.0,Appartement,57.0,3.0,54000.0,6.19283,48.694994,3385.964912280702
2023-723292,2023-12-12,2023,114150.0,Appartement,48.0,3.0,54000.0,6.168321,48.688796,2378.125
2023-723296,2023-12-12,2023,40000.0,Appartement,42.0,2.0,54000.0,6.17627,48.691529,952.3809523809524
2023-723298,2023-12-13,2023,85000.0,Appartement,56.0,2.0,54000.0,6.182578,48.681871,1517.857142857143
2023-723328,2023-12-08,2023,72500.0,Appartement,72.0,5.0,54000.0,6.139703,48.692985,1006.9444444444445
2023-723343,2023-11-24,2023,800000.0,Appartement,220.0,5.0,54000.0,6.175481,48.694123,3636.3636363636365
2023-723347,2023-12-04,2023,123000.0,Appartement,71.0,4.0,54000.0,6.195075,48.697317,1732.394366197183
2023-723348,2023-12-07,2023,502200.0,Appartement,193.0,6.0,54000.0,6.172674,48.699542,2602.0725388601036
2023-723350,2023-12-15,2023,230700.0,Appartement,76.0,4.0,54000.0,6.17595,48.681277,3035.5263157894738
2023-723355,2023-12-11,2023,85500.0,Appartement,37.0,2.0,54000.0,6.183688,48.68164,2310.810810810811
2023-723366,2023-11-24,2023,73500.0,Appartement,84.0,4.0,54000.0,6.160346,48.687713,875.0
2023-723380,2023-12-15,2023,70000.0,Appartement,27.0,1.0,54000.0,6.175531,48.689366,2592.5925925925926
2023-723395,2023-11-29,2023,260000.0,Maison,85.0,5.0,54000.0,6.168935,48.670301,3058.823529411765
2023-723398,2023-12-05,2023,750000.0,Appartement,60.0,3.0,54000.0,6.168573,48.686321,12500.0
2023-723400,2023-12-08,2023,63000.0,Appartement,27.0,2.0,54000.0,6.169372,48.688834,2333.3333333333335
2023-723408,2023-12-14,2023,70000.0,Appartement,31.0,1.0,54000.0,6.186963,48.683864,2258.064516129032
2023-723433,2023-12-18,2023,114000.0,Appartement,54.0,3.0,54000.0,6.166651,48.701563,2111.1111111111113
2023-723461,2023-12-13,2023,180500.0,Appartement,85.0,4.0,54000.0,6.167533,48.689874,2123.529411764706
2023-723469,2023-11-29,2023,68600.0,Appartement,31.0,1.0,54000.0,6.171429,48.69021,2212.9032258064517
2023-723479,2023-12-07,2023,141000.0,Appartement,69.0,3.0,54000.0,6.189442,48.687866,2043.4782608695652
2023-723482,2023-12-15,2023,638450.0,Appartement,76.0,3.0,54000.0,6.173233,48.69798,8400.657894736842
2023-723490,2023-11-29,2023,58000.0,Appartement,36.0,2.0,54000.0,6.187186,48.687723,1611.111111111111
2023-723506,2023-12-14,2023,78000.0,Appartement,51.0,2.0,54000.0,6.169957,48.677193,1529.4117647058824
2023-723507,2023-12-13,2023,223250.0,Appartement,70.0,3.0,54000.0,6.187977,48.684141,3189.285714285714
2023-723513,2023-12-15,2023,117000.0,Appartement,55.0,3.0,54000.0,6.172499,48.700652,2127.2727272727275
2023-723519,2023-12-19,2023,156000.0,Appartement,45.0,3.0,54000.0,6.166717,48.681613,3466.6666666666665
2023-723521,2023-12-20,2023,38000.0,Appartement,19.0,1.0,54000.0,6.184413,48.689672,2000.0
2023-723527,2023-12-11,2023,160000.0,Appartement,103.0,3.0,54000.0,6.167675,48.682834,1553.3980582524273
2023-723535,2023-11-28,2023,100000.0,Appartement,70.0,3.0,54000.0,6.160339,48.686271,1428.5714285714287
2023-723558,2023-12-12,2023,91890.0,Appartement,49.0,2.0,54000.0,6.17957,48.675973,1875.3061224489795
2023-723559,2023-12-08,2023,220000.0,Appartement,83.0,4.0,54000.0,6.196291,48.694203,2650.602409638554
2023-723568,2023-12-13,2023,69000.0,Appartement,27.0,2.0,54000.0,6.195113,48.685387,2555.5555555555557
2023-723580,2023-12-13,2023,103000.0,Appartement,35.0,1.0,54000.0,6.183798,48.690226,2942.8571428571427
2023-723587,2023-12-12,2023,96700.0,Appartement,49.0,2.0,54000.0,6.16873,48.685162,1973.469387755102
2023-723589,2023-12-11,2023,163000.0,Maison,67.0,4.0,54000.0,6.191548,48.697891,2432.8358208955224
2023-723591,2023-12-22,2023,121300.0,Appartement,68.0,3.0,54000.0,6.187272,48.678672,1783.8235294117646
2023-723621,2023-11-30,2023,83000.0,Appartement,27.0,1.0,54000.0,6.181881,48.681619,3074.074074074074
2023-723623,2023-11-30,2023,217000.0,Maison,63.0,4.0,54000.0,6.162344,48.699729,3444.4444444444443
2023-723625,2023-12-20,2023,196000.0,Appartement,71.0,4.0,54000.0,6.182365,48.67732,2760.56338028169
2023-723626,2023-12-21,2023,420000.0,Appartement,36.0,1.0,54000.0,6.195114,48.680536,11666.666666666666
2023-723634,2023-12-28,2023,77410.0,Appartement,30.0,2.0,54000.0,6.167096,48.699082,2580.3333333333335
2023-723655,2023-12-27,2023,136000.0,Appartement,64.0,3.0,54000.0,6.168372,48.68608,2125.0
2023-723656,2023-12-18,2023,175000.0,Appartement,100.0,4.0,54000.0,6.190184,48.688655,1750.0
2023-723658,2023-12-26,2023,640000.0,Maison,185.0,6.0,54000.0,6.148958,48.690074,3459.4594594594596
2023-723685,2023-12-15,2023,83000.0,Appartement,41.0,2.0,54000.0,6.15794,48.699285,2024.3902439024391
2023-723688,2023-12-21,2023,190000.0,Appartement,81.0,3.0,54000.0,6.197049,48.676694,2345.679012345679
2023-723690,2023-12-13,2023,92400.0,Appartement,65.0,3.0,54000.0,6.181427,48.680649,1421.5384615384614
2023-723693,2023-12-22,2023,35000.0,Appartement,43.0,2.0,54000.0,6.178252,48.679799,813.953488372093
2023-723694,2023-12-26,2023,33000.0,Appartement,21.0,2.0,54000.0,6.187429,48.69984,1571.4285714285713
2023-723700,2023-12-15,2023,220000.0,Appartement,80.0,3.0,54000.0,6.176209,48.691731,2750.0
2023-723708,2023-12-13,2023,78000.0,Appartement,48.0,2.0,54000.0,6.168659,48.68255,1625.0
2023-723711,2023-12-14,2023,91000.0,Appartement,38.0,1.0,54000.0,6.187584,48.685648,2394.7368421052633
2023-723713,2023-12-28,2023,50000.0,Appartement,25.0,1.0,54000.0,6.16806,48.688098,2000.0
2023-723716,2023-12-28,2023,71250.0,Appartement,29.0,2.0,54000.0,6.190625,48.686313,2456.896551724138
2023-723728,2023-12-27,2023,318000.0,Appartement,120.0,3.0,54000.0,6.185197,48.686244,2650.0
2023-723738,2023-12-19,2023,62300.0,Appartement,26.0,1.0,54000.0,6.176049,48.68951,2396.153846153846
2023-723747,2023-12-13,2023,120000.0,Appartement,70.0,2.0,54000.0,6.180369,48.691251,1714.2857142857142
2023-723748,2023-12-14,2023,54000.0,Appartement,24.0,1.0,54000.0,6.15794,48.699285,2250.0
2023-723750,2023-12-15,2023,73000.0,Appartement,34.0,1.0,54000.0,6.194044,48.690495,2147.0588235294117
2023-723753,2023-12-19,2023,161000.0,Appartement,68.0,2.0,54000.0,6.182518,48.688232,2367.6470588235293
2023-723756,2023-12-11,2023,114010.0,Appartement,39.0,2.0,54000.0,6.199255,48.692269,2923.3333333333335
2023-723764,2023-12-15,2023,153500.0,Appartement,67.0,2.0,54000.0,6.178909,48.703605,2291.044776119403
2023-723765,2023-12-18,2023,172650.0,Appartement,70.0,3.0,54000.0,6.175016,48.701276,2466.4285714285716
2023-723769,2023-12-11,2023,126010.0,Appartement,40.0,2.0,54000.0,6.199255,48.692269,3150.25
2023-723771,2023-12-27,2023,64000.0,Appartement,23.0,1.0,54000.0,6.198774,48.678259,2782.608695652174
2023-723778,2023-12-15,2023,232205.0,Maison,76.0,5.0,54100.0,6.141449,48.70078,3055.3289473684213
2023-723799,2023-12-14,2023,52300.0,Appartement,32.0,2.0,54000.0,6.1739,48.704951,1634.375
2023-723804,2023-12-14,2023,62000.0,Appartement,25.0,1.0,54000.0,6.15914,48.696664,2480.0
2023-723806,2023-12-15,2023,60000.0,Appartement,41.0,2.0,54000.0,6.167067,48.685403,1463.4146341463415
2023-723809,2023-12-28,2023,35000.0,Appartement,13.0,1.0,54000.0,6.192183,48.696534,2692.3076923076924
2023-723810,2023-12-20,2023,90000.0,Appartement,60.0,2.0,54000.0,6.177809,48.685124,1500.0
2023-723819,2023-12-22,2023,390000.0,Appartement,70.0,3.0,54000.0,6.177553,48.702796,5571.428571428572
2023-723823,2023-12-29,2023,356250.0,Appartement,95.0,4.0,54000.0,6.199255,48.692269,3750.0
2023-723827,2023-12-20,2023,187000.0,Appartement,83.0,4.0,54000.0,6.15512,48.690386,2253.012048192771
2023-723839,2023-12-15,2023,375250.0,Appartement,124.0,4.0,54000.0,6.191821,48.683608,3026.2096774193546
2023-723844,2023-12-28,2023,95000.0,Appartement,48.0,2.0,54000.0,6.166868,48.688156,1979.1666666666667
2023-723846,2023-12-21,2023,50000.0,Appartement,25.0,1.0,54000.0,6.158498,48.69836,2000.0
2023-723847,2023-12-29,2023,650000.0,Appartement,70.0,3.0,54000.0,6.167884,48.690458,9285.714285714286
2023-723855,2023-12-21,2023,150000.0,Appartement,62.0,3.0,54000.0,6.177687,48.702925,2419.3548387096776
2023-723856,2023-12-29,2023,85500.0,Appartement,39.0,2.0,54000.0,6.165551,48.673683,2192.3076923076924
2023-723867,2023-12-29,2023,156750.0,Appartement,74.0,5.0,54000.0,6.165972,48.701271,2118.2432432432433
2023-723875,2023-11-30,2023,70000.0,Maison,70.0,2.0,54000.0,6.167414,48.67443,1000.0
2023-723888,2023-12-20,2023,315000.0,Maison,55.0,2.0,54000.0,6.200585,48.683605,5727.272727272727
2023-723890,2023-12-27,2023,90000.0,Appartement,48.0,2.0,54000.0,6.166127,48.700467,1875.0
2023-723893,2023-12-22,2023,165000.0,Appartement,109.0,6.0,54000.0,6.173208,48.705742,1513.7614678899083
2023-723919,2023-12-15,2023,189900.0,Appartement,87.0,3.0,54000.0,6.179182,48.687711,2182.7586206896553
2023-723926,2023-12-19,2023,99000.0,Maison,66.0,4.0,54100.0,6.156172,48.704372,1500.0
2023-723927,2023-12-15,2023,279500.0,Maison,98.0,4.0,54000.0,6.177227,48.708488,2852.0408163265306
2023-723929,2023-12-15,2023,181000.0,Appartement,84.0,3.0,54000.0,6.174757,48.679565,2154.7619047619046
2023-723932,2023-12-18,2023,201000.0,Appartement,94.0,3.0,54000.0,6.170734,48.687071,2138.2978723404253
2023-723936,2023-12-18,2023,134500.0,Appartement,85.0,4.0,54000.0,6.179435,48.682157,1582.3529411764705
2023-723937,2023-12-19,2023,98000.0,Appartement,33.0,2.0,54000.0,6.188795,48.690016,2969.6969696969695
2023-723940,2023-12-18,2023,351750.0,Appartement,150.0,5.0,54000.0,6.17031,48.691192,2345.0
2023-723947,2023-12-22,2023,80000.0,Appartement,54.0,3.0,54000.0,6.158927,48.690216,1481.4814814814815
2023-723984,2023-12-18,2023,49000.0,Appartement,28.0,1.0,54000.0,6.1951,48.681512,1750.0
2023-723990,2023-12-26,2023,120000.0,Appartement,61.0,2.0,54000.0,6.196976,48.681397,1967.2131147540983
2023-724024,2023-12-29,2023,120650.0,Appartement,67.0,4.0,54000.0,6.158927,48.690216,1800.7462686567164
2023-724029,2023-12-29,2023,52300.0,Appartement,19.0,1.0,54000.0,6.160346,48.687713,2752.6315789473683
2023-724038,2023-12-22,2023,350000.0,Appartement,109.0,4.0,54000.0,6.164392,48.699297,3211.0091743119265
2023-724045,2023-12-21,2023,158100.0,Appartement,70.0,3.0,54000.0,6.174773,48.684253,2258.5714285714284
2023-724090,2023-12-22,2023,124640.0,Maison,90.0,4.0,54000.0,6.195103,48.678648,1384.888888888889
2023-724100,2023-12-13,2023,166250.0,Appartement,85.0,5.0,54000.0,6.161941,48.692737,1955.8823529411766
2023-724105,2023-12-29,2023,138000.0,Appartement,55.0,3.0,54000.0,6.163194,48.682937,2509.090909090909
2023-724114,2023-12-18,2023,380000.0,Appartement,140.0,6.0,54000.0,6.170304,48.696314,2714.285714285714
2023-724118,2023-12-20,2023,70000.0,Appartement,27.0,1.0,54000.0,6.168569,48.682511,2592.5925925925926
2023-724151,2023-12-22,2023,80000.0,Appartement,44.0,2.0,54000.0,6.179124,48.684141,1818.1818181818182
2023-724168,2023-12-14,2023,65850.0,Appartement,27.0,1.0,54000.0,6.177605,48.684528,2438.8888888888887
2023-724176,2023-12-29,2023,360000.0,Appartement,135.0,5.0,54000.0,6.172421,48.687685,2666.6666666666665
2023-724177,2023-12-22,2023,329000.0,Appartement,107.0,4.0,54000.0,6.195077,48.69319,3074.766355140187
2023-724203,2023-12-27,2023,410000.0,Appartement,72.0,4.0,54000.0,6.191223,48.696134,5694.444444444444
2023-724209,2023-12-29,2023,100000.0,Appartement,76.0,5.0,54000.0,6.138996,48.691142,1315.7894736842106
2023-724211,2023-12-18,2023,105100.0,Appartement,52.0,3.0,54000.0,6.158927,48.690216,2021.1538461538462
2023-724239,2023-12-20,2023,137750.0,Appartement,82.0,4.0,54000.0,6.165972,48.701271,1679.878048780488
2023-724253,2023-12-23,2023,161500.0,Appartement,72.0,3.0,54000.0,6.180034,48.687951,2243.0555555555557
2023-724270,2023-12-27,2023,116000.0,Appartement,45.0,2.0,54000.0,6.179964,48.691323,2577.777777777778
2023-724282,2023-12-21,2023,47000.0,Appartement,15.0,1.0,54000.0,6.177234,48.682528,3133.3333333333335
2023-724285,2023-12-29,2023,140225.0,Appartement,57.0,2.0,54000.0,6.196976,48.681397,2460.0877192982457
2023-724303,2023-12-28,2023,68000.0,Appartement,43.0,1.0,54000.0,6.175526,48.679211,1581.3953488372092
2023-724316,2023-12-29,2023,340000.0,Maison,104.0,4.0,54000.0,6.160501,48.686899,3269.230769230769
2023-724323,2023-12-20,2023,1050000.0,Appartement,92.0,4.0,54000.0,6.198413,48.692999,11413.04347826087
2023-724327,2023-12-29,2023,49210.0,Appartement,16.0,1.0,54000.0,6.175609,48.692208,3075.625
2023-724328,2023-12-29,2023,52250.0,Appartement,23.0,1.0,54000.0,6.175609,48.692208,2271.7391304347825
2023-724334,2023-12-27,2023,23333.33,Appartement,20.0,1.0,54000.0,6.173187,48.680719,1166.6665
2023-724368,2023-12-22,2023,95950.0,Appartement,45.0,2.0,54000.0,6.164602,48.683648,2132.222222222222
2023-724385,2023-12-22,2023,902500.0,Appartement,62.0,3.0,54000.0,6.175756,48.680523,14556.451612903225
2023-724415,2023-12-29,2023,100000.0,Appartement,66.0,4.0,54000.0,6.1488,48.691485,1515.1515151515152
2023-724460,2023-12-29,2023,250000.0,Maison,136.0,5.0,54000.0,6.139448,48.694824,1838.235294117647
2023-724485,2023-12-28,2023,57000.0,Appartement,23.0,2.0,54000.0,6.175252,48.70216,2478.2608695652175
2023-724512,2023-12-15,2023,66000.0,Appartement,41.0,2.0,54000.0,6.15794,48.699285,1609.7560975609756
2023-724519,2023-12-28,2023,108000.0,Appartement,36.0,2.0,54000.0,6.191222,48.686228,3000.0
2023-724520,2023-12-22,2023,136500.0,Appartement,32.0,1.0,54000.0,6.195113,48.685387,4265.625
2023-724521,2023-12-22,2023,87900.0,Appartement,27.0,2.0,54000.0,6.195113,48.685387,3255.5555555555557
2023-724536,2023-11-13,2023,134000.0,Maison,67.0,1.0,54000.0,6.154715,48.689398,2000.0
2023-724541,2023-12-27,2023,93800.0,Appartement,40.0,2.0,54000.0,6.172475,48.704101,2345.0
2023-724557,2023-12-22,2023,210000.0,Appartement,95.0,4.0,54000.0,6.175338,48.683945,2210.5263157894738
2023-724561,2023-10-19,2023,355000.0,Maison,165.0,8.0,54000.0,6.166013,48.699711,2151.5151515151515
2024-638341,2024-01-02,2024,156500.0,Appartement,73.0,3.0,54000.0,6.181356,48.700174,2143.8356164383563
2024-638343,2024-01-03,2024,365840.0,Appartement,120.0,5.0,54000.0,6.190043,48.696477,3048.6666666666665
2024-638346,2024-01-04,2024,222850.0,Appartement,86.0,4.0,54000.0,6.179748,48.68322,2591.279069767442
2024-638360,2024-01-08,2024,233000.0,Appartement,120.0,5.0,54000.0,6.183947,48.680903,1941.6666666666667
2024-638385,2024-01-08,2024,165000.0,Appartement,77.0,4.0,54000.0,6.195302,48.684546,2142.8571428571427
2024-638388,2024-01-05,2024,115425.0,Appartement,38.0,2.0,54000.0,6.182847,48.692347,3037.5
2024-638397,2024-01-03,2024,680000.0,Maison,250.0,10.0,54000.0,6.171303,48.702897,2720.0
2024-638400,2024-01-10,2024,96000.0,Appartement,37.0,2.0,54000.0,6.179458,48.683993,2594.5945945945946
2024-638401,2024-01-09,2024,141800.0,Appartement,90.0,4.0,54000.0,6.172437,48.677819,1575.5555555555557
2024-638409,2024-01-16,2024,216000.0,Appartement,77.0,3.0,54000.0,6.172266,48.701981,2805.194805194805
2024-638410,2024-01-16,2024,186050.0,Appartement,78.0,3.0,54000.0,6.180601,48.699534,2385.25641025641
2024-638414,2024-01-11,2024,46550.0,Appartement,27.0,1.0,54000.0,6.198774,48.678259,1724.0740740740741
2024-638451,2024-01-09,2024,38000.0,Appartement,38.0,1.0,54000.0,6.196489,48.67866,1000.0
2024-638452,2024-01-02,2024,86000.0,Appartement,14.0,1.0,54000.0,6.180244,48.67922,6142.857142857143
2024-638467,2024-01-12,2024,40000.0,Appartement,63.0,3.0,54000.0,6.187977,48.684141,634.9206349206349
2024-638484,2024-01-03,2024,111600.0,Appartement,100.0,4.0,54000.0,6.181427,48.680649,1116.0
2024-638485,2024-01-04,2024,141500.0,Appartement,86.0,4.0,54000.0,6.180034,48.687951,1645.3488372093022
2024-638489,2024-01-10,2024,107000.0,Appartement,51.0,2.0,54000.0,6.194468,48.679796,2098.0392156862745
2024-638507,2024-01-15,2024,466175.0,Appartement,38.0,2.0,54000.0,6.177049,48.676368,12267.763157894737
2024-638520,2024-01-11,2024,127000.0,Appartement,76.0,4.0,54000.0,6.187696,48.681155,1671.0526315789473
2024-638521,2024-01-12,2024,174000.0,Appartement,62.0,3.0,54000.0,6.171793,48.682942,2806.451612903226
2024-638528,2024-01-05,2024,83333.0,Appartement,74.0,3.0,54000.0,6.192456,48.689562,1126.1216216216217
2024-638531,2024-01-05,2024,107000.0,Appartement,82.0,4.0,54000.0,6.164222,48.682238,1304.878048780488
2024-638543,2024-01-10,2024,213300.0,Appartement,82.0,4.0,54000.0,6.177428,48.682256,2601.2195121951218
2024-638564,2024-01-19,2024,152000.0,Appartement,83.0,3.0,54000.0,6.179884,48.679794,1831.3253012048192
2024-638567,2024-01-15,2024,39600.0,Appartement,13.0,1.0,54000.0,6.192272,48.691777,3046.153846153846
2024-638574,2024-01-08,2024,161000.0,Appartement,82.0,4.0,54000.0,6.164346,48.681649,1963.4146341463415
2024-638582,2024-01-15,2024,256400.0,Appartement,87.0,3.0,54000.0,6.184925,48.691788,2947.1264367816093
2024-638583,2024-01-04,2024,70020.0,Appartement,28.0,1.0,54000.0,6.181428,48.687036,2500.714285714286
2024-638590,2024-01-23,2024,69600.0,Appartement,28.0,1.0,54000.0,6.173686,48.677579,2485.714285714286
2024-638597,2024-01-22,2024,125000.0,Appartement,50.0,2.0,54000.0,6.19208,48.696568,2500.0
2024-638605,2024-01-15,2024,51000.0,Appartement,22.0,1.0,54000.0,6.173986,48.688168,2318.181818181818
2024-638614,2024-01-23,2024,440250.0,Appartement,149.0,5.0,54000.0,6.170553,48.695535,2954.6979865771814
2024-638618,2024-01-03,2024,55150.0,Appartement,19.0,1.0,54000.0,6.193702,48.689115,2902.6315789473683
2024-638623,2024-01-11,2024,176600.0,Appartement,62.0,3.0,54000.0,6.177865,48.683962,2848.3870967741937
2024-638634,2024-01-24,2024,200000.0,Appartement,125.0,6.0,54000.0,6.167246,48.694755,1600.0
2024-638641,2024-01-12,2024,245500.0,Appartement,82.0,4.0,54000.0,6.166433,48.681676,2993.9024390243903
2024-638645,2024-01-04,2024,85550.0,Appartement,50.0,2.0,54000.0,6.163007,48.679244,1711.0
2024-638647,2024-01-23,2024,146000.0,Appartement,52.0,3.0,54000.0,6.182413,48.700885,2807.6923076923076
2024-638650,2024-01-22,2024,149150.0,Appartement,83.0,3.0,54000.0,6.187584,48.685648,1796.987951807229
2024-638652,2024-01-26,2024,68050.0,Appartement,18.0,1.0,54000.0,6.173917,48.701632,3780.5555555555557
2024-638657,2024-01-25,2024,100000.0,Appartement,83.0,4.0,54000.0,6.159554,48.685197,1204.8192771084337
2024-638663,2024-01-11,2024,85000.0,Maison,70.0,2.0,54000.0,6.167414,48.67443,1214.2857142857142
2024-638666,2024-01-11,2024,127800.0,Appartement,106.0,4.0,54000.0,6.179182,48.687711,1205.6603773584907
2024-638674,2024-01-26,2024,108370.0,Appartement,46.0,2.0,54000.0,6.193971,48.689742,2355.8695652173915
2024-638696,2024-01-29,2024,92000.0,Appartement,36.0,2.0,54000.0,6.17867,48.702968,2555.5555555555557
2024-638702,2024-01-25,2024,266000.0,Appartement,75.0,4.0,54000.0,6.194997,48.695185,3546.6666666666665
2024-638707,2024-01-15,2024,93100.0,Appartement,40.0,1.0,54000.0,6.19121,48.686081,2327.5
2024-638709,2024-01-26,2024,104950.0,Appartement,62.0,3.0,54000.0,6.158365,48.696716,1692.741935483871
2024-638713,2024-01-29,2024,154350.0,Appartement,99.0,5.0,54000.0,6.175249,48.67664,1559.090909090909
2024-638714,2024-01-22,2024,109500.0,Appartement,71.0,3.0,54000.0,6.188545,48.683168,1542.2535211267605
2024-638722,2024-01-19,2024,156750.0,Appartement,66.0,2.0,54000.0,6.167939,48.689465,2375.0
2024-638732,2024-01-15,2024,310000.0,Appartement,104.0,4.0,54000.0,6.167939,48.689465,2980.769230769231
2024-638733,2024-01-16,2024,289100.0,Appartement,110.0,4.0,54000.0,6.17996,48.690473,2628.181818181818
2024-638735,2024-01-24,2024,133000.0,Appartement,47.0,2.0,54000.0,6.156113,48.69747,2829.7872340425533
2024-638737,2024-01-23,2024,147750.0,Appartement,70.0,5.0,54000.0,6.139703,48.692985,2110.714285714286
2024-638742,2024-01-25,2024,304250.0,Maison,125.0,6.0,54000.0,6.168305,48.684664,2434.0
2024-638747,2024-01-25,2024,119000.0,Appartement,41.0,1.0,54000.0,6.176784,48.680477,2902.439024390244
2024-638762,2024-01-12,2024,105000.0,Appartement,68.0,3.0,54000.0,6.186336,48.678773,1544.1176470588234
2024-638766,2024-01-03,2024,293000.0,Maison,110.0,4.0,54000.0,6.16261,48.688076,2663.6363636363635
2024-638769,2024-01-10,2024,245650.0,Maison,85.0,5.0,54000.0,6.148933,48.697956,2890.0
2024-638777,2024-01-29,2024,58000.0,Appartement,28.0,2.0,54000.0,6.177663,48.694922,2071.4285714285716
2024-638794,2024-01-30,2024,182000.0,Maison,60.0,3.0,54000.0,6.156,48.692225,3033.3333333333335
2024-638801,2024-01-10,2024,137000.0,Appartement,65.0,3.0,54000.0,6.176435,48.674031,2107.6923076923076
2024-638804,2024-01-04,2024,147250.0,Appartement,99.0,4.0,54000.0,6.168021,48.668771,1487.3737373737374
2024-638823,2024-01-30,2024,104800.0,Appartement,52.0,2.0,54000.0,6.179447,48.702447,2015.3846153846155
2024-638834,2024-01-30,2024,72400.0,Appartement,46.0,2.0,54000.0,6.189266,48.687713,1573.9130434782608
2024-638855,2024-02-01,2024,78000.0,Appartement,30.0,1.0,54000.0,6.162688,48.698194,2600.0
2024-638859,2024-01-05,2024,102000.0,Appartement,50.0,3.0,54000.0,6.176054,48.680127,2040.0
2024-638860,2024-01-03,2024,218000.0,Appartement,166.0,7.0,54000.0,6.178607,48.701105,1313.2530120481927
2024-638863,2024-01-24,2024,179000.0,Appartement,82.0,4.0,54000.0,6.186963,48.683864,2182.9268292682927
2024-638868,2024-02-02,2024,350730.0,Maison,90.0,4.0,54000.0,6.170195,48.675758,3897.0
2024-638869,2024-01-31,2024,70500.0,Appartement,50.0,1.0,54000.0,6.188863,48.690027,1410.0
2024-638871,2024-02-02,2024,114000.0,Appartement,98.0,3.0,54000.0,6.167684,48.683197,1163.265306122449
2024-638876,2024-01-26,2024,127500.0,Appartement,74.0,3.0,54000.0,6.187911,48.687124,1722.972972972973
2024-638877,2024-01-26,2024,117800.0,Appartement,42.0,3.0,54000.0,6.159604,48.687075,2804.7619047619046
2024-638881,2024-02-05,2024,127750.0,Appartement,72.0,3.0,54000.0,6.180034,48.687951,1774.3055555555557
2024-638886,2024-01-24,2024,118000.0,Appartement,38.0,2.0,54000.0,6.163276,48.681302,3105.2631578947367
2024-638888,2024-01-22,2024,98700.0,Appartement,50.0,2.0,54000.0,6.170477,48.687683,1974.0
2024-638919,2024-01-19,2024,232000.0,Appartement,85.0,4.0,54000.0,6.167071,48.688795,2729.4117647058824
2024-638931,2024-01-18,2024,60700.0,Appartement,27.0,1.0,54000.0,6.185613,48.687891,2248.1481481481483
2024-638933,2024-01-26,2024,105580.0,Appartement,46.0,2.0,54000.0,6.194044,48.690495,2295.217391304348
2024-638934,2024-01-12,2024,154070.0,Appartement,96.0,5.0,54000.0,6.190748,48.69219,1604.8958333333333
2024-638935,2024-01-29,2024,57000.0,Appartement,20.0,1.0,54000.0,6.180512,48.682182,2850.0
2024-638938,2024-01-26,2024,60000.0,Appartement,35.0,1.0,54000.0,6.198534,48.676884,1714.2857142857142
2024-638940,2024-01-24,2024,66500.0,Appartement,27.0,2.0,54000.0,6.176263,48.683808,2462.962962962963
2024-638980,2024-01-09,2024,219464.0,Appartement,101.0,5.0,54000.0,6.165218,48.681719,2172.910891089109
2024-638981,2024-01-11,2024,255500.0,Appartement,78.0,3.0,54000.0,6.198411,48.698653,3275.641025641026
2024-638992,2024-02-02,2024,273900.0,Maison,67.0,4.0,54000.0,6.162706,48.682095,4088.0597014925374
2024-638993,2024-01-31,2024,75000.0,Appartement,27.0,2.0,54000.0,6.179285,48.696761,2777.777777777778
2024-638994,2024-01-31,2024,76430.0,Appartement,27.0,2.0,54000.0,6.179285,48.696761,2830.740740740741
2024-638996,2024-02-02,2024,70200.0,Appartement,32.0,1.0,54000.0,6.191515,48.698634,2193.75
2024-639002,2024-01-24,2024,80000.0,Appartement,28.0,1.0,54000.0,6.168911,48.702387,2857.1428571428573
2024-639030,2024-02-06,2024,90000.0,Maison,66.0,4.0,54100.0,6.156608,48.704224,1363.6363636363637
2024-639032,2024-02-02,2024,83000.0,Appartement,30.0,1.0,54000.0,6.195113,48.685387,2766.6666666666665
2024-639039,2024-01-15,2024,130000.0,Appartement,86.0,5.0,54000.0,6.168802,48.670728,1511.6279069767443
2024-639045,2024-01-26,2024,119000.0,Appartement,69.0,2.0,54000.0,6.18762,48.680442,1724.6376811594203
2024-639050,2024-02-05,2024,160000.0,Appartement,83.0,4.0,54000.0,6.175638,48.675925,1927.710843373494
2024-639054,2024-02-02,2024,64000.0,Appartement,21.0,1.0,54000.0,6.195113,48.685387,3047.6190476190477
2024-639072,2024-02-06,2024,125000.0,Appartement,95.0,3.0,54000.0,6.170004,48.689679,1315.7894736842106
2024-639104,2024-01-25,2024,54000.0,Appartement,22.0,1.0,54000.0,6.172866,48.686997,2454.5454545454545
2024-639105,2024-01-16,2024,175000.0,Appartement,72.0,3.0,54000.0,6.171331,48.686926,2430.5555555555557
2024-639123,2024-01-30,2024,103000.0,Appartement,81.0,4.0,54000.0,6.175249,48.67664,1271.6049382716049
2024-639124,2024-01-31,2024,766450.0,Appartement,224.0,8.0,54000.0,6.168902,48.69244,3421.651785714286
2024-639127,2024-02-08,2024,114500.0,Appartement,52.0,3.0,54000.0,6.16806,48.688098,2201.923076923077
2024-639129,2024-02-06,2024,58000.0,Appartement,17.0,1.0,54000.0,6.184468,48.686766,3411.764705882353
2024-639133,2024-02-09,2024,160000.0,Appartement,71.0,4.0,54000.0,6.187172,48.692604,2253.521126760563
2024-639134,2024-01-26,2024,134500.0,Appartement,61.0,3.0,54000.0,6.201619,48.686386,2204.9180327868853
2024-639155,2024-01-12,2024,45000.0,Appartement,30.0,2.0,54000.0,6.194044,48.690495,1500.0
2024-639182,2024-01-24,2024,185660.0,Appartement,93.0,5.0,54000.0,6.180889,48.701934,1996.3440860215053
2024-639183,2024-02-05,2024,74500.0,Appartement,30.0,2.0,54000.0,6.194044,48.690495,2483.3333333333335
2024-639199,2024-02-09,2024,780000.0,Appartement,97.0,4.0,54000.0,6.182565,48.688345,8041.237113402062
2024-639200,2024-01-26,2024,118500.0,Appartement,50.0,4.0,54000.0,6.174163,48.702123,2370.0
2024-639201,2024-01-25,2024,250000.0,Appartement,40.0,2.0,54000.0,6.162378,48.699885,6250.0
2024-639232,2024-02-07,2024,86450.0,Appartement,67.0,4.0,54000.0,6.158927,48.690216,1290.2985074626865
2024-639233,2024-02-08,2024,250000.0,Appartement,87.0,3.0,54000.0,6.18948,48.690863,2873.5632183908046
2024-639262,2024-02-02,2024,100000.0,Appartement,76.0,3.0,54000.0,6.168352,48.699478,1315.7894736842106
2024-639263,2024-02-13,2024,392000.0,Appartement,169.0,5.0,54000.0,6.175199,48.699365,2319.526627218935
2024-639271,2024-01-31,2024,115000.0,Appartement,26.0,1.0,54000.0,6.166214,48.684257,4423.076923076923
2024-639299,2024-02-12,2024,160360.0,Appartement,61.0,3.0,54000.0,6.18708,48.694986,2628.8524590163934
2024-639301,2024-01-30,2024,106400.0,Appartement,37.0,2.0,54000.0,6.163655,48.676308,2875.675675675676
2024-639305,2024-01-16,2024,250000.0,Maison,113.0,3.0,54000.0,6.170042,48.70538,2212.3893805309735
2024-639306,2024-02-14,2024,405000.0,Appartement,30.0,2.0,54000.0,6.160096,48.690123,13500.0
2024-639309,2024-02-02,2024,62000.0,Appartement,26.0,1.0,54000.0,6.193984,48.686094,2384.6153846153848
2024-639311,2024-02-13,2024,63300.0,Appartement,10.0,1.0,54000.0,6.169953,48.699279,6330.0
2024-639333,2024-02-01,2024,71500.0,Appartement,52.0,2.0,54000.0,6.194022,48.697908,1375.0
2024-639343,2024-02-09,2024,140000.0,Appartement,76.0,3.0,54000.0,6.170191,48.704318,1842.1052631578948
2024-639346,2024-02-02,2024,432000.0,Appartement,113.0,5.0,54000.0,6.18978,48.690654,3823.008849557522
2024-639376,2024-02-06,2024,77000.0,Appartement,37.0,2.0,54000.0,6.184382,48.688454,2081.0810810810813
2024-639379,2024-02-15,2024,36200.0,Appartement,27.0,2.0,54000.0,6.181777,48.700638,1340.7407407407406
2024-639391,2024-01-30,2024,210100.0,Maison,81.0,5.0,54000.0,6.163698,48.696168,2593.8271604938273
2024-639392,2024-02-16,2024,350000.0,Appartement,116.0,5.0,54000.0,6.1707,48.694071,3017.2413793103447
2024-639399,2024-02-06,2024,300800.0,Maison,90.0,3.0,54000.0,6.163142,48.682489,3342.222222222222
2024-639407,2024-02-07,2024,47800.0,Appartement,22.0,1.0,54000.0,6.176383,48.698726,2172.7272727272725
2024-639408,2024-01-31,2024,238800.0,Maison,70.0,3.0,54000.0,6.173577,48.683866,3411.4285714285716
2024-639413,2024-01-31,2024,100000.0,Appartement,30.0,1.0,54000.0,6.173187,48.680719,3333.3333333333335
2024-639423,2024-02-13,2024,157000.0,Appartement,59.0,2.0,54000.0,6.187272,48.678672,2661.0169491525426
2024-639432,2024-02-15,2024,115000.0,Appartement,52.0,2.0,54000.0,6.196489,48.67866,2211.5384615384614
2024-639434,2024-02-09,2024,129000.0,Appartement,61.0,3.0,54000.0,6.187155,48.682497,2114.754098360656
2024-639459,2024-02-01,2024,79800.0,Appartement,33.0,2.0,54000.0,6.16651,48.702355,2418.181818181818
2024-639502,2024-02-06,2024,112000.0,Appartement,74.0,4.0,54000.0,6.150703,48.696011,1513.5135135135135
2024-639504,2024-02-02,2024,975000.0,Maison,168.0,8.0,54000.0,6.179683,48.701865,5803.571428571428
2024-639546,2024-02-14,2024,76850.0,Appartement,30.0,1.0,54000.0,6.177142,48.679687,2561.6666666666665
2024-639602,2024-02-13,2024,30000.0,Appartement,35.0,2.0,54000.0,6.16386,48.684724,857.1428571428571
2024-639609,2024-02-20,2024,460000.0,Appartement,139.0,4.0,54000.0,6.175895,48.682251,3309.3525179856115
2024-639610,2024-01-26,2024,173850.0,Appartement,120.0,3.0,54000.0,6.179483,48.674501,1448.75
2024-639623,2024-02-16,2024,131000.0,Appartement,75.0,4.0,54000.0,6.150703,48.696011,1746.6666666666667
2024-639625,2024-02-21,2024,125000.0,Appartement,65.0,3.0,54000.0,6.177417,48.681771,1923.076923076923
2024-639627,2024-02-09,2024,306850.0,Appartement,131.0,5.0,54000.0,6.168109,48.695998,2342.3664122137407
2024-639628,2024-01-25,2024,111900.0,Appartement,106.0,4.0,54000.0,6.180247,48.686793,1055.6603773584907
2024-639650,2024-02-20,2024,253000.0,Appartement,119.0,5.0,54000.0,6.154596,48.69862,2126.0504201680674
2024-639654,2024-02-21,2024,430000.0,Maison,145.0,6.0,54000.0,6.166919,48.68441,2965.5172413793102
2024-639671,2024-02-16,2024,104800.0,Appartement,46.0,2.0,54000.0,6.172842,48.685197,2278.2608695652175
2024-639682,2024-02-27,2024,128000.0,Appartement,52.0,2.0,54000.0,6.185874,48.685856,2461.5384615384614
2024-639684,2024-02-26,2024,50500.0,Appartement,23.0,1.0,54000.0,6.145376,48.692202,2195.6521739130435
2024-639687,2024-02-16,2024,125000.0,Appartement,57.0,3.0,54000.0,6.169001,48.697906,2192.9824561403507
2024-639692,2024-02-16,2024,107300.0,Appartement,52.0,2.0,54000.0,6.194277,48.680453,2063.4615384615386
2024-639694,2024-01-22,2024,36000.0,Appartement,40.0,2.0,54000.0,6.16386,48.684724,900.0
2024-639712,2024-02-16,2024,185000.0,Appartement,74.0,3.0,54000.0,6.172216,48.697357,2500.0
2024-639713,2024-02-12,2024,152500.0,Appartement,76.0,4.0,54000.0,6.164573,48.673701,2006.578947368421
2024-639716,2024-02-13,2024,34200.0,Appartement,22.0,2.0,54000.0,6.180131,48.683783,1554.5454545454545
2024-639717,2024-02-21,2024,35600.0,Appartement,26.0,1.0,54000.0,6.195526,48.696701,1369.2307692307693
2024-639720,2024-02-26,2024,166600.0,Appartement,64.0,3.0,54000.0,6.161923,48.686333,2603.125
2024-639727,2024-02-26,2024,115000.0,Appartement,50.0,2.0,54000.0,6.155053,48.688749,2300.0
2024-639740,2024-02-29,2024,116850.0,Appartement,80.0,2.0,54000.0,6.186956,48.687554,1460.625
2024-639766,2024-02-23,2024,95000.0,Appartement,52.0,2.0,54000.0,6.151985,48.697876,1826.923076923077
2024-639775,2024-02-06,2024,148000.0,Appartement,48.0,2.0,54000.0,6.178287,48.676321,3083.3333333333335
2024-639801,2024-02-20,2024,102393.45,Appartement,53.0,2.0,54000.0,6.167247,48.691696,1931.9518867924528
2024-639807,2024-02-22,2024,14250.0,Appartement,12.0,1.0,54000.0,6.186956,48.687554,1187.5
2024-639808,2024-02-08,2024,174000.0,Appartement,68.0,3.0,54000.0,6.199403,48.69822,2558.823529411765
2024-639816,2024-02-19,2024,209800.0,Maison,50.0,3.0,54000.0,6.198902,48.689774,4196.0
2024-639819,2024-02-14,2024,124800.0,Appartement,74.0,4.0,54000.0,6.150703,48.696011,1686.4864864864865
2024-639828,2024-02-23,2024,67000.0,Appartement,22.0,1.0,54000.0,6.186522,48.689636,3045.4545454545455
2024-639829,2024-02-23,2024,45000.0,Appartement,22.0,1.0,54000.0,6.186522,48.689636,2045.4545454545455
2024-639831,2024-02-23,2024,92000.0,Appartement,32.0,1.0,54000.0,6.186522,48.689636,2875.0
2024-639860,2024-02-24,2024,59900.0,Appartement,23.0,1.0,54000.0,6.178456,48.675451,2604.3478260869565
2024-639868,2024-02-23,2024,58500.0,Appartement,22.0,1.0,54000.0,6.167096,48.699082,2659.090909090909
2024-639878,2024-02-16,2024,190000.0,Appartement,77.0,4.0,54000.0,6.197891,48.677125,2467.5324675324673
2024-639883,2024-03-01,2024,115000.0,Appartement,47.0,3.0,54000.0,6.178619,48.69833,2446.808510638298
2024-639886,2024-02-14,2024,139089.0,Appartement,88.0,4.0,54000.0,6.172975,48.678043,1580.5568181818182
2024-639892,2024-03-01,2024,56510.0,Appartement,33.0,2.0,54000.0,6.166775,48.702017,1712.4242424242425
2024-639902,2024-02-21,2024,226000.0,Appartement,90.0,5.0,54000.0,6.16603,48.677465,2511.1111111111113
2024-639968,2024-02-28,2024,123000.0,Appartement,69.0,3.0,54000.0,6.170177,48.682371,1782.608695652174
2024-639969,2024-02-16,2024,238000.0,Appartement,86.0,3.0,54000.0,6.199346,48.698101,2767.4418604651164
2024-639977,2024-02-13,2024,69012.0,Appartement,67.0,4.0,54000.0,6.158927,48.690216,1030.0298507462687
2024-639978,2024-02-19,2024,540000.0,Appartement,36.0,2.0,54000.0,6.165402,48.674041,15000.0
2024-639979,2024-02-15,2024,195000.0,Appartement,61.0,3.0,54000.0,6.173045,48.700581,3196.72131147541
2024-639990,2024-02-26,2024,305000.0,Appartement,96.0,2.0,54000.0,6.181341,48.694469,3177.0833333333335
2024-639992,2024-02-19,2024,122000.0,Appartement,69.0,3.0,54000.0,6.196493,48.678279,1768.1159420289855
2024-640000,2024-02-29,2024,85500.0,Appartement,61.0,3.0,54000.0,6.161941,48.692737,1401.639344262295
2024-640001,2024-02-27,2024,864000.0,Appartement,65.0,3.0,54000.0,6.179363,48.700797,13292.307692307691
2024-640019,2024-02-21,2024,82200.0,Appartement,56.0,3.0,54000.0,6.184535,48.676275,1467.857142857143
2024-640021,2024-03-05,2024,135000.0,Appartement,58.0,2.0,54000.0,6.186522,48.689636,2327.5862068965516
2024-640022,2024-02-21,2024,130000.0,Appartement,70.0,3.0,54000.0,6.200865,48.699118,1857.142857142857
2024-640039,2024-02-29,2024,158175.0,Appartement,74.0,3.0,54000.0,6.166106,48.703407,2137.5
2024-640042,2024-02-22,2024,133000.0,Appartement,67.0,2.0,54000.0,6.181921,48.690891,1985.0746268656717
2024-640065,2024-02-20,2024,112000.0,Appartement,48.0,3.0,54000.0,6.155515,48.689048,2333.3333333333335
2024-640071,2024-03-04,2024,51300.0,Appartement,20.0,1.0,54000.0,6.167096,48.699082,2565.0
2024-640080,2024-02-12,2024,120186.0,Appartement,38.0,1.0,54000.0,6.16781,48.685702,3162.7894736842104
2024-640090,2024-02-22,2024,48000.0,Appartement,24.0,1.0,54000.0,6.196439,48.680481,2000.0
2024-640094,2024-03-11,2024,135000.0,Appartement,83.0,3.0,54000.0,6.16691,48.688991,1626.5060240963855
2024-640098,2024-03-12,2024,273000.0,Appartement,143.0,5.0,54000.0,6.171747,48.695764,1909.090909090909
2024-640110,2024-03-01,2024,227500.0,Appartement,60.0,4.0,54000.0,6.160813,48.68977,3791.6666666666665
2024-640136,2024-03-06,2024,82000.0,Appartement,46.0,2.0,54000.0,6.1951,48.681512,1782.608695652174
2024-640165,2024-02-22,2024,90000.0,Appartement,57.0,3.0,54000.0,6.158365,48.696716,1578.9473684210527
2024-640175,2024-02-22,2024,75000.0,Appartement,30.0,1.0,54000.0,6.173692,48.703153,2500.0
2024-640178,2024-03-08,2024,458000.0,Appartement,178.0,6.0,54000.0,6.172699,48.682191,2573.0337078651687
2024-640199,2024-02-21,2024,148000.0,Appartement,58.0,2.0,54000.0,6.183375,48.691456,2551.7241379310344
2024-640202,2024-02-26,2024,220000.0,Appartement,79.0,3.0,54000.0,6.155053,48.688749,2784.8101265822784
2024-640207,2024-02-16,2024,121150.0,Appartement,43.0,2.0,54000.0,6.194751,48.684602,2817.4418604651164
2024-640222,2024-03-01,2024,78600.0,Appartement,38.0,1.0,54000.0,6.187584,48.685648,2068.4210526315787
2024-640229,2024-02-17,2024,74000.0,Appartement,29.0,1.0,54000.0,6.191489,48.698577,2551.7241379310344
2024-640239,2024-02-26,2024,174000.0,Maison,60.0,3.0,54000.0,6.196953,48.688476,2900.0
2024-640240,2024-03-14,2024,129950.0,Appartement,65.0,2.0,54000.0,6.179847,48.674208,1999.2307692307693
2024-640241,2024-03-14,2024,256500.0,Maison,119.0,5.0,54000.0,6.177016,48.70708,2155.4621848739494
2024-640248,2024-02-23,2024,161500.0,Appartement,70.0,2.0,54000.0,6.191588,48.688442,2307.1428571428573
2024-640254,2024-03-12,2024,240050.0,Appartement,117.0,4.0,54000.0,6.192007,48.68261,2051.709401709402
2024-640273,2024-03-07,2024,310000.0,Appartement,97.0,4.0,54000.0,6.169446,48.698229,3195.8762886597938
2024-640279,2024-03-12,2024,219650.0,Appartement,58.0,3.0,54000.0,6.198411,48.698653,3787.0689655172414
2024-640287,2024-03-12,2024,112000.0,Appartement,68.0,3.0,54000.0,6.163632,48.687127,1647.0588235294117
2024-640292,2024-03-15,2024,130000.0,Maison,70.0,4.0,54000.0,6.191607,48.679298,1857.142857142857
2024-640293,2024-03-01,2024,255000.0,Appartement,40.0,2.0,54000.0,6.169434,48.690398,6375.0
2024-640298,2024-03-13,2024,330000.0,Maison,108.0,4.0,54000.0,6.19126,48.689364,3055.5555555555557
2024-640305,2024-03-12,2024,545000.0,Maison,190.0,6.0,54000.0,6.143287,48.689627,2868.4210526315787
2024-640315,2024-03-06,2024,123500.0,Appartement,52.0,2.0,54000.0,6.158673,48.689461,2375.0
2024-640322,2024-03-18,2024,238400.0,Maison,141.0,6.0,54000.0,6.173603,48.680478,1690.7801418439717
2024-640326,2024-03-19,2024,215000.0,Appartement,88.0,4.0,54000.0,6.170865,48.687825,2443.181818181818
2024-640356,2024-03-14,2024,144400.0,Appartement,49.0,3.0,54000.0,6.159282,48.685817,2946.938775510204
2024-640359,2024-03-14,2024,82000.0,Appartement,31.0,2.0,54000.0,6.171205,48.700133,2645.1612903225805
2024-640366,2024-03-14,2024,134000.0,Appartement,74.0,3.0,54000.0,6.170734,48.687071,1810.8108108108108
2024-640369,2024-03-04,2024,58000.0,Appartement,36.0,1.0,54000.0,6.160249,48.684336,1611.111111111111
2024-640374,2024-03-07,2024,74200.0,Appartement,44.0,2.0,54000.0,6.160346,48.687713,1686.3636363636363
2024-640377,2024-03-15,2024,229830.0,Appartement,96.0,3.0,54000.0,6.191305,48.690946,2394.0625
2024-640386,2024-02-23,2024,464000.0,Maison,148.0,5.0,54000.0,6.181599,48.701979,3135.135135135135
2024-640393,2024-02-22,2024,83500.0,Appartement,44.0,2.0,54000.0,6.177777,48.701601,1897.7272727272727
2024-640396,2024-03-15,2024,90000.0,Appartement,39.0,2.0,54000.0,6.197891,48.677125,2307.6923076923076
2024-640403,2024-03-15,2024,133000.0,Appartement,50.0,2.0,54000.0,6.186522,48.689636,2660.0
2024-640409,2024-03-04,2024,58900.0,Appartement,56.0,3.0,54000.0,6.1488,48.691485,1051.7857142857142
2024-640414,2024-03-13,2024,36500.0,Appartement,14.0,1.0,54000.0,6.17258,48.690911,2607.1428571428573
2024-640417,2024-03-12,2024,185000.0,Appartement,77.0,3.0,54000.0,6.160249,48.684336,2402.5974025974024
2024-640427,2024-02-29,2024,101420.0,Appartement,44.0,2.0,54000.0,6.177577,48.703246,2305.0
2024-640437,2024-02-23,2024,117500.0,Appartement,46.0,2.0,54000.0,6.178949,48.69806,2554.3478260869565
2024-640439,2024-02-27,2024,141000.0,Appartement,72.0,3.0,54000.0,6.178423,48.681941,1958.3333333333333
2024-640442,2024-03-05,2024,89000.0,Appartement,37.0,2.0,54000.0,6.198025,48.680738,2405.4054054054054
2024-640443,2024-03-19,2024,279000.0,Appartement,98.0,3.0,54000.0,6.181921,48.690891,2846.938775510204
2024-640444,2024-03-04,2024,63000.0,Appartement,44.0,2.0,54000.0,6.168456,48.698412,1431.8181818181818
2024-640446,2024-02-28,2024,62000.0,Appartement,22.0,1.0,54000.0,6.178949,48.69806,2818.181818181818
2024-640461,2024-03-21,2024,147000.0,Appartement,85.0,5.0,54000.0,6.176248,48.679957,1729.4117647058824
2024-640463,2024-03-18,2024,124000.0,Appartement,54.0,3.0,54000.0,6.181428,48.687036,2296.296296296296
2024-640470,2024-03-12,2024,124000.0,Appartement,37.0,2.0,54000.0,6.186938,48.682454,3351.3513513513512
2024-640480,2024-03-21,2024,60000.0,Appartement,46.0,2.0,54000.0,6.194044,48.690495,1304.3478260869565
2024-640493,2024-03-21,2024,109500.0,Appartement,60.0,3.0,54000.0,6.164129,48.685038,1825.0
2024-640498,2024-03-20,2024,169000.0,Appartement,16.0,1.0,54000.0,6.182491,48.691309,10562.5
2024-640500,2024-02-27,2024,92000.0,Appartement,53.0,2.0,54000.0,6.167247,48.691696,1735.8490566037735
2024-640518,2024-03-14,2024,90250.0,Appartement,67.0,4.0,54000.0,6.158927,48.690216,1347.0149253731342
2024-640529,2024-03-07,2024,190000.0,Appartement,64.0,3.0,54000.0,6.199255,48.692269,2968.75
2024-640555,2024-03-12,2024,64000.0,Appartement,27.0,2.0,54000.0,6.182339,48.67604,2370.3703703703704
2024-640567,2024-02-16,2024,120000.0,Appartement,62.0,3.0,54000.0,6.174116,48.677701,1935.483870967742
2024-640569,2024-03-01,2024,185000.0,Appartement,69.0,3.0,54000.0,6.178949,48.69806,2681.159420289855
2024-640572,2024-03-05,2024,164000.0,Appartement,95.0,5.0,54000.0,6.162407,48.677933,1726.3157894736842
2024-640574,2024-02-29,2024,366666.0,Maison,93.0,6.0,54000.0,6.177821,48.672946,3942.6451612903224
2024-640575,2024-03-22,2024,86550.0,Appartement,29.0,2.0,54000.0,6.173413,48.683892,2984.4827586206898
2024-640578,2024-03-01,2024,116000.0,Appartement,47.0,2.0,54000.0,6.196048,48.676783,2468.0851063829787
2024-640579,2024-03-21,2024,87000.0,Appartement,46.0,2.0,54000.0,6.194044,48.690495,1891.304347826087
2024-640582,2024-03-20,2024,38000.0,Appartement,16.0,1.0,54000.0,6.171671,48.686967,2375.0
2024-640587,2024-03-22,2024,94100.0,Appartement,120.0,4.0,54000.0,6.180247,48.686793,784.1666666666666
2024-640604,2024-03-18,2024,104475.0,Appartement,67.0,2.0,54000.0,6.182379,48.684821,1559.3283582089553
2024-640606,2024-03-21,2024,62000.0,Appartement,49.0,2.0,54000.0,6.180034,48.687951,1265.3061224489795
2024-640609,2024-03-22,2024,120000.0,Appartement,170.0,4.0,54000.0,6.186324,48.685203,705.8823529411765
2024-640613,2024-03-26,2024,107000.0,Appartement,48.0,2.0,54000.0,6.194963,48.680683,2229.1666666666665
2024-640622,2024-03-22,2024,163150.0,Maison,56.0,2.0,54000.0,6.186667,48.690236,2913.3928571428573
2024-640625,2024-03-22,2024,99800.0,Appartement,45.0,2.0,54000.0,6.179705,48.701627,2217.777777777778
2024-640644,2024-03-22,2024,55340.0,Appartement,18.0,1.0,54000.0,6.1734,48.700198,3074.4444444444443
2024-640647,2024-02-23,2024,51000.0,Appartement,23.0,1.0,54000.0,6.175956,48.704863,2217.391304347826
2024-640654,2024-03-11,2024,74450.0,Appartement,38.0,1.0,54000.0,6.16781,48.685702,1959.2105263157894
2024-640656,2024-03-12,2024,40000.0,Appartement,15.0,1.0,54000.0,6.177234,48.682528,2666.6666666666665
2024-640659,2024-03-26,2024,44110.0,Appartement,17.0,2.0,54000.0,6.194321,48.685795,2594.705882352941
2024-640663,2024-03-18,2024,178687.0,Appartement,73.0,3.0,54000.0,6.197716,48.689156,2447.7671232876714
2024-640667,2024-03-26,2024,56000.0,Appartement,26.0,1.0,54000.0,6.188858,48.691426,2153.846153846154
2024-640675,2024-03-26,2024,100000.0,Appartement,70.0,3.0,54000.0,,,1428.5714285714287
2024-640676,2024-03-27,2024,142500.0,Appartement,78.0,3.0,54000.0,6.168573,48.686321,1826.923076923077
2024-640696,2024-03-27,2024,80000.0,Appartement,63.0,1.0,54000.0,6.180247,48.686793,1269.8412698412699
2024-640698,2024-03-26,2024,115000.0,Appartement,76.0,4.0,54000.0,6.162073,48.691734,1513.157894736842
2024-640699,2024-03-19,2024,30000.0,Appartement,23.0,2.0,54000.0,6.175956,48.704863,1304.3478260869565
2024-640723,2024-03-19,2024,30000.0,Appartement,24.0,1.0,54000.0,6.175956,48.704863,1250.0
2024-640729,2024-03-06,2024,68000.0,Appartement,41.0,1.0,54000.0,6.189552,48.683267,1658.5365853658536
2024-640740,2024-02-29,2024,300100.0,Appartement,88.0,4.0,54000.0,6.180364,48.701173,3410.2272727272725
2024-640751,2024-03-26,2024,397200.0,Appartement,162.0,7.0,54000.0,6.183269,48.691584,2451.8518518518517
2024-640752,2024-03-27,2024,322300.0,Maison,111.0,6.0,54000.0,6.203824,48.697536,2903.6036036036035
2024-640758,2024-03-22,2024,116050.0,Appartement,72.0,3.0,54000.0,6.180034,48.687951,1611.8055555555557
2024-640759,2024-03-29,2024,104500.0,Appartement,78.0,5.0,54000.0,6.161941,48.692737,1339.7435897435898
2024-640763,2024-03-26,2024,89750.0,Appartement,42.0,2.0,54000.0,6.201619,48.686386,2136.904761904762
2024-640767,2024-03-13,2024,115000.0,Appartement,39.0,1.0,54000.0,6.178949,48.69806,2948.7179487179487
2024-640768,2024-03-18,2024,141000.0,Appartement,68.0,3.0,54000.0,6.178949,48.69806,2073.529411764706
2024-640782,2024-03-22,2024,100000.0,Appartement,47.0,2.0,54000.0,6.168302,48.669911,2127.659574468085
2024-640794,2024-03-07,2024,60000.0,Appartement,35.0,2.0,54000.0,6.170233,48.675675,1714.2857142857142
2024-640816,2024-03-05,2024,85000.0,Appartement,30.0,2.0,54000.0,6.194318,48.677892,2833.3333333333335
2024-640838,2024-03-28,2024,124200.0,Appartement,42.0,2.0,54000.0,6.14647,48.68929,2957.1428571428573
2024-640841,2024-03-26,2024,81500.0,Appartement,71.0,4.0,54000.0,6.141004,48.692334,1147.887323943662
2024-640845,2024-03-08,2024,510000.0,Maison,74.0,3.0,54000.0,6.186616,48.679379,6891.891891891892
2024-640850,2024-03-22,2024,236420.0,Appartement,93.0,4.0,54000.0,6.160758,48.688479,2542.1505376344085
2024-640859,2024-03-28,2024,128500.0,Appartement,69.0,4.0,54000.0,6.164191,48.702141,1862.3188405797102
2024-640878,2024-03-26,2024,408500.0,Appartement,141.0,5.0,54000.0,6.176319,48.680044,2897.1631205673757
2024-640882,2024-03-28,2024,400000.0,Maison,141.0,6.0,54000.0,6.172577,48.703521,2836.8794326241136
2024-640887,2024-03-13,2024,74000.0,Appartement,30.0,1.0,54000.0,6.189744,48.699943,2466.6666666666665
2024-640892,2024-03-26,2024,300000.0,Appartement,19.0,1.0,54000.0,6.183693,48.701316,15789.473684210527
2024-640896,2024-03-28,2024,148000.0,Appartement,66.0,3.0,54000.0,6.165255,48.67345,2242.4242424242425
2024-640907,2024-03-08,2024,62675.0,Appartement,21.0,2.0,54000.0,6.168573,48.686321,2984.5238095238096
2024-640914,2024-03-26,2024,96000.0,Appartement,43.0,2.0,54000.0,6.179727,48.683306,2232.5581395348836
2024-640917,2024-04-02,2024,500000.0,Maison,120.0,5.0,54000.0,6.144888,48.694008,4166.666666666667
2024-640920,2024-03-29,2024,420000.0,Appartement,122.0,6.0,54000.0,6.170118,48.690702,3442.622950819672
2024-640922,2024-03-13,2024,87000.0,Appartement,69.0,4.0,54000.0,6.141004,48.692334,1260.8695652173913
2024-640950,2024-03-22,2024,116500.0,Appartement,66.0,4.0,54000.0,6.1488,48.691485,1765.1515151515152
2024-640960,2024-03-18,2024,70127.0,Appartement,63.0,3.0,54000.0,6.197716,48.689156,1113.126984126984
2024-640974,2024-03-28,2024,110200.0,Appartement,93.0,3.0,54000.0,6.180247,48.686793,1184.9462365591398
2024-640980,2024-03-28,2024,90000.0,Appartement,44.0,2.0,54000.0,6.168456,48.698412,2045.4545454545455
2024-640981,2024-03-26,2024,480500.0,Appartement,88.0,4.0,54000.0,6.176127,48.676827,5460.227272727273
2024-640982,2024-03-20,2024,86500.0,Appartement,42.0,2.0,54000.0,6.166214,48.684257,2059.5238095238096
2024-640986,2024-03-27,2024,90000.0,Appartement,39.0,2.0,54000.0,6.185028,48.686878,2307.6923076923076
2024-640991,2024-03-21,2024,109550.0,Appartement,71.0,3.0,54000.0,6.187272,48.678672,1542.9577464788733
2024-640992,2024-03-14,2024,66950.0,Appartement,26.0,1.0,54000.0,6.196614,48.698909,2575.0
2024-641007,2024-03-28,2024,212464.62,Appartement,52.0,2.0,54000.0,6.186163,48.686553,4085.8580769230766
2024-641028,2024-03-13,2024,120000.0,Appartement,48.0,3.0,54000.0,6.162235,48.68688,2500.0
2024-641032,2024-03-19,2024,61750.0,Appartement,26.0,1.0,54000.0,6.16127,48.687794,2375.0
2024-641039,2024-03-19,2024,76500.0,Appartement,32.0,1.0,54000.0,6.188524,48.689236,2390.625
2024-641042,2024-03-18,2024,250050.0,Appartement,88.0,4.0,54000.0,6.19659,48.693185,2841.4772727272725
2024-641059,2024-03-15,2024,83075.0,Appartement,58.0,2.0,54000.0,6.172255,48.685894,1432.3275862068965
2024-641061,2024-04-03,2024,104000.0,Appartement,48.0,2.0,54000.0,6.185277,48.681396,2166.6666666666665
2024-641074,2024-04-02,2024,161900.0,Appartement,102.0,4.0,54000.0,6.168021,48.668771,1587.2549019607843
2024-641092,2024-03-18,2024,125000.0,Appartement,72.0,3.0,54000.0,6.180034,48.687951,1736.111111111111
2024-641094,2024-04-02,2024,163300.0,Appartement,68.0,3.0,54000.0,6.177898,48.67642,2401.470588235294
2024-641095,2024-04-03,2024,84450.0,Appartement,48.0,2.0,54000.0,6.186624,48.683308,1759.375
2024-641110,2024-04-08,2024,77900.0,Appartement,33.0,2.0,54000.0,6.166651,48.701563,2360.6060606060605
2024-641119,2024-04-10,2024,68250.0,Appartement,26.0,1.0,54000.0,6.180772,48.683644,2625.0
2024-641141,2024-04-09,2024,180000.0,Appartement,98.0,3.0,54000.0,6.162049,48.687748,1836.734693877551
2024-641142,2024-03-25,2024,250000.0,Maison,105.0,3.0,54000.0,6.183386,48.682467,2380.9523809523807
2024-641154,2024-04-08,2024,188250.0,Maison,81.0,4.0,54000.0,6.192689,48.69666,2324.074074074074
2024-641155,2024-03-29,2024,162200.0,Appartement,90.0,3.0,54000.0,6.172866,48.686997,1802.2222222222222
2024-641190,2024-04-04,2024,210000.0,Appartement,96.0,3.0,54000.0,6.144767,48.693206,2187.5
2024-641200,2024-04-05,2024,260000.0,Appartement,126.0,6.0,54000.0,6.160249,48.684336,2063.4920634920636
2024-641216,2024-03-21,2024,90250.0,Appartement,34.0,1.0,54000.0,6.180822,48.702355,2654.4117647058824
2024-641219,2024-03-20,2024,136335.0,Appartement,104.0,6.0,54000.0,6.177725,48.681951,1310.9134615384614
2024-641221,2024-03-29,2024,164130.0,Appartement,90.0,4.0,54000.0,6.166589,48.697845,1823.6666666666667
2024-641222,2024-04-08,2024,127300.0,Appartement,58.0,3.0,54000.0,6.192122,48.682494,2194.8275862068967
2024-641248,2024-03-27,2024,226550.0,Maison,93.0,4.0,54000.0,6.177227,48.708488,2436.021505376344
2024-641252,2024-03-22,2024,118500.0,Appartement,18.0,1.0,54000.0,6.1734,48.700198,6583.333333333333
2024-641255,2024-03-29,2024,114000.0,Appartement,64.0,3.0,54000.0,6.163007,48.679244,1781.25
2024-641267,2024-04-08,2024,57000.0,Appartement,19.0,1.0,54000.0,6.186522,48.689636,3000.0
2024-641280,2024-03-18,2024,70127.0,Appartement,63.0,3.0,54000.0,6.197716,48.689156,1113.126984126984
2024-641282,2024-03-28,2024,121300.0,Appartement,23.0,1.0,54000.0,6.167096,48.699082,5273.913043478261
2024-641285,2024-04-08,2024,150000.0,Appartement,75.0,4.0,54000.0,6.16684,48.685251,2000.0
2024-641288,2024-04-15,2024,105000.0,Appartement,78.0,2.0,54000.0,6.185652,48.685102,1346.1538461538462
2024-641290,2024-03-26,2024,122000.0,Appartement,10.0,2.0,54000.0,6.178744,48.679794,12200.0
2024-641292,2024-03-25,2024,139650.0,Appartement,67.0,2.0,54000.0,6.19739,48.678284,2084.3283582089553
2024-641295,2024-04-09,2024,730000.0,Appartement,85.0,3.0,54000.0,6.185826,48.68548,8588.235294117647
2024-641300,2024-03-29,2024,135000.0,Appartement,48.0,3.0,54000.0,6.173908,48.671669,2812.5
2024-641302,2024-04-05,2024,71900.0,Appartement,64.0,2.0,54000.0,6.17414,48.680132,1123.4375
2024-641303,2024-04-08,2024,118000.0,Appartement,58.0,2.0,54000.0,6.18762,48.680442,2034.4827586206898
2024-641319,2024-04-03,2024,244000.0,Appartement,91.0,3.0,54000.0,6.184004,48.69029,2681.3186813186812
2024-641325,2024-04-16,2024,163090.0,Appartement,74.0,3.0,54000.0,6.185584,48.680482,2203.9189189189187
2024-641354,2024-03-19,2024,82000.0,Appartement,48.0,2.0,54000.0,6.168352,48.699478,1708.3333333333333
2024-641357,2024-03-22,2024,75000.0,Appartement,53.0,3.0,54000.0,6.17524,48.684833,1415.0943396226414
2024-641358,2024-03-20,2024,185250.0,Appartement,83.0,3.0,54000.0,6.166422,48.684416,2231.9277108433735
2024-641362,2024-04-10,2024,175000.0,Appartement,71.0,3.0,54000.0,6.174979,48.684435,2464.788732394366
2024-641369,2024-04-11,2024,310000.0,Maison,110.0,4.0,54000.0,6.166427,48.675839,2818.181818181818
2024-641379,2024-03-20,2024,187300.0,Appartement,72.0,3.0,54000.0,6.180034,48.687951,2601.3888888888887
2024-641385,2024-04-16,2024,80000.0,Appartement,74.0,3.0,54000.0,6.160249,48.684336,1081.081081081081
2024-641387,2024-03-29,2024,78000.0,Appartement,23.0,1.0,54000.0,6.167096,48.699082,3391.304347826087
2024-641393,2024-04-02,2024,66400.0,Appartement,26.0,1.0,54000.0,6.167096,48.699082,2553.846153846154
2024-641395,2024-04-10,2024,87000.0,Appartement,28.0,1.0,54000.0,6.173998,48.672596,3107.1428571428573
2024-641397,2024-04-17,2024,190250.0,Appartement,92.0,3.0,54000.0,6.1951,48.681512,2067.9347826086955
2024-641401,2024-03-28,2024,50500.0,Appartement,21.0,1.0,54000.0,6.145376,48.692202,2404.7619047619046
2024-641411,2024-03-27,2024,153063.0,Appartement,79.0,3.0,54000.0,6.176088,48.69914,1937.506329113924
2024-641421,2024-03-26,2024,116500.0,Appartement,43.0,2.0,54000.0,6.170304,48.696314,2709.3023255813955
2024-641430,2024-03-29,2024,73000.0,Appartement,38.0,1.0,54000.0,6.187584,48.685648,1921.0526315789473
2024-641439,2024-04-05,2024,531100.0,Maison,152.0,5.0,54000.0,6.144969,48.690329,3494.0789473684213
2024-641448,2024-04-05,2024,140000.0,Appartement,96.0,4.0,54000.0,6.16691,48.688991,1458.3333333333333
2024-641457,2024-04-03,2024,102750.0,Appartement,49.0,3.0,54000.0,6.201619,48.686386,2096.938775510204
2024-641476,2024-03-13,2024,425000.0,Appartement,74.0,3.0,54000.0,6.181662,48.700904,5743.243243243243
2024-641477,2024-03-29,2024,70300.0,Appartement,27.0,1.0,54000.0,6.178241,48.701885,2603.703703703704
2024-641509,2024-04-22,2024,63450.0,Appartement,26.0,1.0,54000.0,6.18259,48.690178,2440.3846153846152
2024-641511,2024-04-18,2024,140000.0,Appartement,99.0,4.0,54000.0,6.184081,48.689543,1414.141414141414
2024-641520,2024-04-19,2024,139000.0,Appartement,77.0,3.0,54000.0,6.181062,48.695912,1805.1948051948052
2024-641524,2024-04-22,2024,149500.0,Appartement,87.0,3.0,54000.0,6.189843,48.688423,1718.3908045977012
2024-641525,2024-04-15,2024,230000.0,Appartement,98.0,5.0,54000.0,6.175719,48.681621,2346.938775510204
2024-641527,2024-04-19,2024,90000.0,Appartement,37.0,3.0,54000.0,6.182209,48.692511,2432.4324324324325
2024-641543,2024-04-15,2024,550000.0,Maison,160.0,4.0,54000.0,6.176262,48.697033,3437.5
2024-641544,2024-04-12,2024,117800.0,Appartement,75.0,4.0,54000.0,6.150703,48.696011,1570.6666666666667
2024-641547,2024-04-18,2024,110000.0,Appartement,92.0,4.0,54000.0,6.1951,48.681512,1195.6521739130435
2024-641573,2024-04-16,2024,129000.0,Appartement,67.0,2.0,54000.0,6.164346,48.681649,1925.3731343283582
2024-641576,2024-04-15,2024,159600.0,Appartement,70.0,3.0,54000.0,6.178494,48.674062,2280.0
2024-641588,2024-04-19,2024,182000.0,Appartement,71.0,3.0,54000.0,6.189331,48.689188,2563.3802816901407
2024-641617,2024-04-09,2024,300000.0,Appartement,28.0,1.0,54000.0,6.189882,48.703198,10714.285714285714
2024-641625,2024-04-17,2024,55000.0,Appartement,19.0,1.0,54000.0,6.194318,48.677892,2894.7368421052633
2024-641628,2024-04-03,2024,172000.0,Maison,90.0,4.0,54000.0,6.187279,48.700322,1911.111111111111
2024-641631,2024-04-12,2024,168260.0,Appartement,67.0,3.0,54000.0,6.189123,48.690502,2511.3432835820895
2024-641633,2024-03-28,2024,120000.0,Appartement,49.0,2.0,54000.0,6.168573,48.686321,2448.9795918367345
2024-641637,2024-04-15,2024,450000.0,Appartement,153.0,5.0,54000.0,6.187045,48.693961,2941.176470588235
2024-641648,2024-04-23,2024,169100.0,Appartement,70.0,3.0,54000.0,6.180782,48.689454,2415.714285714286
2024-641665,2024-04-03,2024,30000.0,Appartement,38.0,2.0,54000.0,6.156449,48.698498,789.4736842105264
2024-641666,2024-03-29,2024,59000.0,Appartement,18.0,1.0,54000.0,6.188382,48.684669,3277.777777777778
2024-641682,2024-04-12,2024,126350.0,Appartement,40.0,3.0,54000.0,6.187628,48.688307,3158.75
2024-641686,2024-03-25,2024,417000.0,Maison,85.0,3.0,54000.0,6.183116,48.680954,4905.882352941177
2024-641693,2024-04-25,2024,170000.0,Appartement,71.0,4.0,54000.0,6.170979,48.671398,2394.3661971830984
2024-641699,2024-04-08,2024,130500.0,Appartement,38.0,2.0,54000.0,6.171331,48.692617,3434.2105263157896
2024-641712,2024-04-12,2024,180000.0,Appartement,80.0,3.0,54000.0,6.158935,48.688284,2250.0
2024-641715,2024-04-18,2024,285000.0,Maison,100.0,5.0,54000.0,6.159269,48.698781,2850.0
2024-641718,2024-04-23,2024,142500.0,Appartement,64.0,3.0,54000.0,6.176435,48.674031,2226.5625
2024-641732,2024-04-18,2024,209000.0,Appartement,68.0,2.0,54000.0,6.177525,48.697593,3073.529411764706
2024-641735,2024-04-22,2024,228000.0,Appartement,66.0,3.0,54000.0,6.190112,48.69401,3454.5454545454545
2024-641738,2024-04-24,2024,219000.0,Appartement,76.0,4.0,54000.0,6.167087,48.690147,2881.5789473684213
2024-641741,2024-04-19,2024,110500.0,Appartement,53.0,4.0,54000.0,6.171069,48.686465,2084.9056603773583
2024-641743,2024-04-12,2024,117000.0,Appartement,62.0,3.0,54000.0,6.177292,48.677453,1887.0967741935483
2024-641745,2024-04-12,2024,166250.0,Appartement,84.0,4.0,54000.0,6.166523,48.698223,1979.1666666666667
2024-641746,2024-04-16,2024,83000.0,Appartement,37.0,2.0,54000.0,6.171454,48.683866,2243.2432432432433
2024-641754,2024-04-24,2024,68000.0,Appartement,30.0,1.0,54000.0,6.194044,48.690495,2266.6666666666665
2024-641762,2024-04-19,2024,120000.0,Appartement,61.0,2.0,54000.0,6.153475,48.690674,1967.2131147540983
2024-641768,2024-04-10,2024,79130.0,Appartement,38.0,4.0,54000.0,6.172749,48.696129,2082.3684210526317
2024-641769,2024-04-22,2024,125000.0,Appartement,53.0,3.0,54000.0,6.174861,48.684672,2358.490566037736
2024-641785,2024-04-09,2024,135000.0,Appartement,84.0,4.0,54000.0,6.160346,48.687713,1607.142857142857
2024-641797,2024-04-23,2024,152000.0,Appartement,80.0,1.0,54000.0,6.184097,48.687229,1900.0
2024-641885,2024-04-23,2024,147000.0,Appartement,86.0,3.0,54000.0,6.186742,48.688063,1709.3023255813953
2024-641890,2024-04-10,2024,112000.0,Appartement,59.0,3.0,54000.0,6.181528,48.702326,1898.3050847457628
2024-641913,2024-04-12,2024,880000.0,Appartement,54.0,3.0,54000.0,6.192499,48.699488,16296.296296296296
2024-641918,2024-05-03,2024,116000.0,Appartement,57.0,2.0,54000.0,6.161798,48.688126,2035.0877192982457
2024-641920,2024-04-19,2024,195000.0,Appartement,85.0,3.0,54000.0,6.173228,48.672305,2294.1176470588234
2024-641922,2024-04-24,2024,74500.0,Appartement,38.0,2.0,54000.0,6.173986,48.688168,1960.5263157894738
2024-641927,2024-04-23,2024,172900.0,Appartement,24.0,1.0,54000.0,6.178471,48.677792,7204.166666666667
2024-641929,2024-04-22,2024,78000.0,Appartement,50.0,2.0,54000.0,6.145376,48.692202,1560.0
2024-641930,2024-04-19,2024,164400.0,Appartement,64.0,3.0,54000.0,6.196984,48.677111,2568.75
2024-641933,2024-04-23,2024,287000.0,Appartement,21.0,1.0,54000.0,6.193092,48.681118,13666.666666666666
2024-641942,2024-03-26,2024,225000.0,Appartement,86.0,4.0,54000.0,6.170528,48.682119,2616.279069767442
2024-641951,2024-04-25,2024,73000.0,Appartement,26.0,2.0,54000.0,6.191222,48.686228,2807.6923076923076
2024-641952,2024-04-12,2024,170000.0,Appartement,68.0,2.0,54000.0,6.187925,48.690572,2500.0
2024-641960,2024-04-26,2024,48000.0,Appartement,27.0,1.0,54000.0,6.198774,48.678259,1777.7777777777778
2024-641966,2024-04-30,2024,347400.0,Maison,110.0,4.0,54000.0,6.182029,48.681017,3158.181818181818
2024-641989,2024-05-06,2024,369300.0,Appartement,120.0,3.0,54000.0,6.194049,48.680295,3077.5
2024-641998,2024-04-12,2024,65000.0,Appartement,33.0,1.0,54000.0,6.175212,48.701225,1969.6969696969697
2024-642004,2024-04-25,2024,342000.0,Appartement,174.0,6.0,54000.0,6.170033,48.691388,1965.5172413793102
2024-642009,2024-05-06,2024,112550.0,Appartement,41.0,1.0,54000.0,6.172995,48.683677,2745.121951219512
2024-642036,2024-04-29,2024,117000.0,Appartement,61.0,3.0,54000.0,6.165927,48.69003,1918.032786885246
2024-642037,2024-04-29,2024,160000.0,Appartement,76.0,3.0,54000.0,6.160249,48.684336,2105.2631578947367
2024-642047,2024-04-22,2024,149000.0,Appartement,65.0,2.0,54000.0,6.167939,48.689465,2292.3076923076924
2024-642052,2024-04-26,2024,174000.0,Maison,71.0,5.0,54000.0,6.142095,48.691984,2450.7042253521126
2024-642071,2024-04-23,2024,144100.0,Appartement,95.0,4.0,54000.0,6.179884,48.679794,1516.842105263158
2024-642073,2024-04-29,2024,70000.0,Appartement,63.0,2.0,54000.0,6.179182,48.687711,1111.111111111111
2024-642083,2024-04-23,2024,149360.0,Appartement,82.0,4.0,54000.0,6.172982,48.675044,1821.4634146341464
2024-642084,2024-05-07,2024,228000.0,Appartement,129.0,3.0,54000.0,6.19055,48.688803,1767.4418604651162
2024-642087,2024-04-22,2024,126300.0,Appartement,58.0,2.0,54000.0,6.179564,48.694656,2177.5862068965516
2024-642088,2024-04-26,2024,56500.0,Appartement,20.0,1.0,54000.0,6.176383,48.698726,2825.0
2024-642089,2024-05-07,2024,50000.0,Appartement,44.0,3.0,54000.0,6.175141,48.672634,1136.3636363636363
2024-642093,2024-04-12,2024,121000.0,Appartement,52.0,2.0,54000.0,6.198596,48.677311,2326.923076923077
2024-642119,2024-05-06,2024,287100.0,Appartement,90.0,4.0,54000.0,6.171416,48.675211,3190.0
2024-642125,2024-05-02,2024,79800.0,Appartement,21.0,1.0,54000.0,6.184536,48.690579,3800.0
2024-642135,2024-05-13,2024,182400.0,Appartement,90.0,5.0,54000.0,6.189032,48.703797,2026.6666666666667
2024-642145,2024-05-06,2024,750000.0,Maison,180.0,4.0,54000.0,6.151461,48.694723,4166.666666666667
2024-642146,2024-04-26,2024,640000.0,Maison,190.0,7.0,54000.0,6.166964,48.678285,3368.4210526315787
2024-642153,2024-05-03,2024,160000.0,Appartement,96.0,4.0,54000.0,6.162352,48.686422,1666.6666666666667
2024-642159,2024-04-26,2024,228000.0,Appartement,116.0,4.0,54000.0,6.170958,48.687917,1965.5172413793102
2024-642160,2024-05-03,2024,157000.0,Appartement,89.0,4.0,54000.0,6.175428,48.681066,1764.0449438202247
2024-642164,2024-05-13,2024,226950.0,Appartement,86.0,4.0,54000.0,6.177234,48.673858,2638.953488372093
2024-642170,2024-05-03,2024,226570.0,Appartement,91.0,3.0,54000.0,6.177451,48.695003,2489.78021978022
2024-642177,2024-04-17,2024,100600.0,Appartement,56.0,3.0,54000.0,6.171799,48.683295,1796.4285714285713
2024-642183,2024-05-03,2024,91000.0,Appartement,64.0,4.0,54000.0,6.138996,48.691142,1421.875
2024-642202,2024-04-26,2024,65500.0,Appartement,52.0,3.0,54000.0,6.158927,48.690216,1259.6153846153845
2024-642211,2024-04-26,2024,235000.0,Maison,94.0,5.0,54000.0,6.147994,48.696227,2500.0
2024-642250,2024-04-16,2024,91200.0,Appartement,38.0,2.0,54000.0,6.165222,48.686881,2400.0
2024-642263,2024-05-15,2024,62000.0,Appartement,25.0,1.0,54000.0,6.185409,48.68003,2480.0
2024-642271,2024-05-15,2024,429500.0,Maison,105.0,4.0,54000.0,6.167369,48.673739,4090.4761904761904
2024-642279,2024-04-25,2024,82000.0,Appartement,38.0,1.0,54000.0,6.167031,48.692138,2157.8947368421054
2024-642281,2024-05-06,2024,55000.0,Appartement,19.0,1.0,54000.0,6.202785,48.698228,2894.7368421052633
2024-642364,2024-05-14,2024,125000.0,Appartement,57.0,3.0,54000.0,6.169001,48.697906,2192.9824561403507
2024-642376,2024-03-25,2024,58200.0,Appartement,87.0,5.0,54000.0,6.174521,48.702165,668.9655172413793
2024-642396,2024-05-17,2024,87500.0,Appartement,40.0,2.0,54000.0,6.201619,48.686386,2187.5
2024-642398,2024-04-22,2024,437000.0,Appartement,158.0,4.0,54000.0,6.172919,48.693066,2765.8227848101264
2024-642402,2024-04-22,2024,101000.0,Appartement,84.0,4.0,54000.0,6.172437,48.677819,1202.3809523809523
2024-642403,2024-05-16,2024,73000.0,Appartement,32.0,2.0,54000.0,6.177561,48.683693,2281.25
2024-642404,2024-04-30,2024,44955.0,Appartement,16.0,1.0,54000.0,6.177561,48.683693,2809.6875
2024-642411,2024-05-06,2024,64000.0,Appartement,22.0,2.0,54000.0,6.177561,48.683693,2909.090909090909
2024-642415,2024-05-06,2024,190000.0,Appartement,29.0,1.0,54000.0,6.186915,48.694953,6551.724137931034
2024-642418,2024-05-17,2024,89000.0,Appartement,16.0,1.0,54000.0,6.177561,48.683693,5562.5
2024-642426,2024-05-17,2024,78500.0,Appartement,44.0,2.0,54100.0,6.145985,48.703,1784.090909090909
2024-642433,2024-05-17,2024,119000.0,Appartement,56.0,2.0,54000.0,6.158673,48.689461,2125.0
2024-642434,2024-05-03,2024,145000.0,Appartement,81.0,4.0,54000.0,6.167028,48.686356,1790.1234567901236
2024-642442,2024-05-06,2024,107000.0,Appartement,85.0,4.0,54000.0,6.18568,48.689274,1258.8235294117646
2024-642452,2024-05-06,2024,223810.0,Appartement,100.0,4.0,54000.0,6.181427,48.680649,2238.1
2024-642453,2024-05-16,2024,200000.0,Appartement,120.0,5.0,54000.0,6.167928,48.681934,1666.6666666666667
2024-642468,2024-05-02,2024,61750.0,Appartement,22.0,1.0,54000.0,6.18937,48.689267,2806.818181818182
2024-642470,2024-05-02,2024,147000.0,Appartement,41.0,2.0,54000.0,6.198411,48.698653,3585.3658536585367
2024-642473,2024-05-07,2024,109250.0,Appartement,39.0,2.0,54000.0,6.168911,48.702387,2801.2820512820513
2024-642476,2024-04-29,2024,166140.0,Maison,71.0,4.0,54000.0,6.190961,48.69845,2340.0
2024-642498,2024-04-26,2024,190000.0,Maison,80.0,4.0,54000.0,6.203691,48.697703,2375.0
2024-642500,2024-04-26,2024,433000.0,Appartement,64.0,3.0,54000.0,6.165198,48.673101,6765.625
2024-642502,2024-05-14,2024,102500.0,Appartement,50.0,2.0,54000.0,6.180284,48.700323,2050.0
2024-642504,2024-05-21,2024,132000.0,Appartement,62.0,2.0,54000.0,6.185276,48.691836,2129.032258064516
2024-642510,2024-05-13,2024,239400.0,Appartement,88.0,4.0,54000.0,6.169682,48.669798,2720.4545454545455
2024-642518,2024-05-15,2024,215000.0,Appartement,130.0,5.0,54000.0,6.180992,48.699604,1653.8461538461538
2024-642527,2024-05-06,2024,95000.0,Appartement,55.0,2.0,54000.0,6.164151,48.703724,1727.2727272727273
2024-642546,2024-04-22,2024,117200.0,Appartement,34.0,2.0,54000.0,6.182325,48.692508,3447.0588235294117
2024-642560,2024-03-29,2024,580000.0,Maison,220.0,5.0,54000.0,6.154926,48.691958,2636.3636363636365
2024-642579,2024-05-03,2024,220000.0,Appartement,81.0,3.0,54000.0,6.164446,48.675185,2716.0493827160494
2024-642580,2024-04-19,2024,69000.0,Appartement,24.0,1.0,54000.0,6.177605,48.684528,2875.0
2024-642600,2024-05-23,2024,185000.0,Maison,102.0,7.0,54000.0,6.165955,48.681155,1813.7254901960785
2024-642602,2024-05-23,2024,332500.0,Appartement,85.0,4.0,54000.0,6.181013,48.703764,3911.764705882353
2024-642606,2024-05-07,2024,160847.6,Appartement,105.0,4.0,54000.0,6.161687,48.695551,1531.8819047619047
2024-642617,2024-05-07,2024,132152.4,Appartement,105.0,4.0,54000.0,6.161687,48.695551,1258.5942857142857
2024-642627,2024-05-17,2024,159730.0,Appartement,64.0,3.0,54000.0,6.172653,48.684211,2495.78125
2024-642630,2024-05-07,2024,123500.0,Appartement,70.0,4.0,54000.0,6.165138,48.699354,1764.2857142857142
2024-642635,2024-05-23,2024,114000.0,Appartement,58.0,3.0,54000.0,6.179705,48.701627,1965.5172413793102
2024-642636,2024-05-02,2024,420000.0,Maison,98.0,4.0,54000.0,6.170354,48.683662,4285.714285714285
2024-642650,2024-05-23,2024,105000.0,Appartement,30.0,1.0,54000.0,6.180558,48.693894,3500.0
2024-642658,2024-04-29,2024,86500.0,Appartement,72.0,4.0,54000.0,6.161941,48.692737,1201.388888888889
2024-642670,2024-04-30,2024,265000.0,Appartement,45.0,2.0,54000.0,6.174759,48.702838,5888.888888888889
2024-642673,2024-04-29,2024,186000.0,Appartement,84.0,5.0,54000.0,6.178607,48.701105,2214.285714285714
2024-642676,2024-04-30,2024,103550.0,Appartement,64.0,3.0,54000.0,6.198774,48.678259,1617.96875
2024-642682,2024-05-15,2024,140074.9,Appartement,65.0,3.0,54000.0,6.168911,48.702387,2154.9984615384615
2024-642687,2024-05-23,2024,55000.0,Appartement,44.0,2.0,54000.0,6.185047,48.677107,1250.0
2024-642699,2024-05-28,2024,266000.0,Appartement,160.0,5.0,54000.0,6.182294,48.682493,1662.5
2024-642701,2024-05-16,2024,173000.0,Appartement,18.0,1.0,54000.0,6.200833,48.686021,9611.111111111111
2024-642719,2024-05-23,2024,81360.0,Appartement,23.0,1.0,54000.0,6.170393,48.691916,3537.391304347826
2024-642728,2024-05-14,2024,239000.0,Appartement,99.0,3.0,54000.0,6.181528,48.702326,2414.1414141414143
2024-642734,2024-05-28,2024,124000.0,Appartement,39.0,2.0,54000.0,6.181223,48.695688,3179.4871794871797
2024-642736,2024-05-07,2024,140000.0,Appartement,37.0,2.0,54000.0,6.190539,48.693484,3783.7837837837837
2024-642742,2024-05-24,2024,103550.0,Appartement,47.0,3.0,54000.0,6.167357,48.681364,2203.191489361702
2024-642745,2024-05-27,2024,105000.0,Appartement,42.0,2.0,54000.0,6.188428,48.687498,2500.0
2024-642758,2024-05-16,2024,413000.0,Appartement,25.0,1.0,54000.0,6.193259,48.681185,16520.0
2024-642773,2024-05-06,2024,66000.0,Appartement,30.0,1.0,54000.0,6.177777,48.701601,2200.0
2024-642780,2024-05-16,2024,153500.0,Appartement,67.0,3.0,54000.0,6.194359,48.678263,2291.044776119403
2024-642786,2024-05-14,2024,231750.0,Appartement,91.0,4.0,54000.0,6.189892,48.691189,2546.703296703297
2024-642795,2024-05-21,2024,50000.0,Appartement,18.0,1.0,54000.0,6.160346,48.687713,2777.777777777778
2024-642800,2024-05-15,2024,114075.0,Appartement,74.0,3.0,54000.0,6.172255,48.685894,1541.554054054054
2024-642805,2024-05-22,2024,218250.0,Appartement,75.0,3.0,54000.0,6.177793,48.702952,2910.0
2024-642808,2024-05-13,2024,124300.0,Maison,94.0,4.0,54000.0,6.165398,48.68657,1322.340425531915
2024-642812,2024-05-13,2024,210000.0,Appartement,88.0,4.0,54000.0,6.172255,48.685894,2386.3636363636365
2024-642822,2024-05-30,2024,112500.0,Appartement,65.0,4.0,54000.0,6.184535,48.676275,1730.7692307692307
2024-642862,2024-05-29,2024,379000.0,Appartement,102.0,4.0,54000.0,6.197771,48.699026,3715.6862745098038
2024-642893,2024-05-30,2024,127300.0,Appartement,45.0,2.0,54000.0,6.160249,48.684336,2828.8888888888887
2024-642894,2024-05-30,2024,110600.0,Appartement,36.0,1.0,54000.0,6.183736,48.700939,3072.222222222222
2024-642896,2024-05-13,2024,170800.0,Appartement,123.0,5.0,54000.0,6.178503,48.676004,1388.6178861788617
2024-642903,2024-06-03,2024,146000.0,Appartement,115.0,5.0,54000.0,6.168109,48.695998,1269.5652173913043
2024-642904,2024-05-31,2024,108200.0,Appartement,54.0,2.0,54000.0,6.181598,48.694146,2003.7037037037037
2024-642911,2024-06-04,2024,81000.0,Appartement,60.0,3.0,54000.0,6.177522,48.67718,1350.0
2024-642923,2024-05-31,2024,67000.0,Appartement,21.0,1.0,54000.0,6.173187,48.680719,3190.4761904761904
2024-642928,2024-05-31,2024,405000.0,Maison,116.0,6.0,54000.0,6.16041,48.690706,3491.3793103448274
2024-642929,2024-05-31,2024,60000.0,Appartement,41.0,2.0,54000.0,6.15794,48.699285,1463.4146341463415
2024-642931,2024-05-17,2024,73000.0,Appartement,26.0,2.0,54000.0,6.191222,48.686228,2807.6923076923076
2024-642943,2024-06-03,2024,70450.0,Appartement,27.0,1.0,54000.0,6.18259,48.690178,2609.259259259259
2024-642956,2024-05-14,2024,76450.0,Appartement,29.0,1.0,54000.0,6.18259,48.690178,2636.206896551724
2024-642965,2024-05-28,2024,109500.0,Appartement,42.0,2.0,54000.0,6.178728,48.685161,2607.1428571428573
2024-642972,2024-05-31,2024,112100.0,Appartement,39.0,2.0,54000.0,6.157651,48.692182,2874.358974358974
2024-642975,2024-05-30,2024,84700.0,Appartement,45.0,3.0,54000.0,6.180742,48.694287,1882.2222222222222
2024-642987,2024-05-30,2024,100000.0,Appartement,52.0,3.0,54000.0,6.175956,48.704863,1923.076923076923
2024-642998,2024-06-04,2024,102000.0,Appartement,53.0,3.0,54000.0,6.182251,48.681108,1924.5283018867924
2024-643001,2024-05-15,2024,102010.0,Appartement,57.0,2.0,54000.0,6.171856,48.690265,1789.6491228070176
2024-643007,2024-05-16,2024,140000.0,Appartement,65.0,3.0,54000.0,6.177146,48.681032,2153.846153846154
2024-643021,2024-05-31,2024,65000.0,Appartement,51.0,3.0,54000.0,6.158927,48.690216,1274.5098039215686
2024-643024,2024-05-15,2024,68000.0,Appartement,20.0,1.0,54000.0,6.164773,48.692779,3400.0
2024-643050,2024-06-03,2024,190000.0,Appartement,96.0,4.0,54000.0,6.185305,48.685949,1979.1666666666667
2024-643061,2024-05-27,2024,78571.0,Appartement,32.0,2.0,54000.0,6.188876,48.683713,2455.34375
2024-643070,2024-05-06,2024,202000.0,Appartement,55.0,2.0,54000.0,6.158512,48.685705,3672.7272727272725
2024-643071,2024-05-13,2024,192000.0,Appartement,83.0,4.0,54000.0,6.180889,48.701934,2313.253012048193
2024-643073,2024-05-30,2024,255000.0,Appartement,121.0,5.0,54000.0,6.167632,48.67831,2107.438016528926
2024-643087,2024-05-29,2024,435000.0,Appartement,53.0,3.0,54000.0,6.185047,48.690632,8207.547169811322
2024-643095,2024-05-23,2024,65050.0,Appartement,46.0,2.0,54000.0,6.175249,48.67664,1414.1304347826087
2024-643096,2024-06-06,2024,147000.0,Appartement,79.0,4.0,54000.0,6.171612,48.670187,1860.759493670886
2024-643097,2024-05-14,2024,257850.0,Maison,140.0,5.0,54000.0,6.168993,48.670889,1841.7857142857142
2024-643121,2024-06-07,2024,120000.0,Appartement,31.0,2.0,54000.0,6.169716,48.691443,3870.967741935484
2024-643152,2024-05-29,2024,48181.0,Appartement,20.0,1.0,54000.0,6.172688,48.699668,2409.05
2024-643153,2024-05-30,2024,142500.0,Appartement,42.0,2.0,54000.0,6.169802,48.694516,3392.8571428571427
2024-643154,2024-05-27,2024,184000.0,Appartement,80.0,3.0,54000.0,6.173668,48.694989,2300.0
2024-643156,2024-05-30,2024,175500.0,Appartement,68.0,3.0,54000.0,6.191755,48.696366,2580.8823529411766
2024-643159,2024-05-28,2024,81650.0,Appartement,29.0,2.0,54000.0,6.169368,48.678035,2815.5172413793102
2024-643172,2024-06-03,2024,200000.0,Appartement,86.0,4.0,54000.0,6.189851,48.686558,2325.5813953488373
2024-643187,2024-05-30,2024,38000.0,Appartement,18.0,1.0,54000.0,6.188289,48.699341,2111.1111111111113
2024-643197,2024-06-04,2024,74000.0,Appartement,30.0,1.0,54000.0,6.176771,48.680747,2466.6666666666665
2024-643217,2024-05-23,2024,250000.0,Appartement,126.0,5.0,54000.0,6.175634,48.698656,1984.126984126984
2024-643228,2024-06-10,2024,47700.0,Appartement,20.0,1.0,54000.0,6.177717,48.681394,2385.0
2024-643235,2024-05-31,2024,118000.0,Maison,60.0,3.0,54000.0,6.166179,48.691115,1966.6666666666667
2024-643246,2024-05-22,2024,85000.0,Appartement,31.0,2.0,54000.0,6.194318,48.677892,2741.935483870968
2024-643254,2024-05-21,2024,54000.0,Appartement,26.0,1.0,54000.0,6.166271,48.701872,2076.923076923077
2024-643266,2024-05-15,2024,106670.0,Appartement,63.0,3.0,54000.0,6.172975,48.678043,1693.1746031746031
2024-643271,2024-06-10,2024,96700.0,Appartement,36.0,1.0,54000.0,6.179884,48.679794,2686.1111111111113
2024-643273,2024-05-21,2024,58000.0,Appartement,23.0,1.0,54000.0,6.167096,48.699082,2521.7391304347825
2024-643288,2024-05-16,2024,192000.0,Appartement,76.0,3.0,54000.0,6.194026,48.694574,2526.315789473684
2024-643295,2024-05-22,2024,217796.75,Appartement,56.0,3.0,54000.0,6.197021,48.69208,3889.2276785714284
2024-643301,2024-05-22,2024,158000.0,Appartement,90.0,3.0,54000.0,6.199021,48.677925,1755.5555555555557
2024-643302,2024-05-22,2024,333500.0,Appartement,50.0,1.0,54000.0,6.165154,48.686794,6670.0
2024-643306,2024-05-23,2024,87000.0,Appartement,39.0,2.0,54000.0,6.179124,48.684141,2230.769230769231
2024-643311,2024-05-30,2024,67000.0,Appartement,24.0,1.0,54000.0,6.186522,48.689636,2791.6666666666665
2024-643326,2024-06-03,2024,195000.0,Appartement,68.0,3.0,54000.0,6.178827,48.696052,2867.6470588235293
2024-643327,2024-06-07,2024,214000.0,Appartement,62.0,3.0,54000.0,6.191562,48.688157,3451.6129032258063
2024-643328,2024-06-11,2024,200000.0,Maison,84.0,4.0,54000.0,6.167767,48.681175,2380.9523809523807
2024-643335,2024-05-21,2024,69250.0,Appartement,29.0,1.0,54000.0,6.185553,48.687035,2387.9310344827586
2024-643337,2024-05-23,2024,689000.0,Maison,207.0,9.0,54000.0,6.165758,48.696043,3328.5024154589373
2024-643343,2024-05-30,2024,99500.0,Appartement,41.0,2.0,54000.0,6.181013,48.703764,2426.829268292683
2024-643354,2024-05-28,2024,209000.0,Maison,99.0,5.0,54000.0,6.197581,48.688832,2111.1111111111113
2024-643385,2024-05-28,2024,110000.0,Appartement,93.0,2.0,54000.0,6.184586,48.68724,1182.7956989247311
2024-643388,2024-05-28,2024,68550.0,Appartement,39.0,2.0,54000.0,6.175574,48.679819,1757.6923076923076
2024-643389,2024-06-05,2024,159000.0,Appartement,60.0,1.0,54000.0,6.168177,48.686408,2650.0
2024-643403,2024-06-12,2024,170000.0,Appartement,97.0,5.0,54000.0,6.160249,48.684336,1752.5773195876288
2024-643410,2024-05-23,2024,208000.0,Appartement,64.0,1.0,54000.0,6.168177,48.686408,3250.0
2024-643412,2024-06-14,2024,58000.0,Appartement,27.0,2.0,54000.0,6.1734,48.700198,2148.1481481481483
2024-643413,2024-05-21,2024,325000.0,Maison,85.0,4.0,54000.0,6.14458,48.69247,3823.529411764706
2024-643416,2024-05-28,2024,100000.0,Appartement,111.0,5.0,54000.0,6.182873,48.681541,900.9009009009009
2024-643436,2024-05-27,2024,72000.0,Appartement,46.0,2.0,54000.0,6.186937,48.688523,1565.2173913043478
2024-643441,2024-05-27,2024,88350.0,Appartement,35.0,2.0,54000.0,6.153264,48.697709,2524.285714285714
2024-643445,2024-06-12,2024,63500.0,Appartement,25.0,1.0,54000.0,6.180369,48.684031,2540.0
2024-643446,2024-06-14,2024,107000.0,Appartement,55.0,2.0,54000.0,6.156722,48.698774,1945.4545454545455
2024-643454,2024-06-12,2024,49230.0,Appartement,20.0,1.0,54000.0,6.180512,48.682182,2461.5
2024-643457,2024-06-05,2024,140750.0,Appartement,58.0,2.0,54000.0,6.19659,48.693185,2426.7241379310344
2024-643461,2024-06-06,2024,220875.0,Appartement,87.0,4.0,54000.0,6.177793,48.702952,2538.793103448276
2024-643463,2024-06-14,2024,163000.0,Appartement,83.0,4.0,54000.0,6.160346,48.687713,1963.855421686747
2024-643464,2024-06-14,2024,94000.0,Appartement,38.0,2.0,54000.0,6.173986,48.688168,2473.684210526316
2024-643481,2024-06-04,2024,103000.0,Appartement,39.0,1.0,54000.0,6.179564,48.694656,2641.025641025641
2024-643498,2024-06-07,2024,147950.0,Appartement,49.0,1.0,54000.0,6.183375,48.691456,3019.387755102041
2024-643505,2024-06-11,2024,290000.0,Appartement,137.0,5.0,54000.0,6.163398,48.699431,2116.788321167883
2024-643509,2024-06-07,2024,153500.0,Appartement,56.0,3.0,54000.0,6.168659,48.68255,2741.0714285714284
2024-643510,2024-06-12,2024,52000.0,Appartement,21.0,1.0,54000.0,6.17455,48.684681,2476.190476190476
2024-643526,2024-05-27,2024,78000.0,Appartement,44.0,3.0,54000.0,6.195344,48.697033,1772.7272727272727
2024-643540,2024-06-18,2024,95950.0,Appartement,48.0,2.0,54000.0,6.180034,48.687951,1998.9583333333333
2024-643552,2024-06-13,2024,74000.0,Appartement,31.0,1.0,54000.0,6.170969,48.704351,2387.0967741935483
2024-643569,2024-06-13,2024,77000.0,Appartement,22.0,1.0,54000.0,6.187697,48.689882,3500.0
2024-643580,2024-06-18,2024,332000.0,Maison,90.0,5.0,54000.0,6.152241,48.692611,3688.8888888888887
2024-643590,2024-06-17,2024,154350.0,Appartement,68.0,3.0,54000.0,6.175249,48.67664,2269.8529411764707
2024-643600,2024-06-19,2024,43000.0,Appartement,17.0,1.0,54000.0,6.164417,48.691479,2529.4117647058824
2024-643613,2024-06-11,2024,109200.0,Appartement,65.0,3.0,54000.0,6.165953,48.667969,1680.0
2024-643616,2024-05-23,2024,179900.0,Appartement,77.0,3.0,54000.0,6.183541,48.688037,2336.3636363636365
2024-643618,2024-06-17,2024,405000.0,Maison,200.0,7.0,54000.0,6.15243,48.692797,2025.0
2024-643619,2024-06-19,2024,316000.0,Maison,148.0,4.0,54000.0,6.147302,48.690372,2135.135135135135
2024-643631,2024-06-07,2024,85000.0,Appartement,52.0,3.0,54000.0,6.158927,48.690216,1634.6153846153845
2024-643632,2024-05-28,2024,101000.0,Appartement,40.0,2.0,54000.0,6.17815,48.684524,2525.0
2024-643637,2024-06-03,2024,131000.0,Appartement,53.0,3.0,54000.0,6.181528,48.702326,2471.698113207547
2024-643640,2024-06-20,2024,84000.0,Appartement,58.0,2.0,54000.0,6.177649,48.706884,1448.2758620689656
2024-643656,2024-05-14,2024,247000.0,Appartement,86.0,3.0,54000.0,6.169949,48.690649,2872.093023255814
2024-643657,2024-05-28,2024,86000.0,Appartement,47.0,2.0,54000.0,6.186624,48.683308,1829.787234042553
2024-643684,2024-05-29,2024,350000.0,Appartement,22.0,1.0,54000.0,6.191569,48.686675,15909.09090909091
2024-643705,2024-05-31,2024,167000.0,Appartement,85.0,5.0,54000.0,6.161941,48.692737,1964.7058823529412
2024-643706,2024-05-30,2024,120800.0,Appartement,72.0,3.0,54000.0,6.198154,48.689456,1677.7777777777778
2024-643710,2024-05-31,2024,222500.0,Appartement,89.0,3.0,54000.0,6.18624,48.688729,2500.0
2024-643715,2024-06-04,2024,49500.0,Appartement,21.0,1.0,54000.0,6.145376,48.692202,2357.1428571428573
2024-643720,2024-06-06,2024,102000.0,Appartement,34.0,1.0,54000.0,6.175249,48.67664,3000.0
2024-643722,2024-06-05,2024,150000.0,Appartement,62.0,2.0,54000.0,6.178184,48.680036,2419.3548387096776
2024-643726,2024-06-05,2024,118000.0,Appartement,46.0,2.0,54000.0,6.172842,48.685197,2565.217391304348
2024-643727,2024-06-04,2024,151088.0,Appartement,76.0,3.0,54000.0,6.176088,48.69914,1988.0
2024-643728,2024-06-11,2024,445000.0,Appartement,180.0,6.0,54000.0,6.176196,48.691923,2472.222222222222
2024-643729,2024-06-06,2024,110000.0,Appartement,73.0,3.0,54000.0,6.153475,48.690674,1506.849315068493
2024-643732,2024-06-13,2024,83000.0,Appartement,38.0,1.0,54000.0,6.194318,48.677892,2184.2105263157896
2024-643740,2024-06-10,2024,78700.0,Appartement,46.0,2.0,54000.0,6.194468,48.679796,1710.8695652173913
2024-643747,2024-06-04,2024,112000.0,Appartement,72.0,4.0,54000.0,6.161941,48.692737,1555.5555555555557
2024-643753,2024-05-30,2024,200000.0,Appartement,36.0,2.0,54000.0,6.168422,48.687542,5555.555555555556
2024-643775,2024-06-06,2024,132200.0,Appartement,48.0,2.0,54000.0,6.196976,48.681397,2754.1666666666665
2024-643790,2024-05-31,2024,406200.0,Appartement,60.0,3.0,54000.0,6.191024,48.687764,6770.0
2024-643792,2024-06-05,2024,320000.0,Appartement,42.0,2.0,54000.0,6.161319,48.687238,7619.047619047619
2024-643793,2024-06-03,2024,565250.0,Maison,160.0,7.0,54000.0,6.176356,48.683428,3532.8125
2024-643809,2024-06-24,2024,53200.0,Appartement,17.0,1.0,54000.0,6.178928,48.683816,3129.4117647058824
2024-643818,2024-06-19,2024,160000.0,Appartement,75.0,3.0,54000.0,6.162244,48.686619,2133.3333333333335
2024-643822,2024-06-18,2024,300000.0,Appartement,58.0,3.0,54000.0,6.186915,48.694953,5172.413793103448
2024-643834,2024-06-18,2024,330000.0,Appartement,86.0,3.0,54000.0,6.173396,48.701885,3837.2093023255816
2024-643857,2024-06-24,2024,64020.0,Appartement,25.0,1.0,54000.0,6.185409,48.68003,2560.8
2024-643863,2024-06-26,2024,120000.0,Appartement,42.0,2.0,54000.0,6.176435,48.674031,2857.1428571428573
2024-643874,2024-06-13,2024,394250.0,Appartement,121.0,6.0,54000.0,6.186357,48.690349,3258.2644628099174
2024-643875,2024-06-07,2024,62000.0,Appartement,23.0,2.0,54000.0,6.165193,48.687821,2695.6521739130435
2024-643902,2024-06-20,2024,85000.0,Appartement,28.0,2.0,54000.0,6.177663,48.694922,3035.714285714286
2024-643904,2024-06-17,2024,208000.0,Appartement,80.0,4.0,54000.0,6.183873,48.701269,2600.0
2024-643907,2024-06-20,2024,271000.0,Appartement,70.0,3.0,54000.0,6.167995,48.67794,3871.4285714285716
2024-643914,2024-06-24,2024,292800.0,Maison,133.0,4.0,54000.0,6.163534,48.675084,2201.503759398496
2024-643920,2024-06-12,2024,99620.0,Appartement,48.0,2.0,54000.0,6.185277,48.681396,2075.4166666666665
2024-643929,2024-06-21,2024,220000.0,Maison,85.0,4.0,54000.0,6.146835,48.691911,2588.235294117647
2024-643939,2024-06-13,2024,106000.0,Appartement,57.0,2.0,54000.0,6.176569,48.681412,1859.6491228070176
2024-643948,2024-06-12,2024,228000.0,Maison,100.0,4.0,54000.0,6.166299,48.702071,2280.0
2024-643949,2024-06-18,2024,59190.0,Appartement,22.0,1.0,54000.0,6.164773,48.692779,2690.4545454545455
2024-643954,2024-06-14,2024,70600.0,Appartement,23.0,1.0,54000.0,6.185327,48.678198,3069.5652173913045
2024-643956,2024-06-04,2024,56000.0,Appartement,32.0,1.0,54000.0,6.14576,48.696638,1750.0
2024-643961,2024-06-10,2024,108000.0,Appartement,41.0,2.0,54000.0,6.19289,48.689409,2634.1463414634145
2024-643964,2024-06-26,2024,120000.0,Appartement,75.0,4.0,54000.0,6.167028,48.686356,1600.0
2024-643968,2024-06-12,2024,507550.0,Appartement,54.0,3.0,54000.0,6.172674,48.699542,9399.074074074075
2024-643972,2024-06-13,2024,65000.0,Appartement,25.0,1.0,54000.0,6.171632,48.690814,2600.0
2024-643982,2024-06-19,2024,278500.0,Appartement,100.0,4.0,54000.0,6.183116,48.680954,2785.0
2024-643994,2024-06-28,2024,75000.0,Appartement,30.0,1.0,54000.0,6.196489,48.67866,2500.0
2024-644005,2024-06-13,2024,162000.0,Appartement,70.0,3.0,54000.0,6.1776,48.694973,2314.285714285714
2024-644024,2024-06-24,2024,191000.0,Appartement,74.0,4.0,54000.0,6.191257,48.691039,2581.0810810810813
2024-644025,2024-06-25,2024,124500.0,Appartement,67.0,3.0,54000.0,6.166179,48.691115,1858.2089552238806
2024-644027,2024-06-12,2024,130000.0,Appartement,76.0,3.0,54000.0,6.162869,48.702886,1710.5263157894738
2024-644033,2024-06-28,2024,52400.0,Appartement,30.0,1.0,54000.0,6.175948,48.689428,1746.6666666666667
2024-644034,2024-06-21,2024,205000.0,Appartement,65.0,3.0,54000.0,6.175015,48.700711,3153.846153846154
2024-644040,2024-06-15,2024,93500.0,Appartement,43.0,2.0,54000.0,6.196976,48.681397,2174.4186046511627
2024-644044,2024-06-07,2024,168000.0,Appartement,72.0,3.0,54000.0,6.160346,48.687713,2333.3333333333335
2024-644068,2024-06-19,2024,58000.0,Appartement,20.0,1.0,54000.0,6.178928,48.683816,2900.0
2024-644069,2024-06-12,2024,60000.0,Appartement,28.0,1.0,54000.0,6.181428,48.687036,2142.8571428571427
2024-644076,2024-06-27,2024,358600.0,Appartement,180.0,6.0,54000.0,6.172421,48.687685,1992.2222222222222
2024-644083,2024-06-26,2024,190000.0,Appartement,77.0,3.0,54000.0,6.181062,48.695912,2467.5324675324673
2024-644084,2024-06-26,2024,167000.0,Appartement,73.0,3.0,54000.0,6.169294,48.685154,2287.671232876712
2024-644097,2024-07-01,2024,174000.0,Appartement,75.0,4.0,54000.0,6.163335,48.687245,2320.0
2024-644105,2024-05-31,2024,308000.0,Appartement,150.0,5.0,54000.0,6.171924,48.699746,2053.3333333333335
2024-644120,2024-06-18,2024,139000.0,Appartement,93.0,3.0,54000.0,6.180973,48.6841,1494.6236559139784
2024-644124,2024-06-20,2024,110000.0,Appartement,65.0,3.0,54000.0,6.181427,48.680649,1692.3076923076924
2024-644140,2024-06-27,2024,102600.0,Appartement,50.0,3.0,54000.0,6.160307,48.687306,2052.0
2024-644141,2024-07-01,2024,176000.0,Appartement,60.0,3.0,54000.0,6.193999,48.681407,2933.3333333333335
2024-644143,2024-06-28,2024,69000.0,Appartement,33.0,2.0,54000.0,6.188795,48.690016,2090.909090909091
2024-644145,2024-06-26,2024,195000.0,Appartement,67.0,3.0,54000.0,6.194359,48.678263,2910.4477611940297
2024-644165,2024-06-25,2024,390000.0,Appartement,30.0,2.0,54000.0,6.179471,48.683569,13000.0
2024-644178,2024-06-10,2024,68000.0,Appartement,28.0,1.0,54000.0,6.17549,48.684098,2428.5714285714284
2024-644185,2024-06-28,2024,385000.0,Maison,88.0,4.0,54000.0,6.169293,48.698637,4375.0
2024-644189,2024-06-12,2024,680000.0,Appartement,80.0,3.0,54000.0,,,8500.0
2024-644193,2024-06-13,2024,102000.0,Appartement,53.0,2.0,54000.0,6.181878,48.693227,1924.5283018867924
2024-644194,2024-06-24,2024,123000.0,Appartement,49.0,1.0,54000.0,6.178204,48.698112,2510.204081632653
2024-644200,2024-06-17,2024,410000.0,Appartement,142.0,4.0,54000.0,6.178939,48.694852,2887.323943661972
2024-644209,2024-07-02,2024,202000.0,Maison,60.0,3.0,54000.0,6.1862,48.704723,3366.6666666666665
2024-644219,2024-06-21,2024,189500.0,Appartement,132.0,4.0,54000.0,6.184121,48.67622,1435.6060606060605
2024-644235,2024-06-26,2024,341000.0,Maison,158.0,7.0,54000.0,6.173906,48.675043,2158.227848101266
2024-644240,2024-06-12,2024,71000.0,Appartement,21.0,1.0,54000.0,6.196614,48.698909,3380.9523809523807
2024-644241,2024-07-02,2024,105180.0,Appartement,72.0,4.0,54000.0,6.161941,48.692737,1460.8333333333333
2024-644246,2024-06-20,2024,122000.0,Appartement,48.0,2.0,54000.0,6.177556,48.677111,2541.6666666666665
2024-644249,2024-06-12,2024,170000.0,Maison,65.0,3.0,54000.0,6.17286,48.706143,2615.3846153846152
2024-644251,2024-06-25,2024,225000.0,Appartement,96.0,4.0,54000.0,6.169446,48.698229,2343.75
2024-644252,2024-06-25,2024,61000.0,Appartement,39.0,2.0,54000.0,6.193488,48.68961,1564.1025641025642
2024-644295,2024-07-04,2024,472000.0,Appartement,155.0,5.0,54000.0,6.178114,48.689073,3045.1612903225805
2024-644299,2024-06-26,2024,88000.0,Appartement,62.0,2.0,54000.0,6.16691,48.688991,1419.3548387096773
2024-644302,2024-06-27,2024,58000.0,Appartement,19.0,1.0,54000.0,6.166431,48.683729,3052.6315789473683
2024-644307,2024-07-03,2024,152800.0,Appartement,56.0,2.0,54000.0,6.174767,48.672305,2728.5714285714284
2024-644310,2024-06-20,2024,455000.0,Appartement,69.0,5.0,54000.0,6.189829,48.696344,6594.202898550725
2024-644322,2024-06-24,2024,394000.0,Appartement,180.0,7.0,54000.0,6.168256,48.693257,2188.8888888888887
2024-644330,2024-06-26,2024,110200.0,Appartement,48.0,2.0,54000.0,6.173662,48.688697,2295.8333333333335
2024-644346,2024-07-03,2024,116400.0,Appartement,59.0,3.0,54000.0,6.181135,48.700558,1972.8813559322034
2024-644350,2024-06-17,2024,125000.0,Appartement,64.0,3.0,54000.0,6.178037,48.67772,1953.125
2024-644355,2024-06-25,2024,192600.0,Appartement,68.0,3.0,54000.0,6.174234,48.700606,2832.3529411764707
2024-644356,2024-06-26,2024,95000.0,Appartement,26.0,2.0,54000.0,6.171331,48.692617,3653.846153846154
2024-644370,2024-07-01,2024,351500.0,Appartement,125.0,3.0,54000.0,6.170976,48.683579,2812.0
2024-644377,2024-07-01,2024,311500.0,Appartement,119.0,5.0,54000.0,6.183048,48.700696,2617.6470588235293
2024-644381,2024-06-28,2024,100150.0,Appartement,34.0,2.0,54000.0,6.16639,48.689367,2945.5882352941176
2024-644383,2024-06-18,2024,111150.0,Appartement,48.0,3.0,54000.0,6.176577,48.676983,2315.625
2024-644386,2024-07-04,2024,152200.0,Appartement,92.0,4.0,54000.0,6.1951,48.681512,1654.3478260869565
2024-644388,2024-05-13,2024,405000.0,Appartement,42.0,2.0,54000.0,6.173601,48.682701,9642.857142857143
2024-644392,2024-07-05,2024,190000.0,Appartement,100.0,4.0,54000.0,6.178909,48.703605,1900.0
2024-644397,2024-07-04,2024,78000.0,Appartement,67.0,4.0,54000.0,6.158927,48.690216,1164.1791044776119
2024-644407,2024-06-25,2024,238100.0,Appartement,120.0,4.0,54000.0,6.172658,48.699143,1984.1666666666667
2024-644409,2024-07-05,2024,63000.0,Appartement,24.0,2.0,54000.0,6.174201,48.691072,2625.0
2024-644411,2024-07-03,2024,195000.0,Maison,38.0,4.0,54000.0,6.179887,48.707272,5131.578947368421
2024-644412,2024-06-12,2024,500200.0,Appartement,144.0,3.0,54000.0,6.189953,48.688544,3473.6111111111113
2024-644420,2024-06-26,2024,349000.0,Appartement,112.0,4.0,54000.0,6.164346,48.681649,3116.0714285714284
2024-644425,2024-07-05,2024,87000.0,Appartement,57.0,2.0,54000.0,6.183744,48.687596,1526.3157894736842
2024-644430,2024-06-26,2024,237500.0,Appartement,120.0,6.0,54000.0,6.167728,48.687676,1979.1666666666667
2024-644431,2024-06-27,2024,207250.0,Appartement,73.0,3.0,54000.0,6.167073,48.686608,2839.041095890411
2024-644432,2024-06-26,2024,440000.0,Appartement,42.0,2.0,54000.0,6.183273,48.700582,10476.190476190477
2024-644434,2024-07-01,2024,56690.0,Appartement,30.0,1.0,54000.0,6.172344,48.690379,1889.6666666666667
2024-644436,2024-06-28,2024,52750.0,Appartement,22.0,1.0,54000.0,6.171856,48.690265,2397.7272727272725
2024-644440,2024-07-01,2024,110000.0,Appartement,74.0,4.0,54000.0,6.195526,48.696701,1486.4864864864865
2024-644462,2024-06-28,2024,73000.0,Appartement,43.0,2.0,54000.0,6.175638,48.675925,1697.6744186046512
2024-644470,2024-06-26,2024,81700.0,Appartement,23.0,1.0,54000.0,6.187208,48.694539,3552.1739130434785
2024-644471,2024-06-14,2024,163000.0,Appartement,80.0,4.0,54000.0,6.16744,48.689837,2037.5
2024-644474,2024-07-08,2024,135700.0,Appartement,63.0,3.0,54000.0,6.177777,48.701601,2153.968253968254
2024-644478,2024-07-05,2024,60000.0,Appartement,87.0,3.0,54000.0,6.179182,48.687711,689.6551724137931
2024-644489,2024-07-02,2024,115000.0,Appartement,52.0,3.0,54000.0,6.175956,48.704863,2211.5384615384614
2024-644490,2024-06-21,2024,259000.0,Maison,115.0,5.0,54000.0,6.189598,48.700559,2252.1739130434785
2024-644495,2024-06-28,2024,245000.0,Appartement,83.0,4.0,54000.0,6.179198,48.676703,2951.8072289156626
2024-644498,2024-06-21,2024,132000.0,Appartement,48.0,2.0,54000.0,6.196614,48.698909,2750.0
2024-644500,2024-06-26,2024,77000.0,Appartement,31.0,1.0,54000.0,6.186963,48.683864,2483.8709677419356
2024-644503,2024-06-18,2024,83990.0,Appartement,42.0,2.0,54000.0,6.184081,48.689543,1999.7619047619048
2024-644506,2024-07-01,2024,57000.0,Appartement,30.0,1.0,54000.0,6.160249,48.684336,1900.0
2024-644513,2024-06-24,2024,207000.0,Appartement,107.0,4.0,54000.0,6.198154,48.689456,1934.5794392523364
2024-644518,2024-07-05,2024,145300.0,Appartement,67.0,3.0,54000.0,6.170641,48.684543,2168.6567164179105
2024-644533,2024-06-19,2024,61000.0,Appartement,18.0,1.0,54000.0,6.1734,48.700198,3388.8888888888887
2024-644536,2024-06-21,2024,145000.0,Appartement,57.0,3.0,54000.0,6.170979,48.671398,2543.8596491228072
2024-644549,2024-06-21,2024,155000.0,Appartement,68.0,3.0,54000.0,6.194318,48.677892,2279.4117647058824
2024-644560,2024-07-08,2024,59000.0,Appartement,42.0,2.0,54000.0,6.187272,48.678672,1404.7619047619048
2024-644568,2024-07-05,2024,163500.0,Appartement,53.0,1.0,54000.0,6.17826,48.692626,3084.9056603773583
2024-644573,2024-07-01,2024,145000.0,Appartement,45.0,3.0,54000.0,6.173353,48.703183,3222.222222222222
2024-644579,2024-06-24,2024,68500.0,Appartement,25.0,1.0,54000.0,6.175531,48.689366,2740.0
2024-644595,2024-06-28,2024,341000.0,Maison,60.0,3.0,54000.0,6.185312,48.676653,5683.333333333333
2024-644603,2024-07-03,2024,169000.0,Appartement,89.0,4.0,54000.0,6.168021,48.668771,1898.876404494382
2024-644605,2024-06-27,2024,170000.0,Appartement,91.0,3.0,54000.0,6.175199,48.699365,1868.131868131868
2024-644619,2024-07-03,2024,170100.0,Appartement,88.0,4.0,54000.0,6.160346,48.687713,1932.9545454545455
2024-644620,2024-07-04,2024,166750.0,Appartement,72.0,3.0,54000.0,6.185584,48.680482,2315.972222222222
2024-644621,2024-07-05,2024,271500.0,Maison,107.0,5.0,54000.0,6.185137,48.705031,2537.3831775700933
2024-644637,2024-07-08,2024,165000.0,Maison,93.0,4.0,54000.0,6.173793,48.68329,1774.1935483870968
2024-644642,2024-07-08,2024,176650.0,Appartement,22.0,1.0,54000.0,6.178337,48.69854,8029.545454545455
2024-644658,2024-06-28,2024,64000.0,Appartement,22.0,1.0,54000.0,6.175569,48.683687,2909.090909090909
2024-644671,2024-07-12,2024,209200.0,Maison,73.0,4.0,54000.0,6.196889,48.682714,2865.753424657534
2024-644676,2024-06-27,2024,119000.0,Maison,54.0,2.0,54000.0,6.180427,48.694899,2203.703703703704
2024-644679,2024-06-27,2024,171000.0,Appartement,79.0,4.0,54000.0,6.16948,48.689474,2164.5569620253164
2024-644680,2024-07-02,2024,82500.0,Appartement,38.0,2.0,54000.0,6.171454,48.683866,2171.0526315789475
2024-644684,2024-07-08,2024,178000.0,Maison,113.0,4.0,54000.0,6.175062,48.707116,1575.2212389380531
2024-644691,2024-07-05,2024,60000.0,Appartement,67.0,4.0,54000.0,6.158927,48.690216,895.5223880597015
2024-644701,2024-07-10,2024,78000.0,Appartement,28.0,1.0,54000.0,6.194359,48.678263,2785.714285714286
2024-644714,2024-07-09,2024,75000.0,Appartement,35.0,1.0,54000.0,6.144767,48.693206,2142.8571428571427
2024-644725,2024-07-15,2024,425000.0,Maison,172.0,7.0,54000.0,6.17597,48.673338,2470.9302325581393
2024-644736,2024-07-01,2024,335000.0,Maison,112.0,6.0,54000.0,6.156111,48.693445,2991.0714285714284
2024-644761,2024-07-03,2024,116430.0,Appartement,67.0,2.0,54000.0,6.18762,48.680442,1737.7611940298507
2024-644770,2024-07-12,2024,113085.0,Appartement,47.0,2.0,54000.0,6.161448,48.683616,2406.063829787234
2024-644781,2024-07-09,2024,152000.0,Appartement,50.0,2.0,54000.0,6.189546,48.685812,3040.0
2024-644787,2024-07-10,2024,38000.0,Appartement,29.0,2.0,54000.0,6.171793,48.682942,1310.344827586207
2024-644794,2024-07-15,2024,177300.0,Maison,80.0,3.0,54000.0,6.138751,48.69373,2216.25
2024-644809,2024-07-08,2024,124000.0,Appartement,41.0,2.0,54000.0,6.200865,48.699118,3024.390243902439
2024-644816,2024-06-28,2024,151000.0,Appartement,54.0,2.0,54000.0,6.175199,48.699365,2796.296296296296
2024-644822,2024-07-15,2024,62500.0,Appartement,20.0,1.0,54000.0,6.175531,48.689366,3125.0
2024-644832,2024-07-12,2024,131600.0,Appartement,66.0,4.0,54000.0,6.165448,48.667637,1993.939393939394
2024-644841,2024-07-12,2024,58000.0,Appartement,24.0,1.0,54000.0,6.167271,48.698448,2416.6666666666665
2024-644846,2024-07-05,2024,116000.0,Appartement,66.0,3.0,54000.0,6.166973,48.696537,1757.5757575757575
2024-644850,2024-07-05,2024,87900.0,Appartement,46.0,3.0,54000.0,6.180298,48.702591,1910.8695652173913
2024-644876,2024-07-18,2024,91000.0,Appartement,35.0,2.0,54000.0,6.171339,48.67428,2600.0
2024-644877,2024-07-04,2024,65650.0,Appartement,27.0,1.0,54000.0,6.198774,48.678259,2431.4814814814813
2024-644891,2024-07-11,2024,104500.0,Appartement,41.0,2.0,54000.0,6.198025,48.680738,2548.7804878048782
2024-644892,2024-07-10,2024,120000.0,Appartement,53.0,2.0,54000.0,6.162869,48.702886,2264.1509433962265
2024-644907,2024-07-12,2024,107500.0,Appartement,45.0,2.0,54000.0,6.178341,48.682234,2388.8888888888887
2024-644926,2024-07-05,2024,270000.0,Maison,120.0,5.0,54000.0,6.162285,48.696649,2250.0
2024-644939,2024-07-18,2024,54090.0,Appartement,20.0,1.0,54000.0,6.180512,48.682182,2704.5
2024-644948,2024-06-25,2024,116850.0,Appartement,50.0,3.0,54000.0,6.18627,48.694264,2337.0
2024-644951,2024-07-12,2024,151500.0,Appartement,67.0,3.0,54000.0,6.169294,48.685154,2261.194029850746
2024-644958,2024-07-05,2024,100000.0,Appartement,85.0,4.0,54000.0,6.165719,48.674499,1176.4705882352941
2024-644965,2024-07-04,2024,130000.0,Appartement,47.0,2.0,54000.0,6.172866,48.686997,2765.9574468085107
2024-644970,2024-07-16,2024,97000.0,Appartement,71.0,4.0,54000.0,6.170934,48.671006,1366.1971830985915
2024-644990,2024-07-09,2024,183500.0,Appartement,70.0,3.0,54000.0,6.178846,48.69597,2621.4285714285716
2024-644998,2024-07-04,2024,248700.0,Appartement,89.0,4.0,54000.0,6.168608,48.693252,2794.38202247191
2024-645000,2024-07-11,2024,161500.0,Appartement,86.0,4.0,54000.0,6.180034,48.687951,1877.906976744186
2024-645001,2024-07-08,2024,81000.0,Appartement,51.0,2.0,54000.0,6.186937,48.688523,1588.235294117647
2024-645011,2024-07-12,2024,84900.0,Appartement,46.0,2.0,54000.0,6.185409,48.68003,1845.6521739130435
2024-645056,2024-07-22,2024,204000.0,Appartement,81.0,4.0,54000.0,6.194318,48.677892,2518.5185185185187
2024-645059,2024-07-18,2024,75000.0,Appartement,65.0,2.0,54000.0,6.186461,48.684793,1153.8461538461538
2024-645064,2024-07-19,2024,55000.0,Appartement,25.0,1.0,54000.0,6.180247,48.686793,2200.0
2024-645066,2024-07-12,2024,60000.0,Appartement,15.0,1.0,54000.0,6.176945,48.697236,4000.0
2024-645075,2024-07-04,2024,196000.0,Maison,73.0,4.0,54000.0,6.198666,48.689774,2684.931506849315
2024-645077,2024-07-12,2024,75000.0,Appartement,28.0,1.0,54000.0,6.191257,48.691039,2678.5714285714284
2024-645085,2024-07-15,2024,58000.0,Appartement,25.0,1.0,54000.0,,,2320.0
2024-645094,2024-07-16,2024,146500.0,Appartement,72.0,3.0,54000.0,6.191738,48.696658,2034.7222222222222
2024-645097,2024-07-04,2024,200000.0,Appartement,74.0,4.0,54000.0,6.171142,48.686456,2702.7027027027025
2024-645116,2024-06-27,2024,179000.0,Appartement,71.0,4.0,54000.0,6.167327,48.685467,2521.1267605633802
2024-645122,2024-06-27,2024,100000.0,Appartement,97.0,3.0,54000.0,6.179182,48.687711,1030.9278350515465
2024-645123,2024-07-02,2024,189000.0,Appartement,44.0,3.0,54000.0,6.169513,48.676876,4295.454545454545
2024-645136,2024-07-09,2024,289000.0,Appartement,144.0,6.0,54000.0,6.156177,48.696949,2006.9444444444443
2024-645150,2024-07-09,2024,308000.0,Maison,130.0,3.0,54000.0,6.168422,48.700324,2369.230769230769
2024-645162,2024-07-11,2024,225000.0,Appartement,91.0,4.0,54000.0,6.169024,48.691179,2472.5274725274726
2024-645173,2024-07-19,2024,97000.0,Appartement,42.0,2.0,54000.0,6.160249,48.684336,2309.5238095238096
2024-645178,2024-07-19,2024,103000.0,Appartement,81.0,4.0,54000.0,6.175249,48.67664,1271.6049382716049
2024-645187,2024-07-04,2024,90000.0,Appartement,47.0,2.0,54000.0,6.163007,48.679244,1914.8936170212767
2024-645191,2024-07-19,2024,76000.0,Appartement,42.0,3.0,54000.0,6.180298,48.702591,1809.5238095238096
2024-645203,2024-07-10,2024,120650.0,Appartement,40.0,2.0,54000.0,6.160239,48.687427,3016.25
2024-645210,2024-07-15,2024,659000.0,Maison,222.0,7.0,54000.0,6.169871,48.703526,2968.4684684684685
2024-645215,2024-07-15,2024,169100.0,Appartement,100.0,5.0,54000.0,6.179435,48.682157,1691.0
2024-645234,2024-07-18,2024,110000.0,Appartement,51.0,3.0,54000.0,6.18755,48.684352,2156.8627450980393
2024-645237,2024-07-18,2024,355290.0,Appartement,137.0,6.0,54000.0,6.170979,48.671398,2593.3576642335765
2024-645249,2024-07-15,2024,189900.0,Maison,85.0,4.0,54100.0,6.146366,48.702745,2234.1176470588234
2024-645261,2024-07-25,2024,41300.0,Appartement,14.0,1.0,54000.0,6.176371,48.705751,2950.0
2024-645262,2024-07-25,2024,148500.0,Appartement,48.0,2.0,54000.0,6.168659,48.68255,3093.75
2024-645266,2024-07-23,2024,252200.0,Appartement,103.0,4.0,54000.0,6.178182,48.705032,2448.5436893203882
2024-645268,2024-07-17,2024,156000.0,Appartement,109.0,4.0,54000.0,6.164222,48.682238,1431.1926605504586
2024-645270,2024-07-19,2024,340000.0,Appartement,93.0,4.0,54000.0,6.181142,48.700776,3655.9139784946237
2024-645279,2024-07-01,2024,64450.0,Appartement,23.0,1.0,54000.0,6.18259,48.690178,2802.1739130434785
2024-645282,2024-07-23,2024,590000.0,Maison,151.0,8.0,54000.0,6.166504,48.69089,3907.2847682119204
2024-645284,2024-07-19,2024,327350.0,Maison,100.0,4.0,54000.0,6.191148,48.679741,3273.5
2024-645291,2024-07-24,2024,65000.0,Appartement,44.0,2.0,54000.0,6.185047,48.677107,1477.2727272727273
2024-645292,2024-07-19,2024,47500.0,Appartement,30.0,1.0,54000.0,6.171429,48.69021,1583.3333333333333
2024-645295,2024-06-26,2024,260000.0,Appartement,177.0,6.0,54000.0,6.167136,48.695029,1468.9265536723165
2024-645296,2024-07-19,2024,105000.0,Maison,61.0,3.0,54000.0,6.149328,48.697871,1721.311475409836
2024-645303,2024-07-25,2024,65000.0,Appartement,42.0,2.0,54000.0,6.1488,48.691485,1547.6190476190477
2024-645313,2024-07-22,2024,112500.0,Appartement,50.0,3.0,54000.0,6.182873,48.681541,2250.0
2024-645315,2024-07-25,2024,218500.0,Maison,97.0,3.0,54000.0,6.155265,48.699285,2252.577319587629
2024-645333,2024-07-19,2024,51240.0,Appartement,20.0,1.0,54000.0,6.180512,48.682182,2562.0
2024-645335,2024-07-17,2024,85670.0,Appartement,34.0,2.0,54000.0,6.177818,48.673537,2519.705882352941
2024-645373,2024-07-25,2024,72100.0,Appartement,39.0,2.0,54000.0,6.18755,48.684352,1848.7179487179487
2024-645376,2024-07-16,2024,90799.0,Appartement,37.0,2.0,54000.0,6.187842,48.694667,2454.027027027027
2024-645377,2024-06-27,2024,32160.0,Appartement,15.0,1.0,54000.0,6.189552,48.683267,2144.0
2024-645379,2024-07-11,2024,672000.0,Appartement,43.0,2.0,54000.0,6.17775,48.683401,15627.906976744185
2024-645380,2024-07-19,2024,105300.0,Appartement,50.0,3.0,54000.0,6.166359,48.681212,2106.0
2024-645381,2024-07-11,2024,237500.0,Appartement,86.0,4.0,54000.0,6.19659,48.693185,2761.6279069767443
2024-645382,2024-07-16,2024,197400.0,Appartement,70.0,3.0,54000.0,6.161071,48.687006,2820.0
2024-645385,2024-07-05,2024,40000.0,Appartement,28.0,1.0,54000.0,6.190702,48.699163,1428.5714285714287
2024-645387,2024-07-05,2024,70500.0,Appartement,27.0,1.0,54000.0,6.178037,48.67772,2611.1111111111113
2024-645396,2024-07-29,2024,108500.0,Appartement,50.0,2.0,54000.0,6.180034,48.687951,2170.0
2024-645397,2024-07-26,2024,234000.0,Appartement,100.0,4.0,54000.0,6.16759,48.686829,2340.0
2024-645400,2024-07-02,2024,250000.0,Appartement,106.0,3.0,54000.0,6.181614,48.690906,2358.490566037736
2024-645401,2024-07-12,2024,74575.0,Appartement,23.0,1.0,54000.0,6.16173,48.688205,3242.391304347826
2024-645407,2024-07-25,2024,143620.0,Appartement,76.0,3.0,54000.0,6.167294,48.694517,1889.7368421052631
2024-645413,2024-07-29,2024,89450.0,Appartement,42.0,1.0,54000.0,6.194044,48.690495,2129.7619047619046
2024-645415,2024-07-10,2024,59720.0,Appartement,50.0,2.0,54000.0,6.180512,48.682182,1194.4
2024-645417,2024-07-25,2024,74000.0,Appartement,27.0,1.0,54000.0,6.180366,48.692275,2740.740740740741
2024-645419,2024-07-26,2024,429150.0,Appartement,97.0,3.0,54000.0,6.170558,48.689111,4424.226804123711
2024-645420,2024-07-25,2024,55100.0,Appartement,18.0,1.0,54000.0,6.188382,48.684669,3061.1111111111113
2024-645430,2024-07-10,2024,40000.0,Appartement,28.0,2.0,54000.0,6.173601,48.682701,1428.5714285714287
2024-645459,2024-07-25,2024,178500.0,Appartement,67.0,3.0,54000.0,6.1951,48.681512,2664.179104477612
2024-645461,2024-07-16,2024,99000.0,Appartement,31.0,2.0,54000.0,6.181179,48.691049,3193.548387096774
2024-645467,2024-07-08,2024,170000.0,Appartement,69.0,3.0,54000.0,6.181256,48.691213,2463.768115942029
2024-645472,2024-07-26,2024,186000.0,Appartement,90.0,4.0,54000.0,6.166228,48.688166,2066.6666666666665
2024-645478,2024-07-24,2024,140000.0,Appartement,46.0,2.0,54000.0,6.170921,48.68479,3043.478260869565
2024-645492,2024-07-26,2024,119000.0,Appartement,71.0,3.0,54000.0,6.189477,48.696678,1676.056338028169
2024-645494,2024-07-23,2024,83500.0,Appartement,33.0,1.0,54000.0,6.168721,48.699719,2530.3030303030305
2024-645539,2024-07-26,2024,441000.0,Appartement,31.0,2.0,54000.0,6.190519,48.692344,14225.806451612903
2024-645546,2024-07-19,2024,109000.0,Appartement,49.0,2.0,54000.0,6.185584,48.680482,2224.4897959183672
2024-645551,2024-07-17,2024,195000.0,Appartement,67.0,3.0,54000.0,6.179155,48.701152,2910.4477611940297
2024-645553,2024-07-17,2024,125500.0,Appartement,71.0,4.0,54000.0,6.170934,48.671006,1767.605633802817
2024-645558,2024-07-29,2024,250000.0,Appartement,75.0,4.0,54000.0,6.164119,48.68308,3333.3333333333335
2024-645560,2024-07-30,2024,78500.0,Appartement,24.0,1.0,54000.0,6.191978,48.680956,3270.8333333333335
2024-645561,2024-07-29,2024,68500.0,Appartement,23.0,1.0,54000.0,6.167096,48.699082,2978.2608695652175
2024-645564,2024-07-23,2024,111150.0,Appartement,67.0,4.0,54000.0,6.184935,48.687032,1658.955223880597
2024-645573,2024-07-04,2024,300000.0,Maison,116.0,5.0,54000.0,6.166614,48.702832,2586.206896551724
2024-645575,2024-07-30,2024,111000.0,Appartement,42.0,3.0,54000.0,6.174922,48.70358,2642.8571428571427
2024-645578,2024-06-25,2024,268000.0,Appartement,62.0,3.0,54000.0,6.168573,48.686321,4322.580645161291
2024-645593,2024-07-29,2024,70150.0,Appartement,63.0,3.0,54000.0,6.138771,48.692841,1113.4920634920634
2024-645601,2024-07-16,2024,210000.0,Appartement,75.0,2.0,54000.0,6.184795,48.680899,2800.0
2024-645603,2024-07-08,2024,114000.0,Appartement,65.0,3.0,54000.0,6.168573,48.686321,1753.8461538461538
2024-645605,2024-07-04,2024,101000.0,Appartement,56.0,2.0,54000.0,6.161798,48.688126,1803.5714285714287
2024-645612,2024-07-31,2024,120650.0,Appartement,68.0,3.0,54000.0,6.164151,48.703724,1774.264705882353
2024-645614,2024-07-31,2024,131100.0,Appartement,87.0,3.0,54000.0,6.179182,48.687711,1506.896551724138
2024-645615,2024-07-30,2024,179550.0,Appartement,81.0,4.0,54000.0,6.168231,48.682801,2216.6666666666665
2024-645620,2024-07-12,2024,102200.0,Appartement,46.0,2.0,54000.0,6.194044,48.690495,2221.7391304347825
2024-645621,2024-07-08,2024,90000.0,Appartement,52.0,2.0,54000.0,6.163612,48.695842,1730.7692307692307
2024-645631,2024-07-30,2024,96000.0,Appartement,66.0,4.0,54000.0,6.161941,48.692737,1454.5454545454545
2024-645662,2024-07-05,2024,120313.0,Appartement,97.0,4.0,54000.0,6.180247,48.686793,1240.340206185567
2024-645671,2024-07-23,2024,122700.0,Appartement,65.0,4.0,54000.0,6.161941,48.692737,1887.6923076923076
2024-645678,2024-07-24,2024,85500.0,Appartement,30.0,1.0,54000.0,6.176435,48.674031,2850.0
2024-645681,2024-07-30,2024,135000.0,Appartement,55.0,3.0,54000.0,6.178178,48.702558,2454.5454545454545
2024-645684,2024-08-01,2024,117915.0,Appartement,49.0,2.0,54000.0,6.160813,48.68977,2406.4285714285716
2024-645690,2024-08-01,2024,72150.0,Appartement,25.0,1.0,54000.0,6.158498,48.69836,2886.0
2024-645691,2024-08-01,2024,74700.0,Appartement,29.0,1.0,54000.0,6.188486,48.683864,2575.862068965517
2024-645707,2024-08-01,2024,131000.0,Appartement,55.0,3.0,54000.0,6.178178,48.702558,2381.818181818182
2024-645716,2024-07-15,2024,65000.0,Appartement,22.0,2.0,54000.0,6.180131,48.683783,2954.5454545454545
2024-645722,2024-07-31,2024,206550.0,Appartement,80.0,3.0,54000.0,6.185695,48.688326,2581.875
2024-645740,2024-07-16,2024,204250.0,Appartement,77.0,3.0,54000.0,6.177777,48.701601,2652.5974025974024
2024-645741,2024-07-19,2024,145000.0,Appartement,67.0,2.0,54000.0,6.189985,48.697361,2164.179104477612
2024-645743,2024-07-05,2024,280000.0,Appartement,55.0,4.0,54000.0,6.18067,48.677082,5090.909090909091
2024-645754,2024-07-19,2024,124750.0,Appartement,57.0,3.0,54000.0,6.148242,48.692202,2188.59649122807
2024-645758,2024-08-05,2024,96000.0,Appartement,43.0,2.0,54000.0,6.176371,48.705751,2232.5581395348836
2024-645767,2024-07-31,2024,960000.0,Appartement,116.0,4.0,54000.0,6.179874,48.693375,8275.862068965518
2024-645775,2024-08-01,2024,268000.0,Appartement,78.0,3.0,54000.0,6.173395,48.69859,3435.897435897436
2024-645789,2024-08-01,2024,140000.0,Appartement,63.0,2.0,54000.0,6.180753,48.693914,2222.222222222222
2024-645791,2024-07-29,2024,64000.0,Appartement,35.0,2.0,54000.0,6.185349,48.690603,1828.5714285714287
2024-645792,2024-07-30,2024,80000.0,Appartement,29.0,1.0,54000.0,6.1951,48.681512,2758.6206896551726
2024-645796,2024-07-30,2024,187500.0,Appartement,76.0,4.0,54000.0,6.165952,48.684787,2467.1052631578946
2024-645813,2024-08-05,2024,91400.0,Appartement,33.0,1.0,54000.0,6.192048,48.696468,2769.6969696969695
2024-645821,2024-08-05,2024,82200.0,Appartement,20.0,1.0,54000.0,6.18654,48.684997,4110.0
2024-645823,2024-07-23,2024,317000.0,Maison,108.0,4.0,54000.0,6.156902,48.692728,2935.185185185185
2024-645833,2024-07-15,2024,194000.0,Appartement,82.0,4.0,54000.0,6.178909,48.703605,2365.8536585365855
2024-645839,2024-07-26,2024,116000.0,Appartement,48.0,2.0,54000.0,6.166868,48.688156,2416.6666666666665
2024-645844,2024-08-02,2024,120000.0,Appartement,50.0,2.0,54000.0,6.164952,48.676979,2400.0
2024-645853,2024-07-11,2024,102600.0,Appartement,49.0,2.0,54000.0,6.164151,48.703724,2093.877551020408
2024-645863,2024-08-02,2024,402000.0,Appartement,56.0,3.0,54000.0,6.168845,48.669469,7178.571428571428
2024-645868,2024-08-02,2024,162000.0,Maison,98.0,3.0,54000.0,6.19502,48.679296,1653.061224489796
2024-645872,2024-07-31,2024,160000.0,Appartement,52.0,2.0,54000.0,6.1859,48.694179,3076.923076923077
2024-645873,2024-08-02,2024,226840.0,Appartement,86.0,5.0,54000.0,6.170979,48.671398,2637.6744186046512
2024-645874,2024-07-24,2024,382000.0,Appartement,145.0,5.0,54000.0,6.175199,48.699365,2634.4827586206898
2024-645880,2024-07-23,2024,500000.0,Appartement,37.0,2.0,54000.0,6.170121,48.684022,13513.513513513513
2024-645881,2024-08-06,2024,66000.0,Appartement,25.0,1.0,54000.0,6.187315,48.689064,2640.0
2024-645888,2024-07-31,2024,439998.0,Appartement,153.0,5.0,54000.0,6.174448,48.692683,2875.8039215686276
2024-645896,2024-07-19,2024,110000.0,Appartement,46.0,2.0,54000.0,6.186624,48.683308,2391.304347826087
2024-645898,2024-07-19,2024,57000.0,Appartement,24.0,1.0,54000.0,6.188827,48.67951,2375.0
2024-645906,2024-07-12,2024,155000.0,Appartement,73.0,3.0,54000.0,6.160346,48.687713,2123.2876712328766
2024-645907,2024-07-25,2024,175000.0,Appartement,66.0,3.0,54000.0,6.160346,48.687713,2651.5151515151515
2024-645910,2024-08-05,2024,103000.0,Appartement,34.0,2.0,54000.0,6.18747,48.681929,3029.4117647058824
2024-645912,2024-08-02,2024,190000.0,Appartement,96.0,4.0,54000.0,6.16691,48.688991,1979.1666666666667
2024-645919,2024-08-01,2024,95800.0,Appartement,72.0,4.0,54000.0,6.161941,48.692737,1330.5555555555557
2024-645920,2024-08-06,2024,68800.0,Appartement,26.0,1.0,54000.0,6.187315,48.689064,2646.153846153846
2024-645921,2024-08-02,2024,280000.0,Appartement,42.0,2.0,54000.0,6.17045,48.704516,6666.666666666667
2024-645925,2024-07-26,2024,55500.0,Appartement,25.0,1.0,54000.0,6.167247,48.691696,2220.0
2024-645927,2024-07-24,2024,61500.0,Appartement,24.0,1.0,54000.0,6.194318,48.677892,2562.5
2024-645933,2024-07-17,2024,105000.0,Appartement,31.0,2.0,54000.0,6.182518,48.688232,3387.0967741935483
2024-645934,2024-07-23,2024,77000.0,Appartement,38.0,1.0,54000.0,6.197487,48.678232,2026.3157894736842
2024-645939,2024-07-12,2024,355000.0,Appartement,22.0,1.0,54000.0,6.189547,48.696616,16136.363636363636
2024-645945,2024-08-01,2024,66900.0,Appartement,31.0,1.0,54000.0,6.162688,48.698194,2158.064516129032
2024-645948,2024-07-29,2024,315041.0,Appartement,114.0,3.0,54000.0,6.185276,48.691836,2763.5175438596493
2024-645960,2024-07-24,2024,156000.0,Appartement,90.0,4.0,54000.0,6.172255,48.685894,1733.3333333333333
2024-645971,2024-08-06,2024,138200.0,Appartement,89.0,4.0,54000.0,6.197947,48.678627,1552.808988764045
2024-645973,2024-08-06,2024,56650.0,Appartement,23.0,1.0,54000.0,6.181844,48.683225,2463.0434782608695
2024-645987,2024-08-06,2024,86000.0,Appartement,63.0,3.0,54000.0,6.14576,48.696638,1365.079365079365
2024-645988,2024-08-06,2024,498750.0,Appartement,125.0,4.0,54000.0,6.168617,48.688436,3990.0
2024-645995,2024-07-19,2024,235000.0,Maison,86.0,5.0,54000.0,6.163887,48.677666,2732.5581395348836
2024-645997,2024-08-07,2024,103020.0,Appartement,20.0,1.0,54000.0,6.180512,48.682182,5151.0
2024-645998,2024-08-07,2024,103120.0,Appartement,20.0,1.0,54000.0,6.180512,48.682182,5156.0
2024-646001,2024-08-07,2024,103030.0,Appartement,20.0,1.0,54000.0,6.180512,48.682182,5151.5
2024-646023,2024-07-22,2024,245000.0,Maison,90.0,4.0,54000.0,6.194908,48.678412,2722.222222222222
2024-646024,2024-08-08,2024,70400.0,Appartement,33.0,1.0,54000.0,6.165785,48.687077,2133.3333333333335
2024-646053,2024-08-02,2024,63910.0,Appartement,19.0,1.0,54000.0,6.196248,48.67759,3363.684210526316
2024-646057,2024-08-12,2024,107000.0,Appartement,61.0,3.0,54100.0,6.145985,48.703,1754.0983606557377
2024-646064,2024-08-08,2024,51560.0,Appartement,19.0,1.0,54000.0,6.180512,48.682182,2713.684210526316
2024-646067,2024-08-05,2024,167000.0,Appartement,85.0,3.0,54000.0,6.16636,48.68667,1964.7058823529412
2024-646069,2024-08-07,2024,122510.0,Appartement,54.0,2.0,54000.0,6.18729,48.684453,2268.703703703704
2024-646075,2024-07-25,2024,157690.0,Appartement,71.0,3.0,54000.0,6.187095,48.704869,2220.9859154929577
2024-646080,2024-08-02,2024,62940.0,Appartement,19.0,1.0,54000.0,6.196248,48.67759,3312.6315789473683
2024-646081,2024-08-02,2024,266950.0,Appartement,113.0,5.0,54000.0,6.178909,48.703605,2362.3893805309735
2024-646082,2024-08-09,2024,153000.0,Maison,28.0,1.0,54000.0,,,5464.285714285715
2024-646083,2024-07-29,2024,82000.0,Appartement,27.0,2.0,54000.0,6.186522,48.689636,3037.037037037037
2024-646102,2024-08-08,2024,69500.0,Appartement,30.0,1.0,54000.0,6.172317,48.686379,2316.6666666666665
2024-646108,2024-07-30,2024,67250.0,Appartement,23.0,1.0,54000.0,6.170173,48.687625,2923.913043478261
2024-646113,2024-07-17,2024,195500.0,Appartement,97.0,5.0,54000.0,6.160249,48.684336,2015.4639175257732
2024-646114,2024-07-29,2024,400000.0,Appartement,109.0,4.0,54000.0,6.174356,48.694437,3669.7247706422017
2024-646124,2024-08-01,2024,184000.0,Appartement,78.0,4.0,54000.0,6.189546,48.685812,2358.974358974359
2024-646127,2024-07-29,2024,119000.0,Appartement,54.0,3.0,54000.0,6.162185,48.681856,2203.703703703704
2024-646128,2024-07-26,2024,128000.0,Appartement,59.0,2.0,54000.0,6.167783,48.68215,2169.491525423729
2024-646131,2024-07-31,2024,54000.0,Appartement,27.0,1.0,54000.0,6.189238,48.682944,2000.0
2024-646146,2024-08-13,2024,155000.0,Appartement,72.0,3.0,54000.0,6.182339,48.67604,2152.777777777778
2024-646155,2024-07-19,2024,62910.0,Appartement,28.0,1.0,54000.0,6.188382,48.684669,2246.785714285714
2024-646163,2024-08-14,2024,325000.0,Maison,127.0,5.0,54000.0,6.182122,48.701654,2559.0551181102364
2024-646166,2024-08-14,2024,365000.0,Maison,127.0,5.0,54000.0,6.182122,48.701654,2874.015748031496
2024-646169,2024-08-05,2024,104280.0,Appartement,49.0,3.0,54000.0,6.183381,48.70122,2128.1632653061224
2024-646182,2024-07-30,2024,149000.0,Maison,81.0,4.0,54000.0,6.144805,48.696224,1839.5061728395062
2024-646194,2024-07-31,2024,164300.0,Appartement,77.0,3.0,54000.0,6.160249,48.684336,2133.7662337662337
2024-646197,2024-08-01,2024,182000.0,Maison,85.0,4.0,54100.0,6.145882,48.70345,2141.176470588235
2024-646198,2024-07-25,2024,95000.0,Appartement,39.0,2.0,54000.0,6.190804,48.690712,2435.897435897436
2024-646203,2024-08-14,2024,92500.0,Appartement,32.0,1.0,54000.0,6.168231,48.682801,2890.625
2024-646204,2024-08-14,2024,210000.0,Appartement,86.0,3.0,54000.0,6.185866,48.689927,2441.860465116279
2024-646205,2024-08-02,2024,156000.0,Appartement,70.0,3.0,54000.0,6.175948,48.677064,2228.5714285714284
2024-646206,2024-08-14,2024,75000.0,Maison,72.0,5.0,54000.0,6.154557,48.699577,1041.6666666666667
2024-646213,2024-08-14,2024,265050.0,Appartement,87.0,4.0,54000.0,6.189331,48.689188,3046.551724137931
2024-646218,2024-07-30,2024,79600.0,Appartement,35.0,1.0,54000.0,6.182209,48.692511,2274.285714285714
2024-646219,2024-08-14,2024,114800.0,Appartement,45.0,2.0,54000.0,6.166231,48.685973,2551.1111111111113
2024-646222,2024-07-31,2024,50000.0,Appartement,25.0,1.0,54000.0,6.17815,48.684524,2000.0
2024-646240,2024-08-07,2024,123500.0,Appartement,70.0,4.0,54000.0,6.165972,48.701271,1764.2857142857142
2024-646241,2024-08-06,2024,194950.0,Appartement,78.0,3.0,54000.0,6.17766,48.698032,2499.358974358974
2024-646242,2024-08-14,2024,347500.0,Maison,62.0,3.0,54000.0,6.171077,48.683501,5604.8387096774195
2024-646245,2024-08-19,2024,302000.0,Appartement,40.0,2.0,54000.0,6.169364,48.701662,7550.0
2024-646246,2024-08-19,2024,135500.0,Appartement,68.0,4.0,54000.0,6.169696,48.684046,1992.6470588235295
2024-646249,2024-08-07,2024,74800.0,Appartement,26.0,1.0,54000.0,6.172995,48.683677,2876.923076923077
2024-646267,2024-08-02,2024,363000.0,Maison,122.0,4.0,54000.0,6.187686,48.685324,2975.409836065574
2024-646276,2024-08-14,2024,50000.0,Appartement,23.0,1.0,54000.0,6.167096,48.699082,2173.913043478261
2024-646295,2024-07-29,2024,90000.0,Appartement,60.0,3.0,54000.0,6.190702,48.699163,1500.0
2024-646302,2024-07-30,2024,101650.0,Appartement,46.0,2.0,54000.0,6.168302,48.669911,2209.782608695652
2024-646305,2024-07-30,2024,73625.0,Appartement,32.0,1.0,54000.0,6.190991,48.688501,2300.78125
2024-646308,2024-07-29,2024,78200.0,Appartement,27.0,1.0,54000.0,6.185613,48.687891,2896.296296296296
2024-646309,2024-07-31,2024,76000.0,Appartement,39.0,2.0,54000.0,6.171454,48.683866,1948.7179487179487
2024-646310,2024-08-09,2024,48200.0,Appartement,18.0,1.0,54000.0,6.168922,48.687282,2677.777777777778
2024-646316,2024-08-16,2024,92000.0,Appartement,44.0,3.0,54000.0,6.17238,48.699982,2090.909090909091
2024-646319,2024-08-14,2024,163700.0,Appartement,52.0,2.0,54000.0,6.178795,48.696864,3148.076923076923
2024-646320,2024-08-02,2024,74000.0,Appartement,46.0,2.0,54000.0,6.189442,48.687866,1608.695652173913
2024-646321,2024-08-07,2024,124000.0,Appartement,41.0,2.0,54000.0,6.196291,48.694203,3024.390243902439
2024-646326,2024-08-06,2024,74250.0,Appartement,26.0,1.0,54000.0,6.185692,48.683419,2855.769230769231
2024-646331,2024-08-20,2024,152150.0,Appartement,64.0,3.0,54000.0,6.187607,48.699828,2377.34375
2024-646332,2024-08-02,2024,196000.0,Appartement,106.0,5.0,54000.0,6.153475,48.690674,1849.0566037735848
2024-646338,2024-08-13,2024,630000.0,Maison,63.0,3.0,54000.0,6.152913,48.692295,10000.0
2024-646340,2024-08-02,2024,105000.0,Appartement,41.0,2.0,54000.0,6.185409,48.68003,2560.9756097560976
2024-646343,2024-08-13,2024,130000.0,Appartement,47.0,1.0,54000.0,6.178667,48.697644,2765.9574468085107
2024-646352,2024-08-14,2024,88000.0,Appartement,34.0,2.0,54000.0,6.179458,48.683993,2588.235294117647
2024-646369,2024-08-14,2024,150000.0,Maison,64.0,5.0,54000.0,6.162889,48.672233,2343.75
2024-646374,2024-08-20,2024,171136.0,Appartement,51.0,3.0,54000.0,6.161688,48.687517,3355.607843137255
2024-646388,2024-07-26,2024,200000.0,Maison,66.0,3.0,54000.0,6.163258,48.681356,3030.3030303030305
2024-646391,2024-08-05,2024,129110.0,Appartement,62.0,2.0,54000.0,6.173666,48.701522,2082.4193548387098
2024-646394,2024-08-22,2024,418000.0,Appartement,165.0,4.0,54000.0,6.196987,48.698052,2533.3333333333335
2024-646399,2024-08-12,2024,305000.0,Appartement,97.0,4.0,54000.0,6.169446,48.698229,3144.3298969072166
2024-646401,2024-08-20,2024,152000.0,Appartement,72.0,3.0,54000.0,6.180034,48.687951,2111.1111111111113
2024-646405,2024-08-23,2024,126000.0,Appartement,43.0,2.0,54000.0,6.182392,48.681182,2930.232558139535
2024-646406,2024-08-02,2024,123800.0,Appartement,54.0,2.0,54000.0,6.163562,48.684432,2292.5925925925926
2024-646408,2024-07-22,2024,52000.0,Appartement,35.0,2.0,54000.0,6.168401,48.698529,1485.7142857142858
2024-646415,2024-08-21,2024,87700.0,Appartement,35.0,1.0,54000.0,6.175981,48.698054,2505.714285714286
2024-646427,2024-08-22,2024,183600.0,Appartement,75.0,4.0,54000.0,6.179428,48.700494,2448.0
2024-646429,2024-08-14,2024,83000.0,Appartement,39.0,2.0,54000.0,6.176061,48.683709,2128.2051282051284
2024-646441,2024-08-02,2024,101950.0,Appartement,40.0,2.0,54000.0,6.171144,48.67479,2548.75
2024-646449,2024-08-23,2024,110000.0,Appartement,37.0,2.0,54000.0,6.171757,48.703323,2972.972972972973
2024-646450,2024-07-29,2024,135000.0,Appartement,91.0,2.0,54000.0,6.179252,48.706531,1483.5164835164835
2024-646451,2024-07-30,2024,73800.0,Appartement,73.0,4.0,54000.0,6.178193,48.685333,1010.9589041095891
2024-646452,2024-07-25,2024,85000.0,Appartement,52.0,2.0,54000.0,6.163376,48.682369,1634.6153846153845
2024-646456,2024-08-23,2024,102000.0,Appartement,65.0,2.0,54000.0,6.185946,48.689077,1569.2307692307693
2024-646464,2024-07-26,2024,76000.0,Appartement,65.0,4.0,54000.0,6.161941,48.692737,1169.2307692307693
2024-646467,2024-08-23,2024,70000.0,Appartement,34.0,2.0,54000.0,6.173986,48.688168,2058.823529411765
2024-646471,2024-08-05,2024,79900.0,Appartement,31.0,1.0,54000.0,6.17137,48.685813,2577.4193548387098
2024-646477,2024-08-08,2024,91000.0,Appartement,55.0,3.0,54000.0,6.184586,48.68724,1654.5454545454545
2024-646478,2024-08-16,2024,100500.0,Appartement,54.0,2.0,54000.0,6.163562,48.684432,1861.111111111111
2024-646479,2024-07-31,2024,85400.0,Appartement,35.0,2.0,54000.0,6.167495,48.683595,2440.0
2024-646487,2024-08-23,2024,226350.0,Appartement,80.0,4.0,54000.0,6.172996,48.698464,2829.375
2024-646491,2024-07-31,2024,72200.0,Appartement,38.0,2.0,54000.0,6.198025,48.680738,1900.0
2024-646494,2024-08-12,2024,123500.0,Appartement,48.0,2.0,54000.0,6.188858,48.691426,2572.9166666666665
2024-646496,2024-08-23,2024,625000.0,Appartement,185.0,8.0,54000.0,6.152905,48.69152,3378.3783783783783
2024-646499,2024-08-06,2024,68400.0,Appartement,46.0,2.0,54000.0,6.185409,48.68003,1486.9565217391305
2024-646500,2024-07-29,2024,207000.0,Appartement,67.0,3.0,54000.0,6.189123,48.690502,3089.5522388059703
2024-646514,2024-08-05,2024,162600.0,Appartement,53.0,2.0,54000.0,6.180364,48.701173,3067.9245283018868
2024-646518,2024-08-22,2024,102600.0,Appartement,35.0,1.0,54000.0,6.175745,48.691,2931.4285714285716
2024-646521,2024-08-02,2024,100000.0,Appartement,65.0,4.0,54000.0,6.161941,48.692737,1538.4615384615386
2024-646522,2024-08-26,2024,195200.0,Appartement,49.0,2.0,54000.0,6.179685,48.686948,3983.673469387755
2024-646523,2024-08-14,2024,199000.0,Appartement,82.0,3.0,54000.0,6.191222,48.686228,2426.829268292683
2024-646541,2024-08-23,2024,102600.0,Appartement,43.0,2.0,54000.0,6.174004,48.67746,2386.046511627907
2024-646551,2024-08-06,2024,70450.0,Appartement,20.0,1.0,54000.0,6.182808,48.687915,3522.5
2024-646562,2024-07-29,2024,187000.0,Appartement,73.0,3.0,54000.0,6.163376,48.682369,2561.6438356164385
2024-646564,2024-08-22,2024,63700.0,Appartement,26.0,1.0,54000.0,6.193984,48.686094,2450.0
2024-646565,2024-08-28,2024,85100.0,Appartement,66.0,4.0,54000.0,6.1488,48.691485,1289.3939393939395
2024-646569,2024-08-20,2024,204000.0,Appartement,73.0,2.0,54000.0,6.184213,48.687183,2794.5205479452056
2024-646578,2024-08-28,2024,115900.0,Appartement,59.0,2.0,54000.0,6.166755,48.673324,1964.406779661017
2024-646581,2024-08-27,2024,240000.0,Maison,72.0,4.0,54000.0,6.192525,48.689248,3333.3333333333335
2024-646595,2024-08-08,2024,334300.0,Maison,121.0,4.0,54000.0,6.169781,48.702359,2762.809917355372
2024-646605,2024-08-28,2024,122300.0,Appartement,60.0,3.0,54000.0,6.187508,48.687381,2038.3333333333333
2024-646606,2024-08-27,2024,139500.0,Appartement,64.0,3.0,54000.0,6.165126,48.677666,2179.6875
2024-646624,2024-08-01,2024,71380.0,Appartement,26.0,1.0,54000.0,6.163562,48.684432,2745.3846153846152
2024-646625,2024-08-27,2024,170000.0,Appartement,128.0,4.0,54000.0,6.19055,48.688803,1328.125
2024-646642,2024-08-09,2024,91850.0,Appartement,51.0,3.0,54000.0,6.160405,48.696532,1800.9803921568628
2024-646645,2024-08-30,2024,67300.0,Appartement,23.0,1.0,54000.0,6.170173,48.687625,2926.086956521739
2024-646646,2024-08-19,2024,63000.0,Appartement,26.0,1.0,54000.0,6.167096,48.699082,2423.076923076923
2024-646660,2024-08-30,2024,141650.0,Appartement,70.0,3.0,54000.0,6.20192,48.699095,2023.5714285714287
2024-646672,2024-08-28,2024,109250.0,Appartement,46.0,2.0,54000.0,6.173295,48.698903,2375.0
2024-646674,2024-08-29,2024,66500.0,Appartement,28.0,1.0,54000.0,6.166422,48.684416,2375.0
2024-646675,2024-08-30,2024,59200.0,Appartement,29.0,2.0,54000.0,6.179471,48.683569,2041.3793103448277
2024-646688,2024-08-28,2024,46075.0,Appartement,24.0,1.0,54000.0,6.180298,48.702591,1919.7916666666667
2024-646695,2024-08-09,2024,129250.0,Appartement,84.0,4.0,54000.0,6.153475,48.690674,1538.6904761904761
2024-646697,2024-08-08,2024,94050.0,Appartement,39.0,2.0,54000.0,6.169545,48.677926,2411.5384615384614
2024-646707,2024-08-19,2024,46000.0,Appartement,21.0,1.0,54000.0,6.177605,48.684528,2190.4761904761904
2024-646708,2024-08-28,2024,137500.0,Appartement,100.0,4.0,54000.0,6.178871,48.675725,1375.0
2024-646711,2024-08-27,2024,202000.0,Appartement,86.0,4.0,54000.0,6.180034,48.687951,2348.8372093023254
2024-646714,2024-08-08,2024,215000.0,Appartement,68.0,3.0,54000.0,6.172687,48.70204,3161.764705882353
2024-646715,2024-08-20,2024,99000.0,Appartement,52.0,1.0,54000.0,6.168789,48.6995,1903.8461538461538
2024-646717,2024-08-30,2024,294800.0,Appartement,70.0,3.0,54000.0,6.181614,48.690906,4211.428571428572
2024-646721,2024-08-30,2024,133000.0,Appartement,36.0,2.0,54000.0,6.18328,48.691841,3694.4444444444443
2024-646728,2024-08-13,2024,68000.0,Appartement,26.0,1.0,54000.0,6.187197,48.685477,2615.3846153846152
2024-646733,2024-08-12,2024,100000.0,Appartement,36.0,2.0,54000.0,6.18747,48.681929,2777.777777777778
2024-646740,2024-08-13,2024,312550.0,Maison,142.0,4.0,54000.0,6.194808,48.685308,2201.056338028169
2024-646741,2024-08-29,2024,115000.0,Appartement,49.0,2.0,54000.0,6.166431,48.668122,2346.938775510204
2024-646744,2024-08-19,2024,461000.0,Maison,113.0,5.0,54000.0,6.166094,48.689808,4079.646017699115
2024-646745,2024-08-27,2024,123590.0,Appartement,47.0,2.0,54000.0,6.171989,48.697889,2629.574468085106
2024-646757,2024-09-03,2024,170100.0,Maison,60.0,3.0,54100.0,6.138535,48.699982,2835.0
2024-646773,2024-08-30,2024,181000.0,Appartement,88.0,5.0,54000.0,6.164191,48.702141,2056.818181818182
2024-646780,2024-08-29,2024,93000.0,Appartement,67.0,3.0,54000.0,6.194359,48.678263,1388.0597014925372
2024-646786,2024-08-27,2024,97800.0,Appartement,53.0,3.0,54000.0,6.158927,48.690216,1845.2830188679245
2024-646787,2024-08-28,2024,100500.0,Appartement,37.0,2.0,54000.0,6.173084,48.673027,2716.2162162162163
2024-646788,2024-08-21,2024,137000.0,Appartement,55.0,2.0,54000.0,6.180918,48.706308,2490.909090909091
2024-646795,2024-09-02,2024,23500.0,Appartement,22.0,1.0,54000.0,6.178606,48.698384,1068.1818181818182
2024-646801,2024-08-26,2024,372000.0,Appartement,152.0,5.0,54000.0,6.171644,48.699598,2447.3684210526317
2024-646817,2024-08-22,2024,70000.0,Appartement,64.0,3.0,54000.0,6.164844,48.703341,1093.75
2024-646829,2024-09-04,2024,110550.0,Appartement,40.0,2.0,54000.0,6.171264,48.697736,2763.75
2024-646831,2024-08-21,2024,273500.0,Maison,106.0,5.0,54000.0,6.177227,48.708488,2580.188679245283
2024-646835,2024-08-26,2024,161700.0,Appartement,86.0,4.0,54000.0,6.179435,48.682157,1880.2325581395348
2024-646840,2024-08-23,2024,65000.0,Appartement,30.0,1.0,54000.0,6.17815,48.684524,2166.6666666666665
2024-646841,2024-08-26,2024,357170.0,Appartement,125.0,4.0,54000.0,6.162981,48.685948,2857.36
2024-646855,2024-08-27,2024,97000.0,Appartement,47.0,3.0,54000.0,6.185336,48.683929,2063.8297872340427
2024-646865,2024-08-29,2024,195000.0,Appartement,38.0,2.0,54000.0,6.184778,48.68654,5131.578947368421
2024-646868,2024-08-23,2024,60000.0,Appartement,26.0,1.0,54000.0,6.17815,48.684524,2307.6923076923076
2024-646873,2024-08-20,2024,330000.0,Appartement,73.0,3.0,54000.0,6.184325,48.68377,4520.54794520548
2024-646877,2024-08-14,2024,223250.0,Appartement,84.0,3.0,54000.0,6.172795,48.683922,2657.7380952380954
2024-646883,2024-08-30,2024,91220.0,Appartement,41.0,2.0,54000.0,6.188524,48.689236,2224.878048780488
2024-646891,2024-08-30,2024,166250.0,Appartement,71.0,3.0,54000.0,6.195075,48.697317,2341.549295774648
2024-646893,2024-08-30,2024,60000.0,Appartement,14.0,1.0,54000.0,6.166883,48.702813,4285.714285714285
2024-646895,2024-08-09,2024,117200.0,Appartement,60.0,3.0,54000.0,6.182734,48.687657,1953.3333333333333
2024-646896,2024-08-21,2024,95000.0,Appartement,38.0,2.0,54000.0,6.198025,48.680738,2500.0
2024-646903,2024-08-12,2024,46000.0,Appartement,20.0,1.0,54000.0,6.177591,48.70115,2300.0
2024-646904,2024-08-30,2024,134500.0,Appartement,66.0,3.0,54000.0,6.177902,48.683444,2037.878787878788
2024-646907,2024-08-14,2024,180500.0,Maison,120.0,5.0,54000.0,6.179309,48.678598,1504.1666666666667
2024-646915,2024-08-08,2024,76650.0,Appartement,21.0,1.0,54000.0,6.194751,48.684602,3650.0
2024-646923,2024-08-06,2024,116950.0,Appartement,44.0,2.0,54000.0,6.177199,48.689421,2657.9545454545455
2024-646927,2024-09-04,2024,92000.0,Appartement,38.0,2.0,54000.0,6.183385,48.701153,2421.0526315789475
2024-646928,2024-09-03,2024,70000.0,Appartement,30.0,1.0,54000.0,6.172687,48.70204,2333.3333333333335
2024-646931,2024-08-28,2024,42000.0,Appartement,14.0,1.0,54000.0,6.171255,48.689618,3000.0
2024-646937,2024-09-06,2024,91500.0,Appartement,35.0,2.0,54000.0,6.185277,48.681396,2614.285714285714
2024-646947,2024-08-29,2024,115000.0,Appartement,49.0,2.0,54000.0,6.195621,48.685184,2346.938775510204
2024-646951,2024-08-09,2024,55000.0,Appartement,26.0,1.0,54000.0,6.170922,48.698058,2115.3846153846152
2024-646955,2024-08-22,2024,250000.0,Maison,90.0,4.0,54000.0,6.18733,48.700283,2777.777777777778
2024-646957,2024-08-20,2024,60750.0,Appartement,31.0,1.0,54000.0,6.186624,48.683308,1959.6774193548388
2024-646981,2024-09-06,2024,123500.0,Appartement,44.0,2.0,54000.0,6.180594,48.705123,2806.818181818182
2024-646984,2024-08-08,2024,58000.0,Appartement,26.0,1.0,54000.0,6.17455,48.684681,2230.769230769231
2024-646988,2024-08-30,2024,106500.0,Appartement,43.0,2.0,54000.0,6.161178,48.687332,2476.7441860465115
2024-646995,2024-08-16,2024,403750.0,Appartement,188.0,7.0,54000.0,6.168256,48.693257,2147.6063829787236
2024-646999,2024-08-06,2024,141940.0,Appartement,62.0,3.0,54000.0,6.185692,48.683419,2289.3548387096776
2024-647002,2024-08-14,2024,83000.0,Appartement,38.0,2.0,54000.0,6.166861,48.683038,2184.2105263157896
2024-647008,2024-08-26,2024,150600.0,Appartement,65.0,3.0,54000.0,6.191253,48.683272,2316.923076923077
2024-647023,2024-08-19,2024,522500.0,Maison,103.0,5.0,54000.0,6.141261,48.694794,5072.815533980583
2024-647040,2024-09-03,2024,242900.0,Appartement,90.0,5.0,54000.0,6.168605,48.688666,2698.8888888888887
2024-647042,2024-08-30,2024,241000.0,Appartement,121.0,4.0,54000.0,6.183947,48.680903,1991.7355371900826
2024-647045,2024-09-03,2024,140000.0,Appartement,56.0,3.0,54000.0,6.174739,48.67906,2500.0
2024-647049,2024-09-02,2024,202000.0,Appartement,70.0,4.0,54000.0,6.145165,48.689851,2885.714285714286
2024-647068,2024-09-05,2024,362760.0,Appartement,43.0,2.0,54000.0,6.18499,48.676506,8436.279069767443
2024-647072,2024-09-02,2024,218600.0,Appartement,143.0,5.0,54000.0,6.169141,48.686312,1528.6713286713286
2024-647076,2024-08-27,2024,114000.0,Appartement,43.0,2.0,54000.0,6.185584,48.680482,2651.1627906976746
2024-647085,2024-08-27,2024,189500.0,Appartement,63.0,2.0,54000.0,6.178,48.69563,3007.936507936508
2024-647091,2024-09-06,2024,74286.0,Appartement,32.0,2.0,54000.0,6.163234,48.684973,2321.4375
2024-647096,2024-08-30,2024,119000.0,Appartement,60.0,1.0,54000.0,6.169141,48.686312,1983.3333333333333
2024-647098,2024-08-30,2024,193000.0,Appartement,90.0,4.0,54000.0,6.162064,48.681308,2144.4444444444443
2024-647106,2024-08-29,2024,73500.0,Appartement,56.0,1.0,54000.0,6.168821,48.693411,1312.5
2024-647113,2024-08-30,2024,171386.0,Appartement,97.0,5.0,54000.0,6.160249,48.684336,1766.8659793814434
2024-647124,2024-08-28,2024,340000.0,Maison,80.0,4.0,54000.0,6.16967,48.668877,4250.0
2024-647125,2024-08-22,2024,334550.0,Appartement,121.0,4.0,54000.0,6.191358,48.697386,2764.876033057851
2024-647127,2024-08-28,2024,81700.0,Appartement,36.0,2.0,54000.0,6.138897,48.694835,2269.4444444444443
2024-647129,2024-09-05,2024,500000.0,Appartement,60.0,4.0,54000.0,6.176956,48.675697,8333.333333333334
2024-647132,2024-09-10,2024,232000.0,Appartement,92.0,4.0,54000.0,6.196291,48.694203,2521.7391304347825
2024-647141,2024-08-20,2024,335000.0,Appartement,107.0,3.0,54000.0,6.195077,48.69319,3130.841121495327
2024-647148,2024-09-09,2024,95000.0,Appartement,40.0,2.0,54000.0,6.173787,48.701137,2375.0
2024-647149,2024-08-29,2024,163700.0,Maison,74.0,4.0,54100.0,6.139491,48.700569,2212.162162162162
2024-647151,2024-09-03,2024,87000.0,Appartement,37.0,2.0,54000.0,6.189892,48.691189,2351.3513513513512
2024-647160,2024-08-20,2024,105330.0,Appartement,46.0,2.0,54000.0,6.171086,48.669837,2289.782608695652
2024-647162,2024-08-28,2024,381729.0,Appartement,28.0,2.0,54000.0,6.158316,48.686846,13633.17857142857
2024-647165,2024-08-30,2024,129500.0,Appartement,52.0,2.0,54000.0,6.176086,48.696967,2490.3846153846152
2024-647168,2024-08-27,2024,45000.0,Appartement,23.0,1.0,54000.0,6.185327,48.678198,1956.5217391304348
2024-647193,2024-08-20,2024,351000.0,Appartement,126.0,5.0,54000.0,6.171118,48.690389,2785.714285714286
2024-647196,2024-09-12,2024,170000.0,Appartement,50.0,2.0,54000.0,6.164787,48.696373,3400.0
2024-647205,2024-09-10,2024,46500.0,Appartement,15.0,1.0,54000.0,6.194468,48.679796,3100.0
2024-647207,2024-09-11,2024,124000.0,Appartement,63.0,3.0,54000.0,6.189993,48.683026,1968.2539682539682
2024-647210,2024-08-28,2024,155900.0,Appartement,75.0,4.0,54000.0,6.165138,48.699354,2078.6666666666665
2024-647211,2024-09-12,2024,1057500.0,Appartement,70.0,3.0,54000.0,6.179672,48.681067,15107.142857142857
2024-647223,2024-09-10,2024,132500.0,Appartement,56.0,2.0,54000.0,6.183541,48.688037,2366.0714285714284
2024-647228,2024-08-30,2024,75000.0,Maison,34.0,1.0,54000.0,6.194693,48.673581,2205.8823529411766
2024-647229,2024-09-06,2024,727600.0,Maison,152.0,9.0,54000.0,6.167921,48.691923,4786.8421052631575
2024-647230,2024-08-20,2024,62200.0,Appartement,30.0,2.0,54000.0,6.179471,48.683569,2073.3333333333335
2024-647233,2024-08-26,2024,218000.0,Maison,69.0,3.0,54000.0,6.140484,48.690006,3159.4202898550725
2024-647234,2024-08-26,2024,399000.0,Appartement,148.0,5.0,54000.0,6.173306,48.697853,2695.945945945946
2024-647240,2024-08-22,2024,81000.0,Appartement,28.0,2.0,54000.0,6.178342,48.698868,2892.8571428571427
2024-647241,2024-09-11,2024,133000.0,Appartement,47.0,2.0,54000.0,6.164773,48.692779,2829.7872340425533
2024-647251,2024-08-29,2024,120720.0,Appartement,51.0,3.0,54000.0,6.179209,48.683967,2367.0588235294117
2024-647253,2024-09-06,2024,75050.0,Appartement,27.0,1.0,54000.0,6.181614,48.690906,2779.6296296296296
2024-647262,2024-08-29,2024,109900.0,Appartement,49.0,2.0,54000.0,6.184076,48.687431,2242.8571428571427
2024-647263,2024-08-30,2024,76300.0,Appartement,31.0,2.0,54000.0,6.183808,48.688711,2461.2903225806454
2024-647265,2024-08-19,2024,76000.0,Appartement,31.0,1.0,54000.0,6.186685,48.682741,2451.6129032258063
2024-647266,2024-08-28,2024,90000.0,Appartement,40.0,2.0,54000.0,6.179197,48.695805,2250.0
2024-647268,2024-08-20,2024,64000.0,Appartement,21.0,1.0,54000.0,6.176435,48.674031,3047.6190476190477
2024-647272,2024-08-27,2024,64050.0,Appartement,24.0,1.0,54000.0,6.191978,48.680956,2668.75
2024-647277,2024-09-13,2024,289000.0,Appartement,67.0,3.0,54000.0,6.189123,48.690502,4313.432835820896
2024-647282,2024-08-27,2024,70700.0,Appartement,24.0,1.0,54000.0,6.18259,48.690178,2945.8333333333335
2024-647286,2024-08-30,2024,175500.0,Appartement,69.0,3.0,54000.0,6.172889,48.676369,2543.478260869565
2024-647289,2024-09-12,2024,125000.0,Appartement,66.0,3.0,54000.0,6.177902,48.683444,1893.939393939394
2024-647293,2024-09-11,2024,57800.0,Appartement,25.0,1.0,54000.0,6.15914,48.696664,2312.0
2024-647294,2024-09-12,2024,170000.0,Appartement,61.0,3.0,54000.0,6.172813,48.698853,2786.8852459016393
2024-647296,2024-09-12,2024,93000.0,Appartement,45.0,3.0,54000.0,6.193363,48.680994,2066.6666666666665
2024-647297,2024-08-30,2024,276000.0,Appartement,98.0,4.0,54000.0,6.174001,48.673767,2816.326530612245
2024-647309,2024-09-05,2024,56000.0,Appartement,22.0,1.0,54000.0,6.167247,48.691696,2545.4545454545455
2024-647322,2024-09-06,2024,158500.0,Appartement,68.0,2.0,54000.0,6.178949,48.69806,2330.8823529411766
2024-647329,2024-08-30,2024,75000.0,Appartement,34.0,2.0,54000.0,6.199526,48.6763,2205.8823529411766
2024-647334,2024-08-30,2024,197400.0,Appartement,125.0,6.0,54000.0,6.169313,48.693587,1579.2
2024-647338,2024-09-05,2024,88350.0,Appartement,46.0,2.0,54000.0,6.164924,48.676663,1920.6521739130435
2024-647370,2024-09-03,2024,80000.0,Appartement,35.0,1.0,54000.0,6.166773,48.696692,2285.714285714286
2024-647371,2024-09-04,2024,75000.0,Appartement,23.0,1.0,54000.0,6.17886,48.698484,3260.8695652173915
2024-647385,2024-08-29,2024,208000.0,Appartement,71.0,4.0,54000.0,6.176756,48.676146,2929.5774647887324
2024-647391,2024-08-29,2024,215000.0,Appartement,100.0,3.0,54000.0,6.16882,48.683875,2150.0
2024-647408,2024-09-17,2024,92000.0,Appartement,89.0,3.0,54000.0,6.16629,48.681449,1033.7078651685392
2024-647410,2024-09-11,2024,45600.0,Appartement,18.0,1.0,54000.0,6.178456,48.675451,2533.3333333333335
2024-647411,2024-08-31,2024,100000.0,Appartement,47.0,2.0,54000.0,6.196976,48.681397,2127.659574468085
2024-647418,2024-09-11,2024,73000.0,Appartement,49.0,2.0,54000.0,6.185409,48.68003,1489.795918367347
2024-647425,2024-09-13,2024,137000.0,Appartement,64.0,3.0,54000.0,6.165126,48.677666,2140.625
2024-647432,2024-09-04,2024,228000.0,Appartement,130.0,4.0,54000.0,6.180247,48.686793,1753.8461538461538
2024-647442,2024-09-06,2024,140582.0,Appartement,97.0,5.0,54000.0,6.160249,48.684336,1449.298969072165
2024-647443,2024-09-10,2024,533000.0,Appartement,120.0,4.0,54000.0,6.179275,48.695029,4441.666666666667
2024-647447,2024-08-27,2024,53630.0,Appartement,20.0,1.0,54000.0,6.180512,48.682182,2681.5
2024-647448,2024-09-18,2024,93200.0,Appartement,48.0,2.0,54000.0,6.182175,48.680978,1941.6666666666667
2024-647453,2024-09-18,2024,55100.0,Appartement,18.0,1.0,54000.0,6.183745,48.689607,3061.1111111111113
2024-647454,2024-09-06,2024,130000.0,Appartement,85.0,5.0,54000.0,6.161941,48.692737,1529.4117647058824
2024-647456,2024-09-17,2024,105500.0,Appartement,41.0,2.0,54000.0,6.179899,48.68328,2573.170731707317
2024-647459,2024-09-18,2024,83500.0,Appartement,41.0,2.0,54000.0,6.180163,48.702634,2036.5853658536585
2024-647461,2024-09-17,2024,177000.0,Appartement,92.0,5.0,54000.0,6.175981,48.683784,1923.9130434782608
2024-647465,2024-09-13,2024,406125.0,Appartement,58.0,2.0,54000.0,6.178775,48.675213,7002.1551724137935
2024-647466,2024-09-17,2024,123800.0,Appartement,64.0,3.0,54000.0,6.182895,48.70103,1934.375
2024-647478,2024-08-27,2024,51630.0,Appartement,20.0,1.0,54000.0,6.180512,48.682182,2581.5
2024-647480,2024-09-09,2024,53200.0,Appartement,19.0,1.0,54000.0,6.194318,48.677892,2800.0
2024-647481,2024-09-17,2024,160100.0,Appartement,51.0,2.0,54000.0,6.162495,48.687451,3139.2156862745096
2024-647483,2024-09-16,2024,153000.0,Maison,66.0,4.0,54100.0,6.156699,48.705026,2318.181818181818
2024-647486,2024-09-06,2024,80500.0,Appartement,18.0,1.0,54000.0,6.177537,48.692513,4472.222222222223
2024-647499,2024-09-02,2024,246000.0,Appartement,96.0,4.0,54000.0,6.179884,48.679794,2562.5
2024-647505,2024-09-06,2024,113525.0,Appartement,44.0,2.0,54000.0,6.173187,48.680719,2580.1136363636365
2024-647506,2024-09-05,2024,233000.0,Appartement,132.0,5.0,54000.0,6.168902,48.69244,1765.1515151515152
2024-647508,2024-08-30,2024,87000.0,Appartement,50.0,2.0,54000.0,6.17957,48.675973,1740.0
2024-647510,2024-09-06,2024,124000.0,Appartement,84.0,4.0,54000.0,6.153475,48.690674,1476.1904761904761
2024-647514,2024-09-16,2024,65000.0,Appartement,39.0,2.0,54000.0,6.162834,48.699342,1666.6666666666667
2024-647530,2024-08-30,2024,62700.0,Appartement,25.0,1.0,54000.0,6.187197,48.685477,2508.0
2024-647535,2024-08-29,2024,127890.0,Maison,53.0,3.0,54000.0,6.160885,48.691421,2413.0188679245284
2024-647539,2024-09-11,2024,68400.0,Appartement,36.0,2.0,54000.0,6.189528,48.702632,1900.0
2024-647545,2024-08-29,2024,79500.0,Appartement,31.0,1.0,54000.0,6.194318,48.677892,2564.516129032258
2024-647547,2024-09-12,2024,66000.0,Appartement,28.0,1.0,54000.0,6.188876,48.683713,2357.1428571428573
2024-647563,2024-09-19,2024,138000.0,Appartement,66.0,3.0,54000.0,6.166431,48.668122,2090.909090909091
2024-647568,2024-09-18,2024,127500.0,Appartement,53.0,2.0,54000.0,6.19659,48.693185,2405.6603773584907
2024-647571,2024-09-02,2024,826700.0,Maison,167.0,7.0,54000.0,6.164626,48.700046,4950.299401197605
2024-647572,2024-09-12,2024,134000.0,Appartement,53.0,2.0,54000.0,6.164254,48.674806,2528.301886792453
2024-647576,2024-09-20,2024,185000.0,Maison,85.0,4.0,54100.0,6.145931,48.703377,2176.470588235294
2024-647578,2024-09-17,2024,431660.0,Appartement,130.0,6.0,54000.0,6.182528,48.695742,3320.4615384615386
2024-647600,2024-09-16,2024,57000.0,Appartement,30.0,2.0,54000.0,6.173152,48.683093,1900.0
2024-647606,2024-09-13,2024,155940.0,Appartement,55.0,3.0,54000.0,6.169305,48.685807,2835.2727272727275
2024-647640,2024-09-17,2024,53000.0,Appartement,20.0,1.0,54000.0,6.180512,48.682182,2650.0
2024-647648,2024-09-11,2024,43000.0,Appartement,17.0,1.0,54000.0,6.173152,48.683093,2529.4117647058824
2024-647651,2024-09-23,2024,122000.0,Appartement,39.0,2.0,54000.0,6.182491,48.700015,3128.2051282051284
2024-647675,2024-09-18,2024,286000.0,Maison,90.0,4.0,54000.0,6.197363,48.688731,3177.777777777778
2024-647677,2024-09-13,2024,166000.0,Appartement,76.0,3.0,54000.0,6.162287,48.698906,2184.2105263157896
2024-647690,2024-09-03,2024,65000.0,Appartement,30.0,1.0,54000.0,6.179188,48.682578,2166.6666666666665
2024-647702,2024-09-13,2024,79000.0,Appartement,38.0,3.0,54000.0,6.16227,48.687836,2078.9473684210525
2024-647706,2024-09-25,2024,180000.0,Appartement,90.0,4.0,54000.0,6.18755,48.684352,2000.0
2024-647731,2024-09-24,2024,60000.0,Appartement,25.0,1.0,54000.0,6.15914,48.696664,2400.0
2024-647749,2024-09-13,2024,145100.0,Appartement,63.0,3.0,54000.0,6.173187,48.680719,2303.1746031746034
2024-647775,2024-09-17,2024,57000.0,Appartement,35.0,2.0,54000.0,6.194552,48.685852,1628.5714285714287
2024-647780,2024-09-03,2024,188000.0,Appartement,56.0,2.0,54000.0,6.158673,48.689461,3357.1428571428573
2024-647784,2024-09-25,2024,63000.0,Appartement,26.0,1.0,54000.0,6.166214,48.684257,2423.076923076923
2024-647788,2024-09-20,2024,38000.0,Appartement,18.0,1.0,54000.0,6.170465,48.676961,2111.1111111111113
2024-647789,2024-09-19,2024,310500.0,Appartement,129.0,5.0,54000.0,6.173187,48.680719,2406.9767441860463
2024-647798,2024-09-16,2024,309100.0,Appartement,118.0,4.0,54000.0,6.166832,48.688708,2619.491525423729
2024-647811,2024-09-16,2024,109000.0,Appartement,44.0,2.0,54000.0,6.167247,48.691696,2477.2727272727275
2024-647815,2024-09-24,2024,74200.0,Appartement,34.0,2.0,54000.0,6.194044,48.690495,2182.3529411764707
2024-647818,2024-08-31,2024,152600.0,Appartement,116.0,5.0,54000.0,6.179182,48.687711,1315.5172413793102
2024-647832,2024-09-04,2024,86000.0,Appartement,75.0,4.0,54000.0,6.141004,48.692334,1146.6666666666667
2024-647836,2024-09-26,2024,46000.0,Appartement,12.0,1.0,54000.0,6.188287,48.694086,3833.3333333333335
2024-647848,2024-09-13,2024,50000.0,Appartement,22.0,1.0,54000.0,6.173986,48.688168,2272.7272727272725
2024-647852,2024-09-27,2024,42000.0,Appartement,26.0,1.0,54000.0,6.179082,48.693521,1615.3846153846155
2024-647863,2024-09-19,2024,87500.0,Appartement,46.0,2.0,54000.0,6.186624,48.683308,1902.1739130434783
2024-647866,2024-09-18,2024,85000.0,Appartement,39.0,1.0,54000.0,6.165197,48.682489,2179.4871794871797
2024-647876,2024-09-12,2024,487150.0,Appartement,142.0,6.0,54000.0,6.176085,48.69096,3430.6338028169016
2024-647885,2024-09-30,2024,50000.0,Appartement,27.0,1.0,54000.0,6.184805,48.700886,1851.851851851852
2024-647893,2024-09-20,2024,225000.0,Appartement,93.0,4.0,54000.0,6.178209,48.701659,2419.3548387096776
2024-647896,2024-09-27,2024,62500.0,Appartement,43.0,1.0,54000.0,6.194418,48.680196,1453.4883720930231
2024-647898,2024-09-02,2024,76000.0,Appartement,35.0,2.0,54000.0,6.16227,48.687836,2171.4285714285716
2024-647900,2024-09-05,2024,100000.0,Appartement,40.0,2.0,54000.0,6.176435,48.674031,2500.0
2024-647913,2024-09-16,2024,146159.0,Maison,120.0,5.0,54000.0,6.175269,48.675672,1217.9916666666666
2024-647914,2024-09-18,2024,46000.0,Appartement,27.0,1.0,54000.0,6.198774,48.678259,1703.7037037037037
2024-647915,2024-09-27,2024,96000.0,Appartement,38.0,1.0,54000.0,6.196248,48.67759,2526.315789473684
2024-647916,2024-09-16,2024,233475.0,Maison,120.0,5.0,54000.0,6.175269,48.675672,1945.625
2024-647921,2024-09-09,2024,74500.0,Appartement,35.0,1.0,54000.0,6.176771,48.680747,2128.5714285714284
2024-647922,2024-09-18,2024,105000.0,Appartement,57.0,3.0,54000.0,6.18273,48.686804,1842.1052631578948
2024-647925,2024-09-30,2024,290700.0,Appartement,97.0,5.0,54000.0,6.160249,48.684336,2996.907216494845
2024-647940,2024-09-20,2024,100000.0,Appartement,67.0,4.0,54000.0,6.158927,48.690216,1492.5373134328358
2024-647945,2024-09-16,2024,261500.0,Appartement,102.0,4.0,54000.0,6.180695,48.700925,2563.725490196078
2024-647955,2024-09-30,2024,223500.0,Appartement,145.0,5.0,54000.0,6.167246,48.694755,1541.3793103448277
2024-647965,2024-09-18,2024,112100.0,Appartement,60.0,1.0,54000.0,6.184049,48.688188,1868.3333333333333
2024-647971,2024-09-04,2024,107400.0,Appartement,102.0,4.0,54000.0,6.177142,48.679687,1052.9411764705883
2024-647977,2024-09-17,2024,287250.0,Appartement,73.0,3.0,54000.0,6.190539,48.693484,3934.931506849315
2024-647980,2024-09-27,2024,411000.0,Appartement,192.0,5.0,54000.0,6.184288,48.692551,2140.625
2024-647987,2024-09-05,2024,63000.0,Appartement,24.0,2.0,54000.0,6.168243,48.697225,2625.0
2024-648001,2024-09-30,2024,192500.0,Appartement,58.0,3.0,54000.0,6.198411,48.698653,3318.9655172413795
2024-648004,2024-09-20,2024,280250.0,Appartement,75.0,3.0,54000.0,6.162244,48.686619,3736.6666666666665
2024-648016,2024-09-25,2024,228600.0,Appartement,67.0,3.0,54000.0,6.169494,48.690517,3411.9402985074626
2024-648023,2024-09-24,2024,63000.0,Appartement,21.0,1.0,54000.0,6.182941,48.687819,3000.0
2024-648028,2024-09-09,2024,93000.0,Appartement,60.0,3.0,54000.0,6.190702,48.699163,1550.0
2024-648029,2024-09-11,2024,115000.0,Appartement,49.0,2.0,54000.0,6.191426,48.683425,2346.938775510204
2024-648030,2024-09-19,2024,55000.0,Appartement,20.0,1.0,54000.0,6.187197,48.685477,2750.0
2024-648040,2024-09-18,2024,170000.0,Maison,58.0,2.0,54000.0,6.17616,48.705221,2931.0344827586205
2024-648042,2024-09-09,2024,156500.0,Appartement,79.0,3.0,54000.0,6.190492,48.686385,1981.012658227848
2024-648044,2024-09-30,2024,355000.0,Appartement,55.0,2.0,54000.0,6.163112,48.686484,6454.545454545455
2024-648052,2024-09-13,2024,151050.0,Appartement,79.0,3.0,54000.0,6.185208,48.689699,1912.0253164556962
2024-648066,2024-09-20,2024,466000.0,Appartement,131.0,4.0,54000.0,6.182343,48.701368,3557.2519083969464
2024-648071,2024-09-19,2024,65000.0,Appartement,31.0,1.0,54000.0,6.179188,48.682578,2096.7741935483873
2024-648093,2024-09-11,2024,342000.0,Appartement,174.0,6.0,54000.0,6.170033,48.691388,1965.5172413793102
2024-648106,2024-09-25,2024,790000.0,Appartement,145.0,5.0,54000.0,6.167757,48.68687,5448.275862068966
2024-648121,2024-09-20,2024,112000.0,Appartement,67.0,3.0,54000.0,6.164151,48.703724,1671.641791044776
2024-648122,2024-09-26,2024,476000.0,Maison,138.0,6.0,54000.0,6.152302,48.69296,3449.2753623188405
2024-648138,2024-09-27,2024,80000.0,Appartement,33.0,2.0,54000.0,6.194359,48.678263,2424.242424242424
2024-648140,2024-10-02,2024,57000.0,Appartement,17.0,1.0,54000.0,6.17455,48.684681,3352.9411764705883
2024-648163,2024-09-30,2024,55000.0,Appartement,26.0,1.0,54000.0,6.196489,48.67866,2115.3846153846152
2024-648167,2024-09-23,2024,251900.0,Maison,109.0,4.0,54000.0,6.19906,48.676235,2311.0091743119265
2024-648177,2024-09-24,2024,89500.0,Appartement,39.0,2.0,54000.0,6.198195,48.676243,2294.871794871795
2024-648180,2024-09-23,2024,65000.0,Appartement,63.0,3.0,54000.0,6.194971,48.687867,1031.7460317460318
2024-648192,2024-09-18,2024,79400.0,Appartement,30.0,1.0,54000.0,6.188795,48.690016,2646.6666666666665
2024-648201,2024-09-09,2024,95550.0,Appartement,52.0,2.0,54000.0,6.194618,48.673778,1837.5
2024-648214,2024-09-23,2024,61000.0,Appartement,17.0,1.0,54000.0,6.176435,48.674031,3588.235294117647
2024-648215,2024-09-19,2024,48000.0,Appartement,28.0,1.0,54000.0,6.18936,48.683458,1714.2857142857142
2024-648216,2024-10-02,2024,67300.0,Appartement,37.0,1.0,54000.0,6.162692,48.694747,1818.918918918919
2024-648240,2024-10-07,2024,80655.0,Appartement,46.0,2.0,54000.0,6.145376,48.692202,1753.3695652173913
2024-648249,2024-10-01,2024,276000.0,Appartement,75.0,3.0,54000.0,6.181614,48.691331,3680.0
2024-648254,2024-10-04,2024,304045.0,Appartement,112.0,4.0,54000.0,6.153869,48.690982,2714.6875
2024-648259,2024-09-30,2024,163470.0,Appartement,72.0,3.0,54000.0,6.182578,48.681871,2270.4166666666665
2024-648270,2024-09-23,2024,100000.0,Appartement,25.0,1.0,54000.0,6.15914,48.696664,4000.0
2024-648271,2024-09-30,2024,126000.0,Appartement,117.0,5.0,54000.0,6.168352,48.699478,1076.923076923077
2024-648278,2024-09-20,2024,36660.0,Appartement,15.0,1.0,54000.0,6.189552,48.683267,2444.0
2024-648281,2024-10-02,2024,81000.0,Appartement,27.0,1.0,54000.0,6.179112,48.686562,3000.0
2024-648285,2024-09-25,2024,256500.0,Appartement,110.0,4.0,54000.0,6.171635,48.687482,2331.818181818182
2024-648294,2024-09-30,2024,93000.0,Appartement,44.0,2.0,54000.0,6.169611,48.697735,2113.6363636363635
2024-648296,2024-09-27,2024,103550.0,Appartement,43.0,2.0,54000.0,6.18128,48.70234,2408.139534883721
2024-648300,2024-09-27,2024,70000.0,Appartement,27.0,1.0,54000.0,6.186522,48.689636,2592.5925925925926
2024-648308,2024-09-23,2024,122550.0,Appartement,59.0,2.0,54000.0,6.166083,48.671113,2077.1186440677966
2024-648329,2024-10-04,2024,117500.0,Appartement,48.0,2.0,54000.0,6.185305,48.685949,2447.9166666666665
2024-648355,2024-09-27,2024,141550.0,Appartement,64.0,3.0,54000.0,6.17892,48.675048,2211.71875
2024-648357,2024-09-27,2024,215650.0,Maison,95.0,5.0,54100.0,6.158613,48.701202,2270.0
2024-648361,2024-09-27,2024,238000.0,Appartement,87.0,4.0,54000.0,6.180557,48.699717,2735.632183908046
2024-648363,2024-10-04,2024,129200.0,Appartement,54.0,1.0,54000.0,6.179867,48.690286,2392.5925925925926
2024-648372,2024-10-04,2024,350000.0,Appartement,31.0,2.0,54000.0,6.180635,48.684306,11290.322580645161
2024-648380,2024-09-27,2024,211700.0,Appartement,23.0,1.0,54000.0,6.179,48.689259,9204.347826086956
2024-648391,2024-10-02,2024,210000.0,Appartement,108.0,5.0,54000.0,6.166773,48.696692,1944.4444444444443
2024-648408,2024-09-27,2024,205400.0,Appartement,90.0,4.0,54000.0,6.170638,48.689938,2282.222222222222
2024-648417,2024-10-02,2024,66500.0,Appartement,42.0,2.0,54000.0,6.198774,48.678259,1583.3333333333333
2024-648420,2024-09-20,2024,140500.0,Appartement,39.0,2.0,54000.0,6.173998,48.672596,3602.5641025641025
2024-648421,2024-09-19,2024,60000.0,Appartement,13.0,1.0,54000.0,6.168659,48.68255,4615.384615384615
2024-648427,2024-09-13,2024,180000.0,Appartement,19.0,1.0,54000.0,6.185186,48.689635,9473.684210526315
2024-648433,2024-10-04,2024,75000.0,Appartement,28.0,1.0,54000.0,6.165383,48.692413,2678.5714285714284
2024-648437,2024-10-02,2024,313750.0,Maison,80.0,4.0,54000.0,6.185624,48.679,3921.875
2024-648441,2024-10-10,2024,104000.0,Appartement,44.0,2.0,54000.0,6.185613,48.687891,2363.6363636363635
2024-648452,2024-09-30,2024,160550.0,Appartement,78.0,3.0,54000.0,6.160249,48.684336,2058.3333333333335
2024-648464,2024-09-18,2024,179900.0,Appartement,83.0,3.0,54000.0,6.180553,48.674472,2167.4698795180725
2024-648476,2024-10-09,2024,63650.0,Appartement,25.0,1.0,54000.0,6.162355,48.703701,2546.0
2024-648479,2024-09-16,2024,120000.0,Appartement,41.0,2.0,54000.0,6.196976,48.681397,2926.829268292683
2024-648486,2024-09-24,2024,65000.0,Appartement,38.0,1.0,54000.0,6.173162,48.701653,1710.5263157894738
2024-648508,2024-10-09,2024,214000.0,Appartement,91.0,4.0,54000.0,6.169024,48.691179,2351.6483516483518
2024-648515,2024-09-18,2024,139000.0,Appartement,116.0,3.0,54000.0,6.189467,48.700032,1198.2758620689656
2024-648530,2024-10-07,2024,137100.0,Appartement,71.0,4.0,54000.0,6.141004,48.692334,1930.9859154929577
2024-648537,2024-09-27,2024,114000.0,Appartement,52.0,2.0,54000.0,6.191011,48.686293,2192.3076923076924
2024-648566,2024-10-09,2024,63650.0,Appartement,36.0,2.0,54000.0,6.180081,48.691168,1768.0555555555557
2024-648579,2024-10-10,2024,134500.0,Appartement,54.0,2.0,54000.0,6.175749,48.701188,2490.740740740741
2024-648591,2024-09-25,2024,305000.0,Maison,120.0,5.0,54000.0,6.171871,48.684331,2541.6666666666665
2024-648594,2024-10-14,2024,185500.0,Maison,90.0,4.0,54000.0,6.156608,48.698506,2061.1111111111113
2024-648600,2024-10-03,2024,255200.0,Appartement,93.0,3.0,54000.0,6.194612,48.688532,2744.0860215053763
2024-648602,2024-09-20,2024,65000.0,Appartement,24.0,1.0,54000.0,6.158498,48.69836,2708.3333333333335
2024-648603,2024-10-10,2024,213000.0,Appartement,66.0,2.0,54000.0,6.173187,48.680719,3227.2727272727275
2024-648604,2024-10-01,2024,127750.0,Appartement,40.0,2.0,54000.0,6.190112,48.69401,3193.75
2024-648618,2024-09-19,2024,75000.0,Appartement,35.0,2.0,54000.0,6.188856,48.68912,2142.8571428571427
2024-648626,2024-10-10,2024,84000.0,Appartement,55.0,2.0,54000.0,6.187301,48.687665,1527.2727272727273
2024-648629,2024-10-11,2024,76000.0,Maison,35.0,2.0,54000.0,6.189306,48.701761,2171.4285714285716
2024-648643,2024-10-16,2024,92000.0,Appartement,37.0,2.0,54000.0,6.18755,48.684352,2486.4864864864867
2024-648660,2024-09-21,2024,54000.0,Appartement,29.0,0.0,54000.0,6.187301,48.687665,1862.0689655172414
2024-648665,2024-09-30,2024,72000.0,Appartement,41.0,1.0,54000.0,6.187301,48.687665,1756.0975609756097
2024-648669,2024-10-15,2024,425000.0,Maison,180.0,7.0,54000.0,6.144616,48.692375,2361.1111111111113
2024-648673,2024-10-15,2024,109800.0,Appartement,56.0,3.0,54000.0,6.177049,48.674014,1960.7142857142858
2024-648681,2024-09-26,2024,130000.0,Appartement,63.0,3.0,54000.0,6.171086,48.669837,2063.4920634920636
2024-648701,2024-09-25,2024,158500.0,Appartement,61.0,3.0,54000.0,6.194318,48.677892,2598.3606557377047
2024-648719,2024-09-24,2024,141500.0,Appartement,140.0,6.0,54000.0,6.170304,48.696314,1010.7142857142857
2024-648722,2024-09-25,2024,150000.0,Appartement,86.0,4.0,54000.0,6.180034,48.687951,1744.1860465116279
2024-648744,2024-09-20,2024,53000.0,Appartement,27.0,1.0,54000.0,6.17815,48.684524,1962.962962962963
2024-648748,2024-10-10,2024,465000.0,Maison,128.0,7.0,54000.0,6.165617,48.673248,3632.8125
2024-648760,2024-10-04,2024,95850.0,Appartement,73.0,4.0,54000.0,6.138771,48.692841,1313.013698630137
2024-648763,2024-10-16,2024,100000.0,Appartement,58.0,2.0,54000.0,6.194601,48.680847,1724.1379310344828
2024-648765,2024-10-11,2024,104700.0,Appartement,50.0,2.0,54000.0,6.188863,48.690027,2094.0
2024-648768,2024-10-17,2024,82000.0,Appartement,46.0,2.0,54000.0,6.161448,48.683616,1782.608695652174
2024-648770,2024-10-11,2024,125000.0,Appartement,42.0,2.0,54000.0,6.163486,48.685771,2976.190476190476
2024-648774,2024-10-18,2024,102000.0,Appartement,21.0,1.0,54000.0,6.187315,48.689064,4857.142857142857
2024-648777,2024-10-16,2024,163000.0,Appartement,65.0,3.0,54000.0,6.173686,48.677579,2507.6923076923076
2024-648779,2024-10-16,2024,138000.0,Appartement,50.0,2.0,54000.0,6.185584,48.680482,2760.0
2024-648791,2024-09-30,2024,134450.0,Appartement,51.0,2.0,54000.0,6.194044,48.690495,2636.274509803922
2024-648793,2024-10-17,2024,250000.0,Maison,45.0,2.0,54000.0,6.172071,48.684959,5555.555555555556
2024-648794,2024-10-04,2024,169000.0,Maison,94.0,4.0,54000.0,6.165164,48.668718,1797.872340425532
2024-648804,2024-10-10,2024,232750.0,Maison,84.0,4.0,54000.0,6.173686,48.677579,2770.8333333333335
2024-648820,2024-10-08,2024,215000.0,Appartement,91.0,3.0,54000.0,6.163228,48.676593,2362.6373626373625
2024-648821,2024-10-09,2024,43000.0,Appartement,17.0,1.0,54000.0,6.173152,48.683093,2529.4117647058824
2024-648833,2024-10-11,2024,240500.0,Appartement,44.0,2.0,54000.0,6.167495,48.683595,5465.909090909091
2024-648843,2024-09-26,2024,203250.0,Appartement,67.0,3.0,54000.0,6.175015,48.700711,3033.582089552239
2024-648845,2024-09-30,2024,445000.0,Appartement,93.0,3.0,54000.0,6.171496,48.697772,4784.94623655914
2024-648849,2024-09-30,2024,198875.0,Appartement,74.0,4.0,54000.0,6.168573,48.686321,2687.5
2024-648854,2024-10-11,2024,243000.0,Maison,86.0,4.0,54000.0,6.154743,48.69917,2825.5813953488373
2024-648869,2024-10-14,2024,143000.0,Appartement,47.0,2.0,54000.0,6.169294,48.685154,3042.553191489362
2024-648882,2024-10-14,2024,180000.0,Appartement,88.0,4.0,54000.0,6.185729,48.690076,2045.4545454545455
2024-648885,2024-09-30,2024,119000.0,Appartement,60.0,3.0,54000.0,6.178725,48.7023,1983.3333333333333
2024-648887,2024-10-21,2024,134240.0,Appartement,94.0,3.0,54000.0,6.167247,48.691696,1428.0851063829787
2024-648909,2024-10-01,2024,434200.0,Appartement,108.0,4.0,54000.0,6.198805,48.699366,4020.3703703703704
2024-648912,2024-09-27,2024,185500.0,Appartement,92.0,3.0,54000.0,6.168492,48.692058,2016.304347826087
2024-648934,2024-10-23,2024,551000.0,Appartement,180.0,6.0,54000.0,6.176741,48.69223,3061.1111111111113
2024-648938,2024-10-10,2024,250000.0,Appartement,100.0,4.0,54000.0,6.197236,48.698267,2500.0
2024-648945,2024-10-14,2024,367000.0,Appartement,102.0,4.0,54000.0,6.190501,48.698566,3598.0392156862745
2024-648977,2024-10-14,2024,199900.0,Appartement,93.0,3.0,54000.0,6.180247,48.686793,2149.462365591398
2024-648996,2024-10-24,2024,210000.0,Maison,28.0,1.0,54000.0,6.183725,48.689994,7500.0
2024-648997,2024-10-18,2024,129000.0,Appartement,55.0,3.0,54000.0,6.178178,48.702558,2345.4545454545455
2024-649032,2024-10-18,2024,141000.0,Appartement,67.0,3.0,54000.0,6.189528,48.70192,2104.4776119402986
2024-649049,2024-10-21,2024,112000.0,Appartement,50.0,2.0,54000.0,6.195621,48.685184,2240.0
2024-649051,2024-10-21,2024,234000.0,Maison,71.0,4.0,54000.0,6.171149,48.674418,3295.774647887324
2024-649053,2024-10-11,2024,125000.0,Appartement,120.0,4.0,54000.0,6.184586,48.68724,1041.6666666666667
2024-649067,2024-10-15,2024,117265.0,Appartement,74.0,3.0,54000.0,6.160249,48.684336,1584.662162162162
2024-649070,2024-10-23,2024,120000.0,Appartement,60.0,3.0,54000.0,6.18755,48.684352,2000.0
2024-649078,2024-10-17,2024,160000.0,Appartement,67.0,3.0,54000.0,6.19289,48.689409,2388.0597014925374
2024-649082,2024-10-18,2024,90900.0,Appartement,51.0,2.0,54000.0,6.170922,48.698058,1782.3529411764705
2024-649083,2024-10-01,2024,128000.0,Appartement,30.0,2.0,54000.0,6.179471,48.683569,4266.666666666667
2024-649085,2024-10-17,2024,160000.0,Appartement,70.0,3.0,54000.0,6.172667,48.69051,2285.714285714286
2024-649089,2024-10-23,2024,255000.0,Appartement,87.0,4.0,54000.0,6.167687,48.6985,2931.0344827586205
2024-649091,2024-09-30,2024,195500.0,Appartement,56.0,2.0,54000.0,6.178812,48.673686,3491.0714285714284
2024-649097,2024-09-30,2024,180000.0,Appartement,55.0,2.0,54000.0,6.178812,48.673686,3272.7272727272725
2024-649108,2024-10-04,2024,45000.0,Appartement,19.0,1.0,54000.0,6.194026,48.694574,2368.4210526315787
2024-649112,2024-10-15,2024,374000.0,Appartement,126.0,4.0,54000.0,6.156453,48.691993,2968.253968253968
2024-649113,2024-10-24,2024,157700.0,Appartement,77.0,2.0,54000.0,6.190668,48.688725,2048.051948051948
2024-649114,2024-10-16,2024,93000.0,Appartement,47.0,2.0,54000.0,6.146791,48.695624,1978.723404255319
2024-649115,2024-10-14,2024,69300.0,Appartement,27.0,1.0,54000.0,6.179269,48.689175,2566.6666666666665
2024-649116,2024-10-21,2024,65075.0,Appartement,37.0,1.0,54000.0,6.162692,48.694747,1758.7837837837837
2024-649118,2024-10-15,2024,220000.0,Appartement,192.0,7.0,54000.0,6.174392,48.693367,1145.8333333333333
2024-649121,2024-10-18,2024,92150.0,Appartement,25.0,1.0,54000.0,6.195847,48.679279,3686.0
2024-649124,2024-10-15,2024,155000.0,Appartement,31.0,1.0,54000.0,6.170402,48.690816,5000.0
2024-649127,2024-10-11,2024,61000.0,Appartement,21.0,1.0,54000.0,6.171953,48.683715,2904.7619047619046
2024-649137,2024-10-15,2024,93020.0,Appartement,54.0,2.0,54000.0,6.160695,48.690274,1722.5925925925926
2024-649140,2024-10-10,2024,68000.0,Appartement,42.0,2.0,54000.0,6.192353,48.696656,1619.047619047619
2024-649153,2024-10-21,2024,105000.0,Appartement,72.0,5.0,54000.0,6.140382,48.692842,1458.3333333333333
2024-649156,2024-10-24,2024,540000.0,Maison,188.0,8.0,54000.0,6.178573,48.681645,2872.340425531915
2024-649167,2024-10-17,2024,102600.0,Appartement,52.0,3.0,54000.0,6.179511,48.678708,1973.076923076923
2024-649172,2024-10-04,2024,186000.0,Maison,97.0,5.0,54100.0,6.145783,48.703599,1917.5257731958764
2024-649195,2024-09-25,2024,285000.0,Maison,95.0,5.0,54000.0,6.163156,48.685163,3000.0
2024-649210,2024-10-21,2024,108380.0,Appartement,54.0,2.0,54000.0,6.164795,48.691567,2007.037037037037
2024-649215,2024-10-18,2024,267000.0,Maison,83.0,5.0,54000.0,6.167763,48.702066,3216.867469879518
2024-649217,2024-10-23,2024,110000.0,Appartement,43.0,1.0,54000.0,6.185712,48.690914,2558.139534883721
2024-649225,2024-10-03,2024,223000.0,Appartement,92.0,5.0,54000.0,6.196042,48.684134,2423.913043478261
2024-649226,2024-10-11,2024,200000.0,Appartement,20.0,1.0,54000.0,6.183906,48.687699,10000.0
2024-649232,2024-10-02,2024,162000.0,Appartement,85.0,3.0,54000.0,6.179884,48.679794,1905.8823529411766
2024-649236,2024-10-04,2024,64000.0,Appartement,25.0,1.0,54000.0,6.187362,48.682157,2560.0
2024-649238,2024-10-04,2024,90525.0,Appartement,49.0,2.0,54000.0,6.180364,48.701173,1847.4489795918366
2024-649240,2024-10-28,2024,338500.0,Maison,145.0,6.0,54000.0,6.170267,48.683204,2334.4827586206898
2024-649245,2024-10-15,2024,60000.0,Appartement,27.0,1.0,54000.0,6.167247,48.691696,2222.222222222222
2024-649259,2024-10-10,2024,80275.0,Appartement,29.0,2.0,54000.0,6.16173,48.688205,2768.103448275862
2024-649262,2024-10-01,2024,130000.0,Appartement,82.0,4.0,54000.0,6.160249,48.684336,1585.3658536585365
2024-649293,2024-10-22,2024,86000.0,Appartement,28.0,2.0,54000.0,6.169767,48.687006,3071.4285714285716
2024-649310,2024-10-15,2024,133000.0,Appartement,58.0,3.0,54000.0,6.170341,48.685005,2293.103448275862
2024-649311,2024-10-22,2024,86000.0,Appartement,30.0,2.0,54000.0,6.169767,48.687006,2866.6666666666665
2024-649321,2024-10-16,2024,69000.0,Appartement,26.0,1.0,54000.0,6.193984,48.686094,2653.846153846154
2024-649324,2024-10-31,2024,315000.0,Appartement,164.0,5.0,54000.0,6.16644,48.699339,1920.7317073170732
2024-649337,2024-10-15,2024,99920.0,Appartement,67.0,3.0,54000.0,6.18729,48.684453,1491.3432835820895
2024-649355,2024-10-30,2024,182400.0,Appartement,65.0,3.0,54000.0,6.178728,48.685161,2806.153846153846
2024-649358,2024-10-31,2024,71600.0,Appartement,36.0,2.0,54000.0,6.19153,48.691994,1988.888888888889
2024-649369,2024-10-24,2024,371000.0,Appartement,140.0,2.0,54000.0,6.171978,48.704118,2650.0
2024-649382,2024-10-23,2024,328000.0,Appartement,108.0,5.0,54000.0,6.162667,48.680736,3037.037037037037
2024-649383,2024-11-04,2024,247000.0,Appartement,111.0,5.0,54000.0,6.185159,48.691052,2225.225225225225
2024-649390,2024-10-31,2024,403000.0,Appartement,128.0,4.0,54000.0,6.181832,48.703741,3148.4375
2024-649398,2024-10-07,2024,120000.0,Appartement,55.0,3.0,54000.0,6.168098,48.670092,2181.818181818182
2024-649461,2024-10-30,2024,235500.0,Maison,96.0,5.0,54000.0,6.190949,48.69823,2453.125
2024-649467,2024-10-14,2024,166250.0,Appartement,65.0,3.0,54000.0,6.180086,48.674843,2557.6923076923076
2024-649476,2024-10-18,2024,106500.0,Appartement,55.0,2.0,54000.0,6.19211,48.688775,1936.3636363636363
2024-649489,2024-10-18,2024,455500.0,Appartement,173.0,8.0,54000.0,6.182722,48.700617,2632.9479768786127
2024-649492,2024-10-23,2024,75000.0,Appartement,15.0,1.0,54000.0,6.180871,48.691698,5000.0
2024-649495,2024-10-15,2024,90000.0,Appartement,42.0,2.0,54000.0,6.195828,48.684198,2142.8571428571427
2024-649497,2024-10-08,2024,232200.0,Appartement,90.0,4.0,54000.0,6.180369,48.691251,2580.0
2024-649506,2024-10-17,2024,100000.0,Appartement,45.0,2.0,54000.0,6.190307,48.699286,2222.222222222222
2024-649507,2024-10-25,2024,285000.0,Appartement,120.0,5.0,54000.0,6.1707,48.694071,2375.0
2024-649509,2024-11-04,2024,64750.0,Appartement,35.0,2.0,54000.0,6.164611,48.683949,1850.0
2024-649514,2024-10-31,2024,168220.0,Appartement,81.0,3.0,54000.0,6.190137,48.682917,2076.7901234567903
2024-649516,2024-10-23,2024,93900.0,Appartement,41.0,1.0,54000.0,6.18871,48.691919,2290.243902439024
2024-649517,2024-10-31,2024,204800.0,Appartement,70.0,3.0,54000.0,6.172192,48.685036,2925.714285714286
2024-649530,2024-11-07,2024,60000.0,Appartement,29.0,1.0,54000.0,6.194026,48.694574,2068.9655172413795
2024-649534,2024-10-28,2024,62000.0,Appartement,24.0,1.0,54000.0,6.188382,48.684669,2583.3333333333335
2024-649537,2024-10-31,2024,483830.0,Maison,195.0,7.0,54000.0,6.142163,48.69348,2481.1794871794873
2024-649541,2024-10-24,2024,460000.0,Appartement,180.0,4.0,54000.0,6.180692,48.6918,2555.5555555555557
2024-649546,2024-10-11,2024,60000.0,Appartement,32.0,2.0,54000.0,6.172577,48.703521,1875.0
2024-649548,2024-10-10,2024,71628.0,Appartement,46.0,2.0,54000.0,6.183251,48.691885,1557.1304347826087
2024-649563,2024-10-29,2024,148000.0,Appartement,67.0,3.0,54000.0,6.164151,48.703724,2208.955223880597
2024-649571,2024-11-06,2024,100000.0,Appartement,37.0,2.0,54000.0,6.177428,48.682256,2702.7027027027025
2024-649575,2024-10-12,2024,161200.0,Appartement,67.0,3.0,54000.0,6.199403,48.69822,2405.9701492537315
2024-649586,2024-11-08,2024,75000.0,Appartement,51.0,2.0,54000.0,6.170922,48.698058,1470.5882352941176
2024-649591,2024-10-15,2024,200000.0,Appartement,63.0,3.0,54000.0,6.200611,48.699675,3174.6031746031745
2024-649614,2024-11-05,2024,107000.0,Appartement,34.0,1.0,54000.0,6.191025,48.687512,3147.0588235294117
2024-649615,2024-10-24,2024,111905.0,Appartement,63.0,3.0,54000.0,6.138771,48.692841,1776.2698412698412
2024-649620,2024-10-25,2024,51630.0,Appartement,20.0,1.0,54000.0,6.180512,48.682182,2581.5
2024-649621,2024-10-15,2024,94500.0,Appartement,54.0,3.0,54000.0,6.158927,48.690216,1750.0
2024-649629,2024-10-30,2024,293000.0,Appartement,103.0,4.0,54000.0,6.190501,48.698566,2844.660194174757
2024-649630,2024-11-08,2024,88000.0,Appartement,57.0,2.0,54000.0,6.177873,48.6806,1543.859649122807
2024-649651,2024-10-23,2024,420000.0,Appartement,64.0,4.0,54000.0,6.179979,48.701154,6562.5
2024-649653,2024-11-05,2024,88000.0,Appartement,48.0,2.0,54000.0,6.166868,48.688156,1833.3333333333333
2024-649656,2024-10-29,2024,141550.0,Appartement,74.0,3.0,54000.0,6.163376,48.682369,1912.837837837838
2024-649661,2024-11-08,2024,175750.0,Appartement,100.0,4.0,54000.0,6.191425,48.697548,1757.5
2024-649663,2024-10-11,2024,100000.0,Appartement,52.0,3.0,54000.0,6.171883,48.673887,1923.076923076923
2024-649665,2024-10-10,2024,268000.0,Appartement,97.0,3.0,54000.0,6.178184,48.680036,2762.8865979381444
2024-649669,2024-11-08,2024,122500.0,Appartement,38.0,2.0,54000.0,6.174521,48.702165,3223.684210526316
2024-649673,2024-10-31,2024,185000.0,Appartement,30.0,2.0,54000.0,6.192304,48.689229,6166.666666666667
2024-649676,2024-10-18,2024,120950.0,Appartement,74.0,4.0,54000.0,6.16183,48.696571,1634.4594594594594
2024-649679,2024-11-08,2024,160150.0,Appartement,59.0,3.0,54000.0,6.183375,48.691456,2714.406779661017
2024-649681,2024-10-30,2024,94000.0,Appartement,87.0,3.0,54000.0,6.179182,48.687711,1080.4597701149426
2024-649697,2024-10-18,2024,206625.0,Appartement,77.0,4.0,54000.0,6.178547,48.681732,2683.4415584415583
2024-649704,2024-11-06,2024,124000.0,Appartement,65.0,4.0,54000.0,6.174979,48.684435,1907.6923076923076
2024-649708,2024-10-31,2024,135000.0,Appartement,57.0,3.0,54000.0,6.165236,48.692301,2368.4210526315787
2024-649712,2024-10-12,2024,55000.0,Appartement,27.0,1.0,54000.0,6.189467,48.700032,2037.037037037037
2024-649719,2024-10-21,2024,57500.0,Appartement,30.0,1.0,54000.0,6.194044,48.690495,1916.6666666666667
2024-649720,2024-10-31,2024,266000.0,Appartement,106.0,4.0,54000.0,6.160323,48.689667,2509.433962264151
2024-649731,2024-11-14,2024,150000.0,Appartement,41.0,2.0,54000.0,6.18831,48.687675,3658.5365853658536
2024-649737,2024-11-08,2024,54000.0,Appartement,32.0,1.0,54000.0,6.14576,48.696638,1687.5
2024-649766,2024-11-06,2024,270750.0,Appartement,70.0,3.0,54000.0,6.182816,48.685678,3867.8571428571427
2024-649784,2024-11-06,2024,115000.0,Appartement,68.0,3.0,54000.0,6.1951,48.681512,1691.1764705882354
2024-649799,2024-11-05,2024,104000.0,Appartement,68.0,3.0,54000.0,6.172813,48.698853,1529.4117647058824
2024-649853,2024-11-07,2024,465500.0,Appartement,105.0,6.0,54000.0,6.178114,48.689073,4433.333333333333
2024-649873,2024-10-10,2024,144000.0,Appartement,65.0,3.0,54000.0,6.166508,48.68918,2215.3846153846152
2024-649876,2024-11-05,2024,95000.0,Appartement,66.0,2.0,54000.0,6.184586,48.68724,1439.3939393939395
2024-649882,2024-11-08,2024,480250.0,Appartement,141.0,6.0,54000.0,6.172487,48.695895,3406.028368794326
2024-649884,2024-11-12,2024,399000.0,Appartement,142.0,5.0,54000.0,6.169682,48.669798,2809.8591549295775
2024-649891,2024-11-08,2024,309000.0,Maison,90.0,3.0,54000.0,6.165523,48.683444,3433.3333333333335
2024-649903,2024-11-18,2024,112000.0,Appartement,55.0,3.0,54000.0,6.179444,48.683686,2036.3636363636363
2024-649913,2024-11-08,2024,85000.0,Appartement,28.0,2.0,54000.0,6.173662,48.688697,3035.714285714286
2024-649924,2024-11-06,2024,115000.0,Appartement,55.0,2.0,54000.0,6.188104,48.691479,2090.909090909091
2024-649925,2024-11-04,2024,198000.0,Appartement,92.0,4.0,54000.0,6.169449,48.695976,2152.1739130434785
2024-649957,2024-10-29,2024,355830.0,Maison,90.0,3.0,54000.0,6.165534,48.673815,3953.6666666666665
2024-649970,2024-11-08,2024,82600.0,Appartement,29.0,2.0,54000.0,6.186795,48.692031,2848.2758620689656
2024-649971,2024-10-31,2024,97500.0,Appartement,35.0,2.0,54000.0,6.196614,48.698909,2785.714285714286
2024-649983,2024-10-29,2024,69000.0,Appartement,37.0,2.0,54000.0,6.171454,48.683866,1864.8648648648648
2024-649997,2024-10-28,2024,70300.0,Appartement,25.0,1.0,54000.0,6.186336,48.678773,2812.0
2024-649998,2024-11-04,2024,193700.0,Appartement,100.0,4.0,54000.0,6.16202,48.69615,1937.0
2024-650010,2024-11-06,2024,151550.0,Appartement,69.0,3.0,54000.0,6.172889,48.676369,2196.376811594203
2024-650023,2024-11-14,2024,122600.0,Maison,60.0,3.0,54000.0,6.199074,48.690002,2043.3333333333333
2024-650029,2024-10-28,2024,195000.0,Appartement,85.0,3.0,54000.0,6.146818,48.696839,2294.1176470588234
2024-650033,2024-10-31,2024,70000.0,Maison,70.0,3.0,54000.0,6.190702,48.699163,1000.0
2024-650034,2024-10-31,2024,354500.0,Appartement,120.0,4.0,54000.0,6.181663,48.695006,2954.1666666666665
2024-650035,2024-10-31,2024,115000.0,Appartement,47.0,2.0,54000.0,6.186624,48.683308,2446.808510638298
2024-650043,2024-11-07,2024,130000.0,Appartement,43.0,2.0,54000.0,6.165613,48.682995,3023.2558139534885
2024-650050,2024-11-20,2024,112000.0,Appartement,52.0,3.0,54000.0,6.18755,48.684352,2153.846153846154
2024-650056,2024-11-08,2024,421350.0,Maison,112.0,5.0,54000.0,6.173956,48.674995,3762.0535714285716
2024-650061,2024-11-07,2024,64500.0,Appartement,23.0,1.0,54000.0,6.167096,48.699082,2804.3478260869565
2024-650079,2024-11-18,2024,250000.0,Maison,109.0,3.0,54000.0,6.162867,48.6959,2293.577981651376
2024-650091,2024-11-07,2024,85000.0,Appartement,30.0,2.0,54000.0,6.175481,48.694123,2833.3333333333335
2024-650097,2024-11-22,2024,136000.0,Appartement,54.0,3.0,54000.0,6.157924,48.687554,2518.5185185185187
2024-650117,2024-11-19,2024,100800.0,Appartement,41.0,2.0,54000.0,6.198025,48.680738,2458.5365853658536
2024-650118,2024-11-21,2024,205000.0,Appartement,116.0,3.0,54000.0,6.177058,48.695476,1767.2413793103449
2024-650130,2024-11-14,2024,188100.0,Appartement,120.0,4.0,54000.0,6.179367,48.704579,1567.5
2024-650146,2024-11-14,2024,136000.0,Appartement,63.0,3.0,54000.0,6.189528,48.70192,2158.7301587301586
2024-650163,2024-11-13,2024,140000.0,Appartement,68.0,3.0,54000.0,6.172729,48.696954,2058.823529411765
2024-650165,2024-11-14,2024,83250.0,Appartement,62.0,3.0,54000.0,6.138771,48.692841,1342.741935483871
2024-650172,2024-11-07,2024,85000.0,Appartement,32.0,1.0,54000.0,6.170735,48.6955,2656.25
2024-650176,2024-11-19,2024,65000.0,Appartement,35.0,1.0,54000.0,6.189396,48.683102,1857.142857142857
2024-650177,2024-11-15,2024,70000.0,Appartement,33.0,2.0,54000.0,6.162683,48.698968,2121.212121212121
2024-650190,2024-11-12,2024,103845.0,Appartement,149.0,3.0,54000.0,6.160875,48.698632,696.9463087248322
2024-650192,2024-11-14,2024,322050.0,Appartement,107.0,3.0,54000.0,6.177505,48.692311,3009.8130841121497
2024-650197,2024-11-12,2024,190000.0,Appartement,80.0,3.0,54000.0,6.181124,48.689998,2375.0
2024-650205,2024-11-14,2024,85000.0,Appartement,71.0,4.0,54000.0,6.141004,48.692334,1197.1830985915492
2024-650211,2024-11-21,2024,58160.0,Appartement,22.0,1.0,54000.0,6.185508,48.688706,2643.6363636363635
2024-650224,2024-11-19,2024,187000.0,Appartement,72.0,3.0,54000.0,6.197128,48.676835,2597.222222222222
2024-650248,2024-11-22,2024,235000.0,Appartement,100.0,5.0,54000.0,6.173532,48.69114,2350.0
2024-650253,2024-10-29,2024,78000.0,Appartement,38.0,2.0,54000.0,6.163057,48.685386,2052.6315789473683
2024-650263,2024-11-22,2024,207700.0,Appartement,35.0,1.0,54000.0,6.175981,48.698054,5934.285714285715
2024-650273,2024-11-20,2024,288050.0,Maison,87.0,4.0,54000.0,6.180499,48.684384,3310.919540229885
2024-650279,2024-11-19,2024,90000.0,Appartement,44.0,3.0,54000.0,6.175939,48.684204,2045.4545454545455
2024-650282,2024-11-25,2024,37700.0,Appartement,40.0,2.0,54000.0,6.17627,48.691529,942.5
2024-650284,2024-11-08,2024,87500.0,Appartement,32.0,1.0,54000.0,6.158935,48.688284,2734.375
2024-650287,2024-11-13,2024,180675.0,Maison,73.0,4.0,54000.0,6.19141,48.698363,2475.0
2024-650292,2024-11-20,2024,258420.0,Maison,80.0,4.0,54000.0,6.18058,48.683468,3230.25
2024-650312,2024-11-06,2024,52700.0,Appartement,18.0,1.0,54000.0,6.1734,48.700198,2927.777777777778
2024-650313,2024-11-15,2024,80000.0,Appartement,42.0,2.0,54000.0,6.17045,48.704516,1904.7619047619048
2024-650318,2024-11-18,2024,50000.0,Appartement,25.0,1.0,54000.0,6.158498,48.69836,2000.0
2024-650319,2024-11-20,2024,100000.0,Appartement,43.0,2.0,54000.0,6.165613,48.682995,2325.5813953488373
2024-650322,2024-11-25,2024,193400.0,Appartement,98.0,5.0,54000.0,6.178928,48.683816,1973.469387755102
2024-650323,2024-10-31,2024,151200.0,Appartement,83.0,3.0,54000.0,6.187483,48.688335,1821.686746987952
2024-650325,2024-11-19,2024,133700.0,Appartement,59.0,3.0,54000.0,6.186462,48.691867,2266.101694915254
2024-650339,2024-11-26,2024,173050.0,Appartement,73.0,3.0,54000.0,6.179591,48.674687,2370.5479452054797
2024-650346,2024-11-27,2024,203219.0,Appartement,62.0,3.0,54000.0,6.175015,48.700711,3277.7258064516127
2024-650356,2024-11-22,2024,56300.0,Appartement,23.0,1.0,54000.0,6.177605,48.684528,2447.8260869565215
2024-650358,2024-11-25,2024,138000.0,Appartement,95.0,3.0,54000.0,6.174302,48.680638,1452.6315789473683
2024-650375,2024-11-25,2024,86000.0,Appartement,50.0,3.0,54000.0,6.17045,48.704516,1720.0
2024-650386,2024-11-26,2024,207100.0,Appartement,86.0,3.0,54000.0,6.184005,48.700861,2408.139534883721
2024-650393,2024-11-21,2024,55000.0,Appartement,42.0,2.0,54000.0,6.160249,48.684336,1309.5238095238096
2024-650394,2024-11-19,2024,54500.0,Appartement,23.0,1.0,54000.0,6.180893,48.676913,2369.5652173913045
2024-650416,2024-11-22,2024,61000.0,Appartement,28.0,1.0,54000.0,6.188382,48.684669,2178.5714285714284
2024-650419,2024-11-21,2024,310000.0,Appartement,53.0,2.0,54000.0,6.171238,48.699067,5849.056603773585
2024-650420,2024-11-25,2024,144400.0,Appartement,65.0,3.0,54000.0,6.167632,48.67831,2221.5384615384614
2024-650425,2024-11-27,2024,114000.0,Appartement,57.0,2.0,54000.0,6.16691,48.688991,2000.0
2024-650436,2024-11-19,2024,115900.0,Appartement,67.0,3.0,54000.0,6.164151,48.703724,1729.8507462686566
2024-650437,2024-11-29,2024,128000.0,Appartement,55.0,3.0,54000.0,6.178178,48.702558,2327.2727272727275
2024-650458,2024-11-14,2024,326250.0,Appartement,95.0,3.0,54000.0,6.164217,48.694104,3434.2105263157896
2024-650481,2024-11-22,2024,97100.0,Appartement,37.0,2.0,54000.0,6.167939,48.689465,2624.324324324324
2024-650491,2024-11-28,2024,65000.0,Appartement,31.0,1.0,54000.0,6.172631,48.685992,2096.7741935483873
2024-650500,2024-11-29,2024,120000.0,Appartement,43.0,2.0,54000.0,6.189549,48.696914,2790.6976744186045
2024-650504,2024-11-28,2024,190381.0,Appartement,106.0,4.0,54000.0,6.180247,48.686793,1796.0471698113208
2024-650525,2024-11-19,2024,109000.0,Appartement,31.0,2.0,54000.0,6.196614,48.698909,3516.1290322580644
2024-650527,2024-11-26,2024,74000.0,Appartement,34.0,2.0,54000.0,6.194044,48.690495,2176.470588235294
2024-650534,2024-11-29,2024,131000.0,Appartement,55.0,3.0,54000.0,6.178178,48.702558,2381.818181818182
2024-650540,2024-11-22,2024,142000.0,Appartement,62.0,3.0,54000.0,6.166127,48.700467,2290.3225806451615
2024-650542,2024-11-22,2024,99800.0,Appartement,65.0,2.0,54000.0,6.181427,48.680649,1535.3846153846155
2024-650543,2024-10-24,2024,399600.0,Appartement,115.0,4.0,54000.0,6.16411,48.69649,3474.782608695652
2024-650544,2024-11-06,2024,190500.0,Appartement,77.0,3.0,54000.0,6.16703,48.686271,2474.025974025974
2024-650562,2024-11-21,2024,49100.0,Appartement,21.0,1.0,54000.0,6.187018,48.690864,2338.095238095238
2024-650570,2024-11-05,2024,135000.0,Appartement,62.0,3.0,54000.0,6.201619,48.686386,2177.4193548387098
2024-650585,2024-11-29,2024,500000.0,Appartement,197.0,6.0,54000.0,6.180871,48.691698,2538.0710659898477
2024-650587,2024-11-19,2024,210000.0,Appartement,105.0,4.0,54000.0,6.170958,48.687917,2000.0
2024-650593,2024-11-28,2024,145000.0,Maison,50.0,3.0,54000.0,6.198902,48.689774,2900.0
2024-650605,2024-12-02,2024,217000.0,Appartement,77.0,3.0,54000.0,6.17402,48.680372,2818.181818181818
2024-650606,2024-11-27,2024,59000.0,Appartement,25.0,1.0,54000.0,6.158498,48.69836,2360.0
2024-650607,2024-11-26,2024,120000.0,Appartement,72.0,4.0,54000.0,6.174979,48.684435,1666.6666666666667
2024-650611,2024-11-27,2024,42500.0,Appartement,24.0,1.0,54000.0,6.158498,48.69836,1770.8333333333333
2024-650620,2024-11-18,2024,118800.0,Appartement,73.0,4.0,54000.0,6.1642,48.676057,1627.3972602739725
2024-650624,2024-11-26,2024,143320.0,Appartement,55.0,2.0,54000.0,6.168415,48.684597,2605.818181818182
2024-650662,2024-11-28,2024,155000.0,Appartement,60.0,2.0,54000.0,6.169141,48.686312,2583.3333333333335
2024-650665,2024-11-28,2024,59850.0,Appartement,24.0,1.0,54000.0,6.177605,48.684528,2493.75
2024-650671,2024-11-27,2024,384250.0,Maison,150.0,7.0,54000.0,6.169552,48.669009,2561.6666666666665
2024-650672,2024-08-29,2024,46540.0,Appartement,29.0,1.0,54000.0,6.1951,48.681512,1604.8275862068965
2024-650673,2024-11-28,2024,493000.0,Appartement,122.0,3.0,54000.0,6.180225,48.693458,4040.9836065573772
2024-650685,2024-11-28,2024,89500.0,Appartement,36.0,2.0,54000.0,6.167106,48.684024,2486.1111111111113
2024-650688,2024-12-02,2024,47000.0,Appartement,22.0,1.0,54000.0,6.177561,48.683693,2136.3636363636365
2024-650692,2024-11-27,2024,160000.0,Appartement,68.0,4.0,54000.0,6.170934,48.671006,2352.9411764705883
2024-650696,2024-11-27,2024,62000.0,Appartement,23.0,1.0,54000.0,6.167096,48.699082,2695.6521739130435
2024-650704,2024-12-05,2024,55000.0,Appartement,29.0,1.0,54000.0,6.175631,48.702857,1896.551724137931
2024-650712,2024-11-08,2024,86000.0,Appartement,48.0,2.0,54000.0,6.186704,48.693077,1791.6666666666667
2024-650713,2024-10-14,2024,57000.0,Appartement,22.0,1.0,54000.0,6.187697,48.689882,2590.909090909091
2024-650733,2024-11-28,2024,50000.0,Appartement,30.0,1.0,54000.0,6.171632,48.690814,1666.6666666666667
2024-650736,2024-12-05,2024,71100.0,Appartement,40.0,1.0,54000.0,6.180622,48.702258,1777.5
2024-650751,2024-11-22,2024,80750.0,Appartement,51.0,2.0,54000.0,6.162869,48.702886,1583.3333333333333
2024-650755,2024-11-28,2024,268400.0,Appartement,92.0,5.0,54000.0,6.170175,48.686948,2917.391304347826
2024-650758,2024-11-14,2024,30000.0,Appartement,24.0,1.0,54000.0,6.175956,48.704863,1250.0
2024-650761,2024-11-29,2024,200000.0,Appartement,45.0,2.0,54000.0,6.184325,48.68377,4444.444444444444
2024-650775,2024-11-29,2024,81000.0,Appartement,27.0,2.0,54000.0,6.1734,48.700198,3000.0
2024-650787,2024-11-25,2024,332000.0,Appartement,88.0,3.0,54000.0,6.172003,48.687753,3772.7272727272725
2024-650792,2024-12-02,2024,171000.0,Appartement,60.0,3.0,54000.0,6.178781,48.705936,2850.0
2024-650798,2024-12-02,2024,201000.0,Appartement,84.0,4.0,54000.0,6.178448,48.683077,2392.8571428571427
2024-650814,2024-12-03,2024,153000.0,Appartement,111.0,5.0,54000.0,6.159552,48.686069,1378.3783783783783
2024-650816,2024-12-02,2024,38000.0,Appartement,30.0,3.0,54000.0,6.173152,48.683093,1266.6666666666667
2024-650817,2024-11-26,2024,82000.0,Appartement,38.0,2.0,54000.0,6.194044,48.690495,2157.8947368421054
2024-650824,2024-12-09,2024,134600.0,Appartement,49.0,2.0,54000.0,6.173838,48.685328,2746.938775510204
2024-650834,2024-11-26,2024,132000.0,Appartement,55.0,3.0,54000.0,6.178178,48.702558,2400.0
2024-650839,2024-11-27,2024,250000.0,Maison,83.0,3.0,54000.0,6.180326,48.706603,3012.0481927710844
2024-650845,2024-12-05,2024,94000.0,Appartement,71.0,2.0,54000.0,6.177058,48.695476,1323.943661971831
2024-650849,2024-11-06,2024,149000.0,Appartement,68.0,3.0,54000.0,6.200865,48.699118,2191.176470588235
2024-650851,2024-11-29,2024,76000.0,Appartement,30.0,1.0,54000.0,6.185409,48.68003,2533.3333333333335
2024-650852,2024-11-27,2024,82000.0,Appartement,37.0,2.0,54000.0,6.19121,48.686081,2216.2162162162163
2024-650854,2024-11-26,2024,118750.0,Appartement,49.0,3.0,54000.0,6.166901,48.682127,2423.469387755102
2024-650871,2024-11-26,2024,90000.0,Appartement,48.0,2.0,54000.0,6.17562,48.702957,1875.0
2024-650888,2024-11-27,2024,78000.0,Appartement,41.0,2.0,54000.0,6.15794,48.699285,1902.439024390244
2024-650896,2024-11-07,2024,91000.0,Appartement,53.0,3.0,54000.0,6.17524,48.684833,1716.9811320754718
2024-650925,2024-11-29,2024,203000.0,Appartement,71.0,3.0,54000.0,6.193929,48.696134,2859.154929577465
2024-650931,2024-11-26,2024,174000.0,Appartement,114.0,6.0,54000.0,6.150064,48.691307,1526.3157894736842
2024-650963,2024-12-05,2024,85400.0,Appartement,27.0,2.0,54000.0,6.180546,48.69981,3162.962962962963
2024-650977,2024-12-06,2024,299250.0,Appartement,130.0,5.0,54000.0,6.169576,48.687923,2301.923076923077
2024-650988,2024-12-09,2024,120600.0,Appartement,48.0,2.0,54000.0,6.163998,48.682543,2512.5
2024-650991,2024-12-10,2024,74100.0,Appartement,32.0,1.0,54000.0,6.179027,48.693503,2315.625
2024-651012,2024-12-06,2024,150600.0,Appartement,39.0,2.0,54000.0,6.199255,48.692269,3861.5384615384614
2024-651016,2024-12-05,2024,60000.0,Appartement,29.0,2.0,54000.0,6.177489,48.706772,2068.9655172413795
2024-651021,2024-11-20,2024,285000.0,Maison,90.0,5.0,54000.0,6.14789,48.69644,3166.6666666666665
2024-651024,2024-12-03,2024,216250.0,Appartement,91.0,4.0,54000.0,6.18013,48.70126,2376.3736263736264
2024-651025,2024-12-05,2024,149000.0,Appartement,57.0,3.0,54000.0,6.168347,48.686567,2614.035087719298
2024-651031,2024-12-06,2024,185250.0,Appartement,84.0,3.0,54000.0,6.18624,48.688729,2205.3571428571427
2024-651047,2024-12-04,2024,294500.0,Appartement,114.0,5.0,54000.0,6.188123,48.684936,2583.3333333333335
2024-651050,2024-11-28,2024,205000.0,Appartement,98.0,4.0,54000.0,6.17996,48.690473,2091.8367346938776
2024-651051,2024-12-09,2024,418000.0,Maison,98.0,5.0,54000.0,6.161374,48.687911,4265.306122448979
2024-651053,2024-12-09,2024,159885.0,Appartement,64.0,3.0,54000.0,6.165126,48.677666,2498.203125
2024-651091,2024-12-09,2024,100000.0,Appartement,84.0,3.0,54000.0,6.179884,48.679794,1190.4761904761904
2024-651098,2024-11-13,2024,141100.0,Appartement,84.0,4.0,54000.0,6.189467,48.700032,1679.7619047619048
2024-651100,2024-12-02,2024,72000.0,Appartement,49.0,3.0,54000.0,6.166183,48.670901,1469.3877551020407
2024-651103,2024-11-19,2024,304900.0,Appartement,115.0,3.0,54000.0,6.184688,48.689081,2651.304347826087
2024-651104,2024-11-27,2024,58000.0,Appartement,23.0,1.0,54000.0,6.198774,48.678259,2521.7391304347825
2024-651118,2024-12-02,2024,130000.0,Maison,62.0,3.0,54000.0,6.144725,48.696508,2096.7741935483873
2024-651128,2024-12-10,2024,134200.0,Appartement,61.0,2.0,54000.0,6.166066,48.680678,2200.0
2024-651130,2024-11-29,2024,420000.0,Maison,76.0,4.0,54000.0,6.168808,48.701722,5526.315789473684
2024-651134,2024-12-02,2024,975000.0,Maison,213.0,4.0,54000.0,6.181865,48.701346,4577.4647887323945
2024-651135,2024-12-09,2024,75000.0,Appartement,37.0,2.0,54000.0,6.173922,48.684046,2027.027027027027
2024-651142,2024-11-29,2024,143000.0,Appartement,57.0,4.0,54000.0,6.189045,48.698945,2508.7719298245615
2024-651144,2024-12-10,2024,90250.0,Appartement,52.0,3.0,54000.0,6.18755,48.684352,1735.576923076923
2024-651163,2024-12-03,2024,86800.0,Appartement,51.0,3.0,54000.0,6.158927,48.690216,1701.9607843137255
2024-651174,2024-11-18,2024,49880.0,Appartement,20.0,1.0,54000.0,6.180512,48.682182,2494.0
2024-651177,2024-12-12,2024,264000.0,Appartement,118.0,4.0,54000.0,6.170765,48.68998,2237.2881355932204
2024-651185,2024-12-06,2024,144885.0,Appartement,65.0,3.0,54000.0,6.170233,48.675675,2229.0
2024-651189,2024-11-26,2024,285500.0,Appartement,79.0,4.0,54000.0,6.1799,48.701028,3613.9240506329115
2024-651194,2024-11-21,2024,49880.0,Appartement,20.0,1.0,54000.0,6.180512,48.682182,2494.0
2024-651195,2024-12-02,2024,194146.0,Appartement,72.0,3.0,54000.0,6.182343,48.701368,2696.472222222222
2024-651204,2024-11-26,2024,249850.0,Appartement,82.0,3.0,54000.0,6.170323,48.694581,3046.951219512195
2024-651206,2024-11-29,2024,81150.0,Appartement,38.0,2.0,54000.0,6.201619,48.686386,2135.5263157894738
2024-651216,2024-12-05,2024,135000.0,Appartement,56.0,3.0,54000.0,6.178949,48.69806,2410.714285714286
2024-651223,2024-12-12,2024,240000.0,Appartement,17.0,1.0,54000.0,6.198563,48.692884,14117.64705882353
2024-651235,2024-12-12,2024,105000.0,Appartement,52.0,2.0,54000.0,6.185508,48.688706,2019.2307692307693
2024-651251,2024-12-03,2024,185300.0,Appartement,71.0,2.0,54000.0,6.177256,48.702515,2609.8591549295775
2024-651262,2024-12-10,2024,180000.0,Maison,84.0,4.0,54000.0,6.148811,48.696481,2142.8571428571427
2024-651276,2024-11-27,2024,240000.0,Appartement,95.0,5.0,54000.0,6.168537,48.690959,2526.315789473684
2024-651286,2024-11-25,2024,101900.0,Appartement,42.0,2.0,54000.0,6.166214,48.684257,2426.190476190476
2024-651317,2024-11-25,2024,180000.0,Maison,92.0,5.0,54000.0,6.169779,48.669201,1956.5217391304348
2024-651321,2024-12-09,2024,121000.0,Appartement,22.0,1.0,54000.0,6.171255,48.689618,5500.0
2024-651361,2024-12-16,2024,171000.0,Appartement,67.0,3.0,54000.0,6.182141,48.676146,2552.2388059701493
2024-651370,2024-12-09,2024,189630.0,Appartement,108.0,5.0,54000.0,6.1951,48.681512,1755.8333333333333
2024-651381,2024-12-03,2024,131500.0,Appartement,57.0,3.0,54000.0,6.170979,48.671398,2307.0175438596493
2024-651386,2024-11-29,2024,93000.0,Appartement,53.0,3.0,54000.0,6.170679,48.701143,1754.7169811320755
2024-651391,2024-12-11,2024,54000.0,Appartement,28.0,1.0,54000.0,6.173178,48.684429,1928.5714285714287
2024-651394,2024-12-02,2024,215650.0,Maison,100.0,4.0,54000.0,6.187153,48.681461,2156.5
2024-651400,2024-11-29,2024,67500.0,Appartement,24.0,1.0,54000.0,6.175374,48.680113,2812.5
2024-651417,2024-12-03,2024,117000.0,Appartement,70.0,4.0,54000.0,6.173608,48.68358,1671.4285714285713
2024-651426,2024-12-05,2024,80000.0,Appartement,52.0,3.0,54000.0,6.175956,48.704863,1538.4615384615386
2024-651429,2024-12-04,2024,67500.0,Appartement,29.0,2.0,54000.0,6.173178,48.684429,2327.5862068965516
2024-651431,2024-12-09,2024,220000.0,Appartement,70.0,3.0,54000.0,6.169446,48.698229,3142.8571428571427
2024-651435,2024-12-16,2024,210000.0,Appartement,55.0,2.0,54000.0,6.179924,48.690551,3818.181818181818
2024-651443,2024-12-02,2024,50280.0,Appartement,22.0,1.0,54000.0,6.187208,48.694539,2285.4545454545455
2024-651455,2024-11-26,2024,114500.0,Appartement,46.0,2.0,54000.0,6.186963,48.683864,2489.1304347826085
2024-651466,2024-12-12,2024,94000.0,Appartement,54.0,2.0,54000.0,6.189148,48.683586,1740.7407407407406
2024-651468,2024-11-18,2024,88000.0,Appartement,39.0,2.0,54000.0,6.187343,48.685209,2256.4102564102564
2024-651476,2024-12-18,2024,118640.0,Maison,90.0,4.0,54000.0,6.195851,48.677934,1318.2222222222222
2024-651477,2024-12-06,2024,457000.0,Appartement,149.0,5.0,54000.0,6.176598,48.692079,3067.1140939597317
2024-651478,2024-12-10,2024,85000.0,Appartement,47.0,2.0,54000.0,6.169389,48.703308,1808.5106382978724
2024-651487,2024-12-20,2024,91200.0,Appartement,50.0,2.0,54000.0,6.184159,48.701105,1824.0
2024-651488,2024-11-30,2024,58000.0,Appartement,21.0,2.0,54000.0,6.179322,48.674776,2761.904761904762
2024-651513,2024-12-20,2024,166250.0,Appartement,65.0,2.0,54000.0,6.168911,48.702387,2557.6923076923076
2024-651517,2024-12-26,2024,140000.0,Appartement,61.0,3.0,54000.0,6.164129,48.685038,2295.0819672131147
2024-651518,2024-12-24,2024,495000.0,Appartement,80.0,3.0,54000.0,6.173426,48.680306,6187.5
2024-651529,2024-12-23,2024,210000.0,Maison,65.0,4.0,54000.0,6.167272,48.701751,3230.769230769231
2024-651564,2024-12-11,2024,114000.0,Appartement,52.0,2.0,54000.0,6.188123,48.684936,2192.3076923076924
2024-651565,2024-12-23,2024,82000.0,Appartement,28.0,1.0,54000.0,6.186522,48.689636,2928.5714285714284
2024-651572,2024-12-30,2024,89000.0,Appartement,48.0,2.0,54000.0,6.170716,48.687203,1854.1666666666667
2024-651573,2024-11-29,2024,357000.0,Appartement,154.0,5.0,54000.0,6.182944,48.681783,2318.181818181818
2024-651591,2024-12-23,2024,124000.0,Maison,58.0,2.0,54000.0,6.143462,48.693162,2137.9310344827586
2024-651621,2024-12-23,2024,194000.0,Appartement,127.0,4.0,54000.0,6.18041,48.692873,1527.5590551181103
2024-651632,2024-12-18,2024,228000.0,Appartement,72.0,3.0,54000.0,6.180364,48.701173,3166.6666666666665
2024-651643,2024-12-16,2024,102000.0,Appartement,55.0,3.0,54000.0,6.166928,48.690161,1854.5454545454545
2024-651669,2024-12-30,2024,180000.0,Appartement,76.0,3.0,54000.0,6.177168,48.697752,2368.4210526315787
2024-651673,2024-12-26,2024,346000.0,Maison,84.0,4.0,54000.0,6.162859,48.676991,4119.047619047619
2024-651674,2024-12-23,2024,208000.0,Appartement,79.0,3.0,54000.0,6.195532,48.694835,2632.9113924050635
2024-651698,2024-12-20,2024,116700.0,Appartement,36.0,2.0,54000.0,6.175015,48.700711,3241.6666666666665
2024-651706,2024-12-20,2024,66000.0,Appartement,29.0,1.0,54000.0,6.177605,48.684528,2275.862068965517
2024-651710,2024-12-30,2024,120500.0,Appartement,52.0,3.0,54000.0,6.178246,48.684276,2317.3076923076924
2024-651714,2024-12-19,2024,190000.0,Appartement,86.0,3.0,54000.0,6.165377,48.692938,2209.3023255813955
2024-651718,2024-12-18,2024,85500.0,Appartement,38.0,2.0,54000.0,6.190804,48.690712,2250.0
2024-651727,2024-12-13,2024,53500.0,Appartement,23.0,1.0,54000.0,6.167186,48.690326,2326.086956521739
2024-651741,2024-12-10,2024,68000.0,Appartement,25.0,1.0,54000.0,6.173922,48.684046,2720.0
2024-651742,2024-12-16,2024,129500.0,Appartement,57.0,2.0,54000.0,6.173045,48.700581,2271.9298245614036
2024-651746,2024-12-10,2024,75000.0,Appartement,41.0,2.0,54000.0,6.198025,48.680738,1829.2682926829268
2024-651750,2024-12-20,2024,322500.0,Appartement,99.0,4.0,54000.0,6.174861,48.698448,3257.5757575757575
2024-651767,2024-12-26,2024,216700.0,Appartement,86.0,3.0,54000.0,6.166278,48.702813,2519.767441860465
2024-651771,2024-12-16,2024,74500.0,Appartement,52.0,2.0,54000.0,6.191072,48.679103,1432.6923076923076
2024-651778,2024-12-06,2024,90000.0,Appartement,64.0,3.0,54000.0,6.198774,48.678259,1406.25
2024-651802,2024-12-12,2024,155000.0,Appartement,79.0,4.0,54000.0,6.16883,48.689296,1962.0253164556962
2024-651813,2024-12-30,2024,56000.0,Appartement,19.0,1.0,54000.0,6.194318,48.677892,2947.3684210526317
2024-651815,2024-12-31,2024,30000.0,Appartement,16.0,1.0,54000.0,6.175457,48.683636,1875.0
2024-651891,2024-12-19,2024,80000.0,Appartement,55.0,2.0,54000.0,6.184586,48.68724,1454.5454545454545
2024-651913,2024-12-05,2024,298000.0,Appartement,96.0,3.0,54000.0,6.192652,48.698882,3104.1666666666665
2024-651917,2024-12-17,2024,60000.0,Appartement,30.0,1.0,54000.0,6.178285,48.694003,2000.0
2024-651919,2024-12-17,2024,212050.0,Appartement,95.0,5.0,54000.0,6.162091,48.686829,2232.1052631578946
2024-651920,2024-12-19,2024,88000.0,Appartement,47.0,2.0,54000.0,6.187584,48.685648,1872.340425531915
2024-651921,2024-12-30,2024,88630.0,Appartement,33.0,2.0,54000.0,6.177461,48.68326,2685.757575757576
2024-651922,2024-12-31,2024,150000.0,Appartement,17.0,3.0,54000.0,6.173152,48.683093,8823.529411764706
2024-651923,2024-12-16,2024,153000.0,Appartement,72.0,3.0,54000.0,6.168844,48.669679,2125.0
2024-651931,2024-12-19,2024,57000.0,Appartement,35.0,1.0,54000.0,6.194459,48.689908,1628.5714285714287
2024-651934,2024-12-19,2024,55500.0,Appartement,18.0,1.0,54000.0,6.175531,48.689366,3083.3333333333335
2024-651937,2024-12-26,2024,90500.0,Appartement,36.0,2.0,54000.0,6.167096,48.699082,2513.8888888888887
2024-651941,2024-12-17,2024,535500.0,Appartement,136.0,6.0,54000.0,6.160249,48.684336,3937.5
2024-651955,2024-12-27,2024,80000.0,Appartement,17.0,1.0,54000.0,6.173152,48.683093,4705.882352941177
2024-651956,2024-12-30,2024,64500.0,Appartement,22.0,1.0,54000.0,6.167247,48.691696,2931.818181818182
2024-651975,2024-12-12,2024,46000.0,Appartement,20.0,1.0,54000.0,6.183855,48.688162,2300.0
2024-651976,2024-12-18,2024,136000.0,Appartement,50.0,2.0,54000.0,6.172631,48.685992,2720.0
2024-651981,2024-12-17,2024,480700.0,Appartement,180.0,6.0,54000.0,6.175148,48.681829,2670.5555555555557
2024-651986,2024-12-16,2024,207000.0,Appartement,94.0,4.0,54000.0,6.160249,48.684336,2202.127659574468
2024-651988,2024-12-17,2024,178000.0,Appartement,68.0,3.0,54000.0,6.178184,48.680036,2617.6470588235293
2024-651991,2024-08-22,2024,85500.0,Appartement,25.0,1.0,54000.0,6.160254,48.690874,3420.0
2024-651992,2024-07-18,2024,100000.0,Appartement,27.0,2.0,54000.0,6.160254,48.690874,3703.703703703704
2024-651993,2024-09-06,2024,144000.0,Appartement,57.0,2.0,54000.0,6.160254,48.690874,2526.315789473684
2024-651995,2024-12-30,2024,1582498.0,Appartement,99.0,6.0,54000.0,6.188413,48.679853,15984.828282828283
2024-652007,2024-12-06,2024,56500.0,Appartement,25.0,1.0,54000.0,6.158498,48.69836,2260.0
2024-652019,2024-12-19,2024,67500.0,Appartement,42.0,1.0,54000.0,6.194044,48.690495,1607.142857142857
2024-652025,2024-12-30,2024,103500.0,Appartement,51.0,2.0,54000.0,6.186624,48.683308,2029.4117647058824
2024-652044,2024-12-18,2024,95000.0,Appartement,49.0,2.0,54000.0,6.186624,48.683308,1938.7755102040817
2024-652048,2024-12-26,2024,130500.0,Appartement,79.0,3.0,54000.0,6.172866,48.686997,1651.8987341772151
2024-652051,2024-12-23,2024,33500.0,Appartement,25.0,1.0,54000.0,6.185813,48.690807,1340.0
2024-652057,2024-12-26,2024,80000.0,Appartement,65.0,3.0,54000.0,6.187483,48.688335,1230.7692307692307
2024-652088,2024-12-17,2024,110000.0,Appartement,71.0,3.0,54000.0,6.166868,48.688156,1549.2957746478874
2024-652094,2024-12-19,2024,242500.0,Appartement,100.0,5.0,54000.0,6.168352,48.699478,2425.0
2024-652103,2024-12-12,2024,52500.0,Appartement,26.0,1.0,54000.0,6.185409,48.68003,2019.2307692307693
2024-652135,2024-12-10,2024,139350.0,Appartement,73.0,3.0,54000.0,6.1776,48.694973,1908.9041095890411
2024-652164,2024-12-22,2024,89000.0,Appartement,37.0,2.0,54000.0,6.198025,48.680738,2405.4054054054054
2024-652170,2024-12-27,2024,200000.0,Maison,72.0,5.0,54000.0,6.157949,48.689388,2777.777777777778
2024-652176,2024-12-27,2024,95000.0,Appartement,57.0,2.0,54000.0,6.168352,48.699478,1666.6666666666667
2024-652195,2024-12-27,2024,360000.0,Appartement,130.0,4.0,54000.0,6.195828,48.684198,2769.230769230769
2024-652197,2024-12-19,2024,134700.0,Appartement,57.0,2.0,54000.0,6.181511,48.675893,2363.157894736842
2024-652206,2024-12-16,2024,53330.0,Appartement,20.0,1.0,54000.0,6.180512,48.682182,2666.5
2024-652210,2024-12-26,2024,115000.0,Appartement,27.0,1.0,54000.0,6.184325,48.68377,4259.259259259259
2024-652212,2024-12-23,2024,71500.0,Appartement,47.0,2.0,54000.0,6.17708,48.683908,1521.276595744681
2024-652213,2024-12-19,2024,138000.0,Maison,106.0,4.0,54000.0,6.176579,48.706729,1301.8867924528302
2024-652215,2024-12-20,2024,64000.0,Appartement,19.0,1.0,54000.0,6.174423,48.694251,3368.4210526315787
2024-652229,2024-12-26,2024,157000.0,Appartement,77.0,3.0,54000.0,6.173822,48.68887,2038.9610389610389
2024-652232,2024-12-31,2024,225000.0,Appartement,88.0,4.0,54000.0,6.158935,48.688284,2556.818181818182
2024-652267,2024-12-18,2024,99000.0,Appartement,44.0,2.0,54000.0,6.198774,48.678259,2250.0
2024-652270,2024-12-26,2024,178000.0,Appartement,69.0,3.0,54000.0,6.158935,48.688284,2579.710144927536
2024-652272,2024-12-30,2024,164575.0,Maison,75.0,3.0,54000.0,6.201903,48.684308,2194.3333333333335
2024-652275,2024-12-20,2024,139350.0,Appartement,72.0,4.0,54000.0,6.170787,48.691,1935.4166666666667
2024-652278,2024-12-19,2024,247000.0,Appartement,31.0,1.0,54000.0,6.179188,48.682578,7967.741935483871
2024-652280,2024-12-19,2024,105000.0,Appartement,58.0,3.0,54000.0,6.185939,48.688331,1810.344827586207
2024-652281,2024-12-27,2024,71250.0,Appartement,34.0,2.0,54000.0,6.179082,48.683575,2095.5882352941176
2024-652282,2024-12-19,2024,53500.0,Appartement,21.0,1.0,54000.0,6.19121,48.686081,2547.6190476190477
2024-652283,2024-12-23,2024,500000.0,Appartement,188.0,6.0,54000.0,6.182099,48.696192,2659.574468085106
2024-652296,2024-12-27,2024,90000.0,Appartement,39.0,1.0,54000.0,6.197782,48.67795,2307.6923076923076
2024-652306,2024-12-23,2024,361150.0,Appartement,132.0,6.0,54000.0,6.172866,48.686997,2735.9848484848485
2024-652323,2024-12-30,2024,147250.0,Appartement,50.0,2.0,54000.0,6.180062,48.706566,2945.0
2024-652326,2024-12-27,2024,59000.0,Appartement,18.0,1.0,54000.0,6.185939,48.688331,3277.777777777778
2024-652351,2024-12-19,2024,85000.0,Maison,141.0,6.0,54000.0,6.172577,48.703521,602.8368794326241
2024-652353,2024-12-20,2024,85000.0,Appartement,52.0,3.0,54000.0,6.172577,48.703521,1634.6153846153845
2024-652355,2024-12-20,2024,89000.0,Appartement,37.0,2.0,54000.0,6.189892,48.691189,2405.4054054054054
2024-652364,2024-12-30,2024,81150.0,Appartement,42.0,2.0,54000.0,6.201619,48.686386,1932.142857142857
2024-652377,2024-12-26,2024,306000.0,Appartement,92.0,4.0,54000.0,6.158935,48.688284,3326.086956521739
2024-652380,2024-12-30,2024,199570.0,Appartement,75.0,3.0,54000.0,6.160339,48.686271,2660.9333333333334
2024-652382,2024-12-31,2024,369050.0,Maison,82.0,3.0,54000.0,6.166891,48.692141,4500.609756097561
2024-652417,2024-12-27,2024,113000.0,Appartement,51.0,2.0,54000.0,6.197782,48.67795,2215.6862745098038
2024-652433,2024-12-17,2024,165000.0,Appartement,60.0,3.0,54000.0,6.178781,48.705936,2750.0
2024-652436,2024-12-31,2024,425000.0,Appartement,182.0,7.0,54000.0,6.171485,48.686586,2335.164835164835
2024-652447,2024-09-13,2024,130000.0,Appartement,53.0,2.0,54000.0,6.158673,48.689461,2452.830188679245
2024-652459,2024-01-24,2024,81500.0,Appartement,36.0,2.0,54000.0,6.18831,48.687675,2263.8888888888887
2024-652473,2024-08-30,2024,374000.0,Appartement,134.0,5.0,54000.0,6.168802,48.682128,2791.044776119403
2024-652484,2024-12-13,2024,381500.0,Appartement,31.0,1.0,54000.0,6.186731,48.69201,12306.451612903225
